"success","goal","duration","name_length","blurb_length","launch_hr","deadline_hr","created_at_hr","deadline_weekday","created_at_weekday","category","country","currency","launch_month","launch_weekday"
"FALSE",25,33.3090972222222,10,17,8,16,13,"Wednesday","Wednesday","Web","US","USD","Mar","Fri"
"FALSE",1500,30,3,12,17,17,3,"Wednesday","Saturday","Web","GB","GBP","Dec","Mon"
"FALSE",2000,60,3,8,15,15,20,"Saturday","Friday","Web","NZ","NZD","Jul","Tue"
"FALSE",85000,24,6,16,15,15,17,"Saturday","Saturday","Web","ES","EUR","Apr","Wed"
"FALSE",10000,30,4,13,12,12,21,"Wednesday","Thursday","Web","US","USD","Mar","Mon"
"FALSE",7000,30,4,14,21,21,5,"Sunday","Thursday","Web","AU","AUD","Nov","Fri"
"FALSE",180000,27.117037037037,3,9,15,18,16,"Monday","Friday","Web","US","USD","Mar","Tue"
"FALSE",5000,28.9647800925926,1,15,10,10,10,"Friday","Tuesday","Web","US","USD","Oct","Thu"
"FALSE",150000,60,3,14,21,21,21,"Tuesday","Tuesday","Web","US","USD","Mar","Fri"
"FALSE",5500,30,6,16,12,12,20,"Wednesday","Tuesday","Web","US","USD","Jul","Mon"
"FALSE",800,30,1,15,18,18,16,"Thursday","Monday","Web","US","USD","Jul","Tue"
"FALSE",5000,30,2,12,10,10,9,"Wednesday","Saturday","Web","US","USD","Jul","Mon"
"FALSE",25000,15,8,15,21,21,13,"Wednesday","Monday","Web","US","USD","May","Tue"
"FALSE",15000,30,8,14,10,10,12,"Saturday","Friday","Web","US","USD","May","Thu"
"FALSE",55000,45,6,11,16,16,7,"Thursday","Thursday","Web","AU","AUD","Oct","Mon"
"FALSE",8000,30,1,9,13,13,12,"Thursday","Sunday","Web","IT","EUR","Jan","Tue"
"FALSE",20000,30,1,12,16,16,22,"Sunday","Friday","Web","US","USD","Feb","Fri"
"FALSE",850000,30,1,9,19,19,11,"Saturday","Wednesday","Web","SE","SEK","Sep","Thu"
"FALSE",750000,30,3,14,16,16,15,"Sunday","Thursday","Web","US","USD","Oct","Fri"
"FALSE",350000,60,7,13,13,13,13,"Friday","Monday","Web","US","USD","Oct","Mon"
"FALSE",25000,30,2,15,7,7,9,"Sunday","Saturday","Gadgets","US","USD","Sep","Fri"
"FALSE",55000,30,5,10,19,19,15,"Friday","Tuesday","Gadgets","US","USD","Nov","Wed"
"FALSE",40000,35,5,14,1,1,6,"Wednesday","Friday","Gadgets","NL","EUR","Sep","Wed"
"FALSE",40000,56.9653125,10,17,2,1,4,"Wednesday","Thursday","Gadgets","US","USD","Oct","Tue"
"FALSE",30000,33.104849537037,9,13,23,2,8,"Tuesday","Monday","Gadgets","AU","AUD","Nov","Wed"
"FALSE",40000,29.3178819444444,1,15,13,21,14,"Monday","Monday","Gadgets","US","USD","Apr","Sun"
"FALSE",150000,30,7,14,9,9,12,"Saturday","Friday","Gadgets","US","USD","Jan","Thu"
"FALSE",350000,30,4,13,7,7,12,"Monday","Saturday","Gadgets","US","USD","Mar","Sat"
"FALSE",1e+05,30,5,11,2,2,18,"Thursday","Monday","Gadgets","US","USD","Oct","Tue"
"FALSE",1000,30,6,14,15,15,13,"Wednesday","Monday","Gadgets","GB","GBP","Feb","Mon"
"FALSE",10000,30,4,14,9,9,2,"Monday","Saturday","Gadgets","GB","GBP","Jun","Sat"
"FALSE",80000,60,3,9,23,23,11,"Friday","Friday","Gadgets","US","USD","Jul","Mon"
"FALSE",50000,60,10,15,11,11,0,"Monday","Friday","Gadgets","US","USD","Dec","Thu"
"FALSE",2500,30,3,12,16,16,14,"Saturday","Thursday","Gadgets","US","USD","Aug","Thu"
"FALSE",8000,30,7,16,2,2,22,"Wednesday","Sunday","Gadgets","US","USD","Feb","Mon"
"FALSE",35000,30,5,11,9,9,5,"Tuesday","Tuesday","Gadgets","NL","EUR","Apr","Sun"
"FALSE",10000,54.8149652777778,8,17,22,18,18,"Sunday","Thursday","Gadgets","US","USD","Feb","Mon"
"FALSE",40000,30,5,14,7,7,12,"Wednesday","Tuesday","Gadgets","US","USD","May","Mon"
"FALSE",45000,55,8,14,6,6,14,"Tuesday","Thursday","Gadgets","IT","EUR","Jul","Wed"
"FALSE",50000,30,4,13,18,18,3,"Friday","Friday","Gadgets","US","USD","Jul","Wed"
"TRUE",60000,40,7,20,13,13,7,"Tuesday","Monday","Gadgets","US","USD","Oct","Thu"
"TRUE",22500,35,5,15,18,18,6,"Sunday","Tuesday","Gadgets","SE","SEK","Dec","Sun"
"TRUE",50000,35,8,13,1,1,4,"Wednesday","Saturday","Gadgets","FR","EUR","May","Wed"
"TRUE",25000,40,3,16,10,10,11,"Sunday","Tuesday","Gadgets","US","USD","Aug","Tue"
"TRUE",80000,35,7,9,8,8,15,"Tuesday","Friday","Gadgets","US","USD","Apr","Tue"
"TRUE",78000,40,8,15,14,14,15,"Monday","Thursday","Gadgets","US","USD","Nov","Wed"
"TRUE",5e+05,60,8,10,5,5,4,"Friday","Monday","Gadgets","DK","DKK","Nov","Mon"
"TRUE",6000,30,6,14,5,5,10,"Sunday","Monday","Gadgets","GB","GBP","Feb","Fri"
"TRUE",1e+05,60,7,14,8,8,18,"Saturday","Sunday","Gadgets","US","USD","Mar","Tue"
"TRUE",20000,30,5,18,8,8,7,"Saturday","Friday","Gadgets","US","USD","Nov","Thu"
"TRUE",25000,26.6153240740741,8,15,9,0,14,"Monday","Wednesday","Gadgets","US","USD","Nov","Tue"
"TRUE",25000,30.3312847222222,9,17,10,17,8,"Wednesday","Thursday","Gadgets","GB","GBP","Nov","Mon"
"TRUE",2e+05,42,7,17,12,12,12,"Tuesday","Tuesday","Gadgets","US","USD","Feb","Tue"
"TRUE",20000,41.1657986111111,6,12,7,10,23,"Sunday","Sunday","Gadgets","US","USD","Jan","Mon"
"TRUE",15000,31.519525462963,7,17,10,22,19,"Friday","Saturday","Gadgets","US","USD","Sep","Tue"
"TRUE",7450,30,6,13,10,10,13,"Friday","Friday","Gadgets","US","USD","Jul","Wed"
"TRUE",20000,30,6,15,7,7,5,"Thursday","Saturday","Gadgets","GB","GBP","Nov","Tue"
"TRUE",1e+05,30,5,16,12,12,12,"Thursday","Sunday","Gadgets","NO","NOK","Sep","Tue"
"TRUE",80000,30,7,7,7,7,7,"Thursday","Thursday","Gadgets","US","USD","Jul","Tue"
"TRUE",50000,45,9,15,15,15,10,"Sunday","Saturday","Gadgets","US","USD","Sep","Thu"
"TRUE",50000,31,5,11,12,12,6,"Friday","Monday","Gadgets","IE","EUR","Nov","Tue"
"TRUE",50000,32.4990393518518,7,12,9,21,17,"Sunday","Monday","Gadgets","US","USD","Jun","Wed"
"TRUE",10000,30,7,15,8,8,16,"Sunday","Thursday","Gadgets","US","USD","Nov","Fri"
"TRUE",2e+05,33.54125,5,14,9,22,12,"Monday","Tuesday","Gadgets","US","USD","Nov","Wed"
"TRUE",30000,44.7059027777778,6,11,7,0,15,"Friday","Tuesday","Gadgets","US","USD","Feb","Tue"
"TRUE",55000,34.2471527777778,9,13,7,13,10,"Monday","Monday","Gadgets","US","USD","Jul","Tue"
"TRUE",10000,30,6,8,15,15,17,"Thursday","Saturday","Gadgets","US","USD","Oct","Tue"
"TRUE",25000,30,6,11,8,8,15,"Saturday","Sunday","Gadgets","US","USD","Sep","Thu"
"TRUE",20000,40,7,15,11,11,8,"Saturday","Thursday","Gadgets","NL","EUR","Jun","Mon"
"TRUE",20000,60,7,12,15,15,12,"Saturday","Thursday","Gadgets","US","USD","Nov","Tue"
"TRUE",10000,30,3,17,15,15,5,"Sunday","Wednesday","Gadgets","US","USD","Nov","Fri"
"TRUE",1000,22.0616898148148,6,18,17,19,0,"Thursday","Wednesday","Gadgets","US","USD","Oct","Wed"
"TRUE",50000,32,5,14,7,7,20,"Monday","Sunday","Gadgets","US","USD","Apr","Thu"
"TRUE",25000,30,5,11,23,23,12,"Tuesday","Monday","Gadgets","US","USD","Jan","Sun"
"TRUE",50000,30,3,12,11,11,11,"Thursday","Tuesday","Gadgets","US","USD","Nov","Tue"
"TRUE",40000,53.273900462963,2,13,4,11,10,"Saturday","Friday","Gadgets","DE","EUR","Dec","Tue"
"TRUE",15000,45,10,13,9,9,1,"Friday","Friday","Gadgets","IT","EUR","May","Tue"
"TRUE",80000,30,8,13,11,11,10,"Thursday","Thursday","Gadgets","US","USD","Aug","Tue"
"TRUE",10000,44.707974537037,5,17,6,23,10,"Wednesday","Monday","Gadgets","US","USD","Jun","Mon"
"TRUE",1e+05,30.3868402777778,8,15,4,13,7,"Thursday","Wednesday","Gadgets","CH","CHF","Sep","Tue"
"FALSE",5400,59,10,18,16,16,16,"Sunday","Saturday","Web","US","USD","Dec","Thu"
"FALSE",10000,58,5,16,10,10,22,"Saturday","Wednesday","Web","US","USD","Mar","Thu"
"FALSE",5000,30,2,16,15,15,13,"Saturday","Thursday","Web","DK","DKK","Nov","Thu"
"FALSE",35000,30,2,4,15,15,0,"Thursday","Monday","Web","US","USD","Sep","Tue"
"FALSE",20000,26.7285648148148,5,10,16,9,7,"Friday","Saturday","Web","IT","EUR","Oct","Sat"
"FALSE",15000,30,7,15,10,10,15,"Monday","Tuesday","Web","DE","EUR","Jun","Sat"
"FALSE",60000,40,1,18,10,10,4,"Sunday","Friday","Web","IT","EUR","Nov","Tue"
"FALSE",250,30,8,15,12,12,16,"Tuesday","Thursday","Web","GB","GBP","Feb","Sun"
"FALSE",25000,60,3,10,13,13,11,"Friday","Thursday","Web","US","USD","Apr","Mon"
"FALSE",7900,30.742650462963,4,13,16,10,10,"Monday","Thursday","Web","US","USD","Jul","Fri"
"FALSE",4000,14,7,11,17,17,21,"Wednesday","Monday","Web","AU","AUD","Mar","Wed"
"FALSE",500,30,4,13,14,14,13,"Wednesday","Saturday","Web","US","USD","Aug","Mon"
"FALSE",20000,30,4,10,11,11,17,"Wednesday","Friday","Web","US","USD","Mar","Mon"
"FALSE",1e+05,30,3,15,15,15,22,"Sunday","Thursday","Web","US","USD","Oct","Fri"
"FALSE",2e+05,60,2,13,11,11,19,"Saturday","Monday","Web","US","USD","May","Tue"
"FALSE",1e+06,30,1,12,12,12,11,"Wednesday","Saturday","Web","US","USD","Aug","Mon"
"FALSE",2500,30,6,13,18,18,7,"Wednesday","Sunday","Web","AU","AUD","Nov","Mon"
"FALSE",10000,59.2667939814815,2,12,23,5,4,"Monday","Saturday","Web","AU","AUD","Jan","Thu"
"FALSE",250000,30,3,20,14,14,17,"Saturday","Wednesday","Web","DE","EUR","Feb","Thu"
"FALSE",3000,30,7,12,19,19,19,"Saturday","Thursday","Web","US","USD","Jan","Thu"
"FALSE",10000,45,4,11,13,13,15,"Saturday","Thursday","Web","GB","GBP","Nov","Wed"
"FALSE",43000,30,3,7,0,0,11,"Monday","Wednesday","Web","US","USD","Aug","Sat"
"FALSE",1800,33.9977893518518,7,19,10,10,19,"Wednesday","Monday","Web","US","USD","Aug","Thu"
"FALSE",30000,30,2,17,17,17,19,"Wednesday","Friday","Web","US","USD","Mar","Mon"
"FALSE",6300,30,1,5,21,21,13,"Wednesday","Monday","Web","US","USD","Oct","Mon"
"FALSE",300,30,1,18,11,11,2,"Thursday","Wednesday","Web","FR","EUR","Apr","Tue"
"FALSE",20000,45,1,10,9,9,17,"Thursday","Friday","Web","US","USD","Oct","Mon"
"FALSE",5000,30,4,11,13,13,13,"Friday","Tuesday","Web","DK","DKK","Mar","Wed"
"FALSE",1e+05,40,7,17,12,12,4,"Sunday","Friday","Web","FR","EUR","Aug","Tue"
"FALSE",20000,21,1,7,17,17,19,"Thursday","Wednesday","Web","NZ","NZD","Mar","Thu"
"FALSE",2000,30,5,15,15,15,13,"Friday","Tuesday","Web","US","USD","Apr","Wed"
"FALSE",50000,30,8,16,17,17,16,"Saturday","Wednesday","Web","AU","AUD","Feb","Thu"
"FALSE",12000,30,7,14,14,14,9,"Saturday","Wednesday","Web","CA","CAD","Aug","Thu"
"FALSE",7500,5,3,7,13,13,17,"Saturday","Thursday","Web","IT","EUR","Dec","Mon"
"FALSE",2000,30,9,12,7,7,4,"Thursday","Friday","Web","BE","EUR","Nov","Tue"
"FALSE",400,45,4,15,7,7,7,"Friday","Saturday","Web","US","USD","Sep","Tue"
"FALSE",20000,60,1,8,13,13,21,"Friday","Wednesday","Web","AU","AUD","Nov","Mon"
"FALSE",9000,30,2,11,10,10,11,"Thursday","Tuesday","Web","US","USD","Dec","Tue"
"FALSE",1e+05,30,6,15,9,9,19,"Sunday","Thursday","Web","US","USD","Jul","Fri"
"FALSE",25000,60,1,12,13,13,16,"Friday","Monday","Web","US","USD","Feb","Mon"
"TRUE",15,15,4,5,19,19,10,"Wednesday","Saturday","Gadgets","US","USD","Nov","Tue"
"TRUE",5000,30,4,9,0,0,6,"Saturday","Friday","Gadgets","NZ","NZD","Nov","Thu"
"TRUE",30000,38.8599652777778,8,17,2,22,17,"Thursday","Thursday","Gadgets","US","USD","Feb","Mon"
"TRUE",20000,30,4,11,9,9,18,"Thursday","Friday","Gadgets","US","USD","Nov","Tue"
"TRUE",750,30,7,3,14,14,20,"Saturday","Monday","Gadgets","US","USD","Jun","Thu"
"TRUE",73000,31,7,6,10,10,15,"Friday","Wednesday","Gadgets","NZ","NZD","Nov","Tue"
"TRUE",30000,35,9,15,6,6,11,"Wednesday","Wednesday","Gadgets","US","USD","Jan","Wed"
"TRUE",10000,30,10,18,0,0,23,"Sunday","Tuesday","Gadgets","US","USD","Oct","Fri"
"TRUE",20000,60,5,11,12,12,11,"Friday","Monday","Gadgets","US","USD","Sep","Mon"
"TRUE",12000,35,6,14,10,10,15,"Monday","Monday","Gadgets","AT","EUR","Aug","Mon"
"TRUE",50000,49,9,11,13,13,18,"Tuesday","Thursday","Gadgets","US","USD","Mar","Tue"
"TRUE",200,21,5,10,10,10,15,"Monday","Friday","Gadgets","US","USD","Jan","Mon"
"TRUE",5000,39,8,19,16,16,9,"Tuesday","Monday","Gadgets","US","USD","Nov","Fri"
"TRUE",10000,60,6,15,12,12,14,"Saturday","Monday","Gadgets","US","USD","Nov","Tue"
"TRUE",20000,38.6276736111111,9,13,7,22,17,"Sunday","Monday","Gadgets","US","USD","Aug","Thu"
"TRUE",20000,50.4971296296296,9,17,11,22,16,"Friday","Thursday","Gadgets","CA","CAD","Nov","Thu"
"TRUE",1200,30,4,6,10,10,19,"Saturday","Monday","Gadgets","US","USD","Jul","Thu"
"TRUE",250,31.409525462963,6,16,9,19,5,"Friday","Friday","Gadgets","US","USD","Aug","Tue"
"TRUE",500,30,3,11,9,9,11,"Friday","Sunday","Gadgets","US","USD","Sep","Wed"
"TRUE",10000,44.4056134259259,6,11,12,22,9,"Thursday","Monday","Gadgets","US","USD","Aug","Tue"
"TRUE",15000,34.1941666666667,7,16,13,18,9,"Wednesday","Monday","Gadgets","US","USD","May","Thu"
"TRUE",1500,21,6,13,9,9,22,"Tuesday","Thursday","Gadgets","US","USD","Aug","Tue"
"TRUE",25000,30,1,13,14,14,18,"Friday","Thursday","Gadgets","US","USD","Feb","Wed"
"TRUE",5000,30,7,15,11,11,0,"Wednesday","Friday","Gadgets","US","USD","Oct","Mon"
"TRUE",10000,31.2401967592593,9,19,20,1,20,"Tuesday","Tuesday","Gadgets","US","USD","Jul","Fri"
"TRUE",10000,15,9,17,19,19,22,"Wednesday","Thursday","Gadgets","US","USD","Dec","Tue"
"TRUE",2400,30,8,15,0,0,1,"Wednesday","Sunday","Gadgets","US","USD","Aug","Mon"
"TRUE",24000,38.4467824074074,7,17,12,22,19,"Saturday","Sunday","Gadgets","US","USD","Aug","Wed"
"TRUE",10000,39,8,17,14,14,12,"Saturday","Tuesday","Gadgets","US","USD","May","Tue"
"TRUE",10000,30.1174074074074,11,17,13,16,12,"Friday","Saturday","Gadgets","US","USD","Jul","Wed"
"TRUE",200,14,9,15,10,10,11,"Monday","Saturday","Gadgets","GB","GBP","Nov","Mon"
"TRUE",5000,15,2,12,16,16,22,"Wednesday","Thursday","Gadgets","US","USD","Oct","Tue"
"TRUE",40000,20,7,7,6,6,23,"Monday","Tuesday","Gadgets","US","USD","Oct","Tue"
"TRUE",25000,60,9,15,20,20,16,"Friday","Thursday","Gadgets","US","USD","Oct","Mon"
"TRUE",7500,30,7,17,9,9,12,"Friday","Monday","Gadgets","US","USD","Jun","Wed"
"TRUE",5000,30,8,13,9,9,10,"Wednesday","Monday","Gadgets","FR","EUR","Aug","Mon"
"TRUE",600,30,6,13,11,11,2,"Wednesday","Saturday","Gadgets","US","USD","Sep","Mon"
"TRUE",30000,35,8,17,9,9,20,"Tuesday","Monday","Gadgets","US","USD","Nov","Tue"
"TRUE",6000,30,6,14,10,10,3,"Friday","Monday","Gadgets","IE","EUR","Nov","Wed"
"TRUE",15000,30,8,11,10,10,13,"Thursday","Saturday","Gadgets","US","USD","Oct","Tue"
"FALSE",5000,60,1,12,17,17,19,"Monday","Tuesday","Web","ES","EUR","Dec","Thu"
"FALSE",60000,22,9,13,12,12,17,"Monday","Friday","Web","US","USD","Jun","Sun"
"FALSE",7000,30,1,15,10,10,10,"Monday","Thursday","Web","US","USD","Jul","Sat"
"FALSE",7000,30.9681828703704,3,11,15,14,14,"Tuesday","Thursday","Web","US","USD","Jul","Sat"
"FALSE",2852666,30,4,17,15,15,12,"Wednesday","Sunday","Web","US","USD","Jul","Mon"
"FALSE",3000,30,2,11,17,17,7,"Thursday","Monday","Web","GB","GBP","Jul","Tue"
"FALSE",750,30,2,18,14,14,10,"Wednesday","Thursday","Web","CH","CHF","Mar","Mon"
"FALSE",1000,30,4,14,22,22,22,"Wednesday","Monday","Web","US","USD","Jun","Mon"
"FALSE",65000,60,5,15,20,20,11,"Tuesday","Friday","Web","US","USD","Jul","Fri"
"FALSE",15000,30,5,13,14,14,14,"Friday","Thursday","Web","US","USD","Jul","Wed"
"FALSE",15000,35,3,17,11,11,1,"Tuesday","Thursday","Web","US","USD","Jul","Tue"
"FALSE",3500,30,9,14,17,17,15,"Friday","Friday","Web","US","USD","Jul","Wed"
"FALSE",5000,18.0668402777778,3,14,7,9,9,"Sunday","Sunday","Web","CA","CAD","Jan","Wed"
"FALSE",1000,30,3,8,1,1,1,"Tuesday","Sunday","Web","US","USD","Apr","Sun"
"FALSE",2000,30,7,14,3,3,10,"Sunday","Tuesday","Web","GB","GBP","Aug","Fri"
"FALSE",1e+05,30,8,14,12,12,21,"Thursday","Sunday","Web","US","USD","Feb","Tue"
"FALSE",35000,35,7,14,17,17,14,"Friday","Tuesday","Web","US","USD","Jun","Fri"
"FALSE",30000,30,8,12,13,13,11,"Sunday","Wednesday","Web","CA","CAD","Jul","Fri"
"FALSE",8000,30,6,10,2,2,9,"Saturday","Friday","Web","GB","GBP","Mar","Thu"
"FALSE",431000,35,7,15,15,15,16,"Wednesday","Tuesday","Web","US","USD","Jul","Wed"
"FALSE",30000,35.2448958333333,2,13,17,22,19,"Friday","Saturday","Web","US","USD","Nov","Fri"
"FALSE",100,25.0351851851852,6,13,21,22,7,"Sunday","Saturday","Web","US","USD","Nov","Wed"
"FALSE",2500,30,4,21,21,21,10,"Saturday","Wednesday","Web","US","USD","Aug","Thu"
"FALSE",5000,45,5,11,13,13,2,"Sunday","Sunday","Web","US","USD","Sep","Thu"
"FALSE",100,30,3,14,18,18,22,"Monday","Tuesday","Web","US","USD","Sep","Sat"
"FALSE",48000,60,10,13,7,7,8,"Wednesday","Wednesday","Web","US","USD","Dec","Sat"
"FALSE",20000,30,2,10,13,13,11,"Sunday","Friday","Web","US","USD","Sep","Fri"
"FALSE",15000,60,5,14,17,17,4,"Saturday","Saturday","Web","US","USD","Jun","Tue"
"FALSE",25000,45,6,12,13,13,18,"Sunday","Monday","Web","US","USD","Feb","Thu"
"FALSE",2200000,60,6,10,16,16,17,"Sunday","Sunday","Web","AU","AUD","Sep","Wed"
"FALSE",800,30,5,13,20,20,23,"Friday","Wednesday","Web","CA","CAD","Jan","Wed"
"FALSE",15000,30,2,5,15,15,20,"Thursday","Monday","Web","US","USD","Oct","Tue"
"FALSE",1e+05,60,1,14,16,16,12,"Thursday","Saturday","Web","US","USD","Jun","Sun"
"FALSE",250000,30,2,13,15,15,19,"Sunday","Thursday","Web","CA","CAD","Nov","Fri"
"FALSE",2500,17.9891666666667,2,13,17,17,18,"Saturday","Sunday","Web","US","USD","Jan","Tue"
"FALSE",75000,60,2,14,10,10,16,"Friday","Friday","Web","US","USD","Jun","Mon"
"FALSE",25000,30,2,12,6,6,10,"Friday","Monday","Web","GB","GBP","Mar","Wed"
"FALSE",50000,15,2,11,18,18,21,"Saturday","Thursday","Web","US","USD","Jan","Fri"
"FALSE",10000,30,6,14,9,9,10,"Sunday","Monday","Web","GB","GBP","Apr","Fri"
"FALSE",75000,35,6,9,14,14,13,"Thursday","Wednesday","Web","US","USD","Apr","Thu"
"FALSE",1e+05,30,3,11,20,20,9,"Friday","Sunday","Web","US","USD","Jan","Wed"
"FALSE",10000,45,3,13,16,16,13,"Tuesday","Monday","Web","GB","GBP","Oct","Sat"
"FALSE",15000,45.9186111111111,4,13,16,14,14,"Saturday","Tuesday","Web","US","USD","Sep","Tue"
"FALSE",20000,60,1,16,15,15,10,"Friday","Friday","Web","AU","AUD","Jul","Mon"
"FALSE",5000,30,3,13,19,19,11,"Monday","Wednesday","Web","US","USD","Jul","Sat"
"FALSE",16000,30,7,11,11,11,16,"Saturday","Wednesday","Web","US","USD","Jan","Thu"
"FALSE",55000,60,5,13,15,15,0,"Friday","Tuesday","Web","DE","EUR","Jan","Mon"
"FALSE",27000,30,5,14,18,18,9,"Friday","Friday","Web","US","USD","Jun","Wed"
"FALSE",3500,35,3,9,11,11,10,"Monday","Saturday","Web","US","USD","Aug","Mon"
"FALSE",80000,35.8722685185185,3,13,17,14,14,"Wednesday","Thursday","Web","US","USD","Jul","Tue"
"FALSE",90000,30,1,5,14,14,8,"Thursday","Monday","Web","US","USD","Oct","Tue"
"FALSE",20000,30,5,14,13,13,14,"Thursday","Friday","Web","US","USD","Jun","Tue"
"FALSE",500,30,4,7,1,1,2,"Friday","Sunday","Web","US","USD","Nov","Wed"
"FALSE",5000,30,1,13,16,16,20,"Thursday","Thursday","Web","US","USD","Aug","Tue"
"FALSE",50000,26,2,15,10,10,23,"Wednesday","Wednesday","Web","US","USD","Aug","Fri"
"FALSE",1700,30,1,11,2,2,3,"Friday","Thursday","Web","FR","EUR","Jun","Wed"
"FALSE",50000,30,1,9,17,17,5,"Wednesday","Sunday","Web","AU","AUD","May","Mon"
"FALSE",53000,49.2175115740741,1,7,10,16,11,"Monday","Monday","Web","GB","GBP","Jan","Mon"
"FALSE",44000,34.1038194444444,5,14,20,22,21,"Monday","Wednesday","Web","US","USD","Sep","Tue"
"FALSE",6000,30,3,11,14,14,7,"Sunday","Wednesday","Web","GB","GBP","Oct","Fri"
"FALSE",8888,59.9997569444444,7,14,14,14,23,"Sunday","Tuesday","Web","US","USD","Jun","Wed"
"FALSE",4750,30,7,12,16,16,23,"Saturday","Wednesday","Web","US","USD","Jul","Thu"
"FALSE",8000,30,6,12,14,14,5,"Sunday","Friday","Web","AU","AUD","Apr","Fri"
"FALSE",7500,30.3871527777778,6,17,13,22,17,"Thursday","Monday","Web","US","USD","Dec","Tue"
"FALSE",4000,5,4,6,11,11,5,"Sunday","Sunday","Web","GB","GBP","Mar","Tue"
"FALSE",20000,45,8,18,13,13,22,"Thursday","Tuesday","Web","US","USD","May","Mon"
"FALSE",2500,30,3,15,16,16,22,"Friday","Saturday","Web","US","USD","Dec","Wed"
"FALSE",70000,56.035150462963,5,12,9,10,11,"Wednesday","Friday","Web","IT","EUR","Mar","Wed"
"FALSE",50000,59.7490740740741,3,13,5,22,5,"Sunday","Thursday","Web","US","USD","Dec","Thu"
"FALSE",90000,60,1,14,15,15,14,"Thursday","Monday","Web","US","USD","Feb","Sun"
"FALSE",10000,30,3,15,8,8,22,"Wednesday","Tuesday","Web","US","USD","Aug","Mon"
"FALSE",110000,30,3,15,18,18,19,"Wednesday","Tuesday","Web","AU","AUD","Jun","Mon"
"FALSE",3500,30,6,11,18,18,13,"Saturday","Monday","Web","US","USD","Nov","Thu"
"FALSE",3e+06,35.9469791666667,3,9,8,7,8,"Thursday","Wednesday","Web","NO","NOK","May","Wed"
"FALSE",9000,20,3,14,1,1,8,"Wednesday","Sunday","Web","DE","EUR","Dec","Thu"
"FALSE",15000,30,3,7,21,21,0,"Friday","Monday","Web","AU","AUD","Jan","Wed"
"FALSE",50000,30,1,4,14,14,14,"Saturday","Wednesday","Web","US","USD","Sep","Thu"
"FALSE",200,30,4,11,13,13,20,"Friday","Monday","Web","US","USD","Feb","Wed"
"FALSE",50000,25,7,13,17,17,23,"Sunday","Sunday","Web","US","USD","May","Wed"
"FALSE",1e+05,30.1077546296296,2,16,10,13,15,"Wednesday","Wednesday","Web","CA","CAD","Nov","Mon"
"FALSE",1250,30,4,14,17,17,15,"Saturday","Thursday","Plays","US","USD","Feb","Thu"
"FALSE",7000,39.9989699074074,7,15,14,14,11,"Sunday","Wednesday","Plays","US","USD","Jul","Tue"
"FALSE",8000,60,2,6,9,9,14,"Saturday","Sunday","Plays","US","USD","Mar","Tue"
"FALSE",1250,30,4,12,20,20,13,"Friday","Tuesday","Plays","US","USD","Aug","Wed"
"FALSE",2000,30,5,11,8,8,21,"Sunday","Monday","Plays","US","USD","Jan","Fri"
"FALSE",500,30,3,7,22,22,21,"Tuesday","Sunday","Plays","US","USD","Sep","Sun"
"FALSE",3000,60,3,15,14,14,16,"Monday","Wednesday","Plays","US","USD","Aug","Thu"
"FALSE",30000,25,4,15,12,12,6,"Tuesday","Saturday","Plays","US","USD","Jan","Fri"
"FALSE",2000,28.9131828703704,8,15,13,11,8,"Tuesday","Wednesday","Plays","US","USD","Jul","Mon"
"FALSE",1000,30,5,17,18,18,18,"Wednesday","Saturday","Plays","GB","GBP","Jun","Mon"
"FALSE",1930,40,8,14,11,11,15,"Tuesday","Saturday","Plays","GB","GBP","Jul","Thu"
"FALSE",7200,17,4,12,13,13,17,"Sunday","Sunday","Plays","US","USD","Oct","Thu"
"FALSE",250,30,4,14,7,7,5,"Wednesday","Monday","Plays","GB","GBP","Dec","Mon"
"FALSE",575,30,3,28,8,8,6,"Saturday","Thursday","Plays","GB","GBP","Apr","Thu"
"FALSE",2000,30,5,13,1,1,19,"Monday","Friday","Plays","US","USD","Jan","Sat"
"FALSE",9000,15,2,16,23,23,0,"Friday","Thursday","Plays","US","USD","Feb","Thu"
"FALSE",7000,30,4,20,13,13,13,"Sunday","Friday","Plays","US","USD","Jun","Fri"
"FALSE",500,30,2,15,15,15,14,"Wednesday","Monday","Plays","GB","GBP","Aug","Mon"
"FALSE",10000,30,6,16,11,11,12,"Thursday","Wednesday","Plays","US","USD","Aug","Tue"
"FALSE",1500,30,3,8,16,16,8,"Friday","Wednesday","Plays","GB","GBP","Sep","Wed"
"FALSE",3500,58.0518981481481,4,19,10,11,11,"Friday","Tuesday","Plays","US","USD","Feb","Wed"
"FALSE",600,30,3,17,22,22,20,"Monday","Saturday","Plays","US","USD","Feb","Sat"
"FALSE",15000,60,2,12,16,16,12,"Sunday","Wednesday","Plays","US","USD","Aug","Wed"
"FALSE",18000,45.536724537037,6,9,8,20,8,"Saturday","Thursday","Plays","US","USD","Dec","Wed"
"FALSE",7000,45,3,12,17,17,16,"Thursday","Monday","Plays","US","USD","Feb","Mon"
"FALSE",800,30,7,13,11,11,18,"Monday","Monday","Plays","US","USD","Aug","Sat"
"FALSE",5000,60,6,20,0,0,13,"Sunday","Tuesday","Plays","FR","EUR","May","Wed"
"FALSE",4000,60,5,12,10,10,17,"Friday","Sunday","Plays","US","USD","Oct","Mon"
"FALSE",2000,30,6,15,17,17,0,"Thursday","Thursday","Plays","US","USD","May","Tue"
"FALSE",20000,30,3,12,18,18,8,"Sunday","Thursday","Plays","US","USD","Nov","Fri"
"FALSE",2500,29.1289467592593,5,13,9,12,12,"Wednesday","Monday","Plays","US","USD","Jan","Tue"
"FALSE",5000,50,9,14,9,9,11,"Thursday","Thursday","Plays","US","USD","Oct","Wed"
"FALSE",6048,60,7,14,14,14,17,"Tuesday","Tuesday","Plays","US","USD","Oct","Fri"
"FALSE",23900,31.1062037037037,7,16,1,4,4,"Sunday","Friday","Plays","GB","GBP","Sep","Thu"
"FALSE",13500,30,6,16,16,16,20,"Friday","Monday","Plays","US","USD","Mar","Wed"
"FALSE",10000,30,3,7,16,16,10,"Tuesday","Friday","Plays","US","USD","Sep","Sun"
"FALSE",6000,17.0004166666667,4,16,17,17,22,"Tuesday","Sunday","Plays","US","USD","Jun","Sat"
"FALSE",700,17.5299189814815,4,13,20,9,6,"Tuesday","Sunday","Plays","US","USD","May","Fri"
"FALSE",2500,60,7,14,14,14,0,"Friday","Sunday","Plays","US","USD","Aug","Mon"
"FALSE",500,33.536724537037,6,11,11,23,21,"Monday","Sunday","Plays","US","USD","Oct","Wed"
"FALSE",5000,59.9995601851852,3,8,12,12,7,"Sunday","Sunday","Plays","GB","GBP","Feb","Wed"
"FALSE",10000,30,5,14,17,17,12,"Wednesday","Sunday","Plays","US","USD","Mar","Mon"
"FALSE",5e+06,25,3,17,11,11,14,"Monday","Sunday","Plays","US","USD","Mar","Thu"
"FALSE",750,29.9916435185185,4,14,16,16,16,"Thursday","Tuesday","Plays","US","USD","Nov","Tue"
"FALSE",1000,60,1,7,5,5,0,"Saturday","Monday","Plays","GB","GBP","Jul","Tue"
"FALSE",1666,45,1,14,2,2,15,"Monday","Thursday","Plays","US","USD","Jul","Fri"
"FALSE",2500,30,5,15,14,14,15,"Friday","Tuesday","Plays","US","USD","May","Wed"
"FALSE",5000,30,4,18,10,10,17,"Friday","Monday","Plays","US","USD","Jan","Wed"
"FALSE",15000,38.2371296296296,3,15,16,22,12,"Friday","Sunday","Plays","CA","CAD","Jun","Tue"
"FALSE",1000,27.9826736111111,5,6,23,22,15,"Thursday","Tuesday","Plays","US","USD","May","Thu"
"FALSE",5000,36.4994560185185,2,12,14,2,15,"Saturday","Wednesday","Plays","US","USD","Apr","Thu"
"FALSE",30000,30,4,14,12,12,23,"Thursday","Saturday","Plays","GB","GBP","Feb","Tue"
"FALSE",500,54.1800694444444,2,11,11,15,15,"Saturday","Tuesday","Plays","US","USD","Dec","Mon"
"FALSE",600,30,1,3,11,11,18,"Thursday","Friday","Plays","US","USD","May","Tue"
"FALSE",5000,15.3342592592593,3,22,14,23,21,"Monday","Saturday","Plays","US","USD","Apr","Sun"
"FALSE",15000,26.2739236111111,7,1,10,17,19,"Sunday","Thursday","Plays","US","USD","Feb","Tue"
"FALSE",8000,60,10,14,21,21,23,"Sunday","Thursday","Plays","US","USD","Mar","Wed"
"FALSE",30000,30,2,8,10,10,2,"Saturday","Thursday","Plays","US","USD","Feb","Thu"
"FALSE",20000,30,5,16,20,20,13,"Thursday","Friday","Plays","US","USD","Sep","Tue"
"FALSE",3e+05,60,6,13,8,8,15,"Thursday","Sunday","Musical","US","USD","Jan","Sun"
"FALSE",5000,10.1591087962963,3,13,1,5,10,"Monday","Saturday","Musical","GB","GBP","Mar","Fri"
"FALSE",3000,30,8,14,22,22,13,"Sunday","Saturday","Musical","US","USD","Apr","Fri"
"FALSE",500,60,2,13,15,15,14,"Friday","Monday","Musical","US","USD","Jun","Mon"
"FALSE",500,30,2,10,6,6,8,"Sunday","Thursday","Musical","GB","GBP","Oct","Fri"
"FALSE",10,60,5,14,12,12,15,"Monday","Wednesday","Musical","US","USD","Aug","Thu"
"FALSE",25000,30,7,16,20,20,19,"Saturday","Tuesday","Musical","US","USD","May","Thu"
"TRUE",500,5.42950231481481,7,19,12,23,16,"Saturday","Tuesday","Musical","US","USD","May","Mon"
"TRUE",330,19.3521412037037,4,15,7,16,14,"Thursday","Tuesday","Musical","GB","GBP","Dec","Sat"
"TRUE",5500,28.9969444444444,6,17,23,23,17,"Friday","Thursday","Musical","US","USD","Apr","Thu"
"TRUE",5500,14.2200231481481,7,8,13,19,1,"Monday","Thursday","Musical","US","USD","Sep","Mon"
"TRUE",2500,30,6,15,5,5,14,"Wednesday","Tuesday","Musical","GB","GBP","Mar","Mon"
"TRUE",5000,30,5,15,5,5,12,"Thursday","Thursday","Musical","US","USD","May","Tue"
"TRUE",15000,21,10,19,19,19,15,"Sunday","Sunday","Musical","US","USD","Sep","Sun"
"TRUE",12000,20.5853356481481,10,15,11,1,21,"Tuesday","Wednesday","Musical","US","USD","Nov","Tue"
"TRUE",50,17.9523958333333,4,16,11,10,15,"Thursday","Sunday","Musical","US","USD","Sep","Sun"
"TRUE",2000,21,5,16,17,17,20,"Sunday","Monday","Musical","US","USD","May","Sun"
"TRUE",6000,21,4,11,12,12,14,"Tuesday","Monday","Musical","US","USD","May","Tue"
"TRUE",6000,26.3905439814815,8,13,13,22,9,"Monday","Saturday","Musical","US","USD","May","Wed"
"TRUE",5000,32.0020486111111,8,17,6,7,8,"Friday","Wednesday","Musical","GB","GBP","May","Mon"
"TRUE",1500,30,7,15,12,12,15,"Friday","Tuesday","Musical","US","USD","Oct","Wed"
"TRUE",2500,30,6,15,11,11,16,"Thursday","Sunday","Musical","US","USD","Oct","Tue"
"TRUE",20,20.9952083333333,10,14,20,20,21,"Saturday","Sunday","Musical","US","USD","Aug","Sat"
"TRUE",2500,30,3,17,13,13,0,"Thursday","Friday","Musical","US","USD","Oct","Tue"
"TRUE",4000,30,4,6,15,15,10,"Wednesday","Monday","Musical","US","USD","Feb","Mon"
"TRUE",3000,30,6,18,22,22,22,"Tuesday","Monday","Musical","US","USD","Feb","Sun"
"TRUE",3000,30,7,14,14,14,10,"Saturday","Tuesday","Musical","US","USD","May","Thu"
"TRUE",20000,40,9,13,18,18,14,"Thursday","Friday","Plays","US","USD","Sep","Sat"
"TRUE",4000,9.42008101851852,2,9,13,0,14,"Saturday","Thursday","Plays","US","USD","Jul","Wed"
"TRUE",5000,30,2,8,15,15,22,"Monday","Tuesday","Plays","US","USD","Jun","Sat"
"TRUE",1500,42.8916550925926,4,10,19,17,16,"Wednesday","Monday","Plays","US","USD","Dec","Tue"
"TRUE",4500,22.9427430555556,3,12,1,23,23,"Tuesday","Thursday","Plays","US","USD","Jul","Mon"
"TRUE",2000,30,1,15,7,7,9,"Wednesday","Tuesday","Plays","GB","GBP","Sep","Mon"
"TRUE",4000,27.3974305555556,3,15,11,21,12,"Sunday","Wednesday","Plays","US","USD","Jun","Mon"
"TRUE",13000,30,6,13,13,13,11,"Sunday","Saturday","Plays","US","USD","May","Fri"
"TRUE",2500,33,8,13,14,14,21,"Monday","Sunday","Plays","US","USD","May","Wed"
"TRUE",750,22.006712962963,3,16,22,22,8,"Monday","Sunday","Plays","US","USD","Apr","Sun"
"TRUE",35000,28.5993865740741,6,16,11,1,16,"Wednesday","Thursday","Plays","US","USD","Oct","Tue"
"TRUE",3000,14,6,6,23,23,11,"Friday","Saturday","Plays","US","USD","Jul","Fri"
"TRUE",2500,31.8107291666667,1,15,21,17,18,"Friday","Sunday","Plays","US","USD","May","Mon"
"TRUE",8000,29.4696643518519,2,9,11,22,17,"Thursday","Tuesday","Plays","US","USD","Nov","Wed"
"TRUE",2000,33.0862962962963,6,9,20,23,7,"Tuesday","Thursday","Plays","US","USD","May","Thu"
"TRUE",7000,30,6,15,9,9,11,"Friday","Friday","Plays","GB","GBP","Apr","Wed"
"TRUE",2000,30,7,16,11,11,0,"Tuesday","Sunday","Plays","US","USD","Jan","Sun"
"TRUE",10000,30,5,18,16,16,3,"Friday","Monday","Plays","US","USD","Aug","Wed"
"TRUE",3000,14,3,14,15,15,20,"Monday","Saturday","Plays","US","USD","Aug","Mon"
"TRUE",5000,60,3,18,15,15,11,"Thursday","Friday","Plays","US","USD","Dec","Sun"
"TRUE",1900,26.6940856481481,4,13,17,10,16,"Sunday","Sunday","Plays","US","USD","Jul","Mon"
"TRUE",2500,30,10,17,11,11,1,"Saturday","Tuesday","Plays","US","USD","May","Thu"
"TRUE",1500,30,4,16,9,9,4,"Wednesday","Thursday","Plays","GB","GBP","Jun","Mon"
"TRUE",4200,25,3,10,11,11,21,"Monday","Thursday","Plays","US","USD","Apr","Thu"
"TRUE",1200,30,5,12,4,4,15,"Friday","Friday","Plays","GB","GBP","May","Wed"
"TRUE",500,26.3566319444444,2,15,2,11,2,"Sunday","Thursday","Plays","GB","GBP","May","Tue"
"TRUE",7000,55.7590162037037,4,14,16,11,0,"Tuesday","Thursday","Plays","US","USD","Dec","Tue"
"TRUE",2500,18,4,12,14,14,10,"Friday","Tuesday","Plays","US","USD","Aug","Mon"
"TRUE",4300,30,3,11,18,18,13,"Tuesday","Friday","Plays","US","USD","Jun","Sun"
"TRUE",1000,7,6,15,18,18,17,"Wednesday","Wednesday","Plays","GB","GBP","Jul","Wed"
"TRUE",3200,29.9509490740741,1,15,17,16,9,"Tuesday","Saturday","Plays","GB","GBP","Aug","Sun"
"TRUE",15000,20,9,15,10,10,20,"Monday","Tuesday","Plays","US","USD","Jul","Tue"
"TRUE",5000,21,8,14,9,9,21,"Monday","Sunday","Plays","US","USD","Jul","Mon"
"TRUE",9500,32.321087962963,8,15,10,18,16,"Friday","Sunday","Plays","US","USD","May","Mon"
"TRUE",3000,47.2294097222222,5,16,17,22,10,"Thursday","Sunday","Plays","US","USD","Apr","Sat"
"TRUE",23000,31.4967592592593,5,18,9,21,14,"Thursday","Tuesday","Plays","US","USD","Jul","Mon"
"TRUE",4000,30,2,11,14,14,17,"Friday","Thursday","Plays","US","USD","Jul","Wed"
"TRUE",1800,21.5013425925926,8,9,10,23,13,"Tuesday","Thursday","Plays","US","USD","Sep","Tue"
"TRUE",1250,24.0659722222222,2,15,18,20,15,"Thursday","Sunday","Plays","US","USD","Nov","Mon"
"TRUE",3500,89.8610763888889,10,13,1,22,3,"Monday","Friday","Plays","US","USD","Oct","Wed"
"TRUE",3500,30,6,12,15,15,15,"Wednesday","Tuesday","Plays","US","USD","Aug","Mon"
"TRUE",2200,30,4,13,15,15,14,"Saturday","Monday","Plays","GB","GBP","Oct","Thu"
"TRUE",3000,31.053275462963,2,12,22,23,20,"Saturday","Wednesday","Plays","US","USD","Mar","Wed"
"TRUE",7000,30,5,13,15,15,17,"Sunday","Tuesday","Plays","US","USD","Mar","Fri"
"TRUE",5000,30,6,13,5,5,13,"Thursday","Monday","Plays","GB","GBP","Nov","Tue"
"TRUE",5500,35,6,13,17,17,15,"Friday","Saturday","Plays","US","USD","Apr","Fri"
"TRUE",35000,37.5007986111111,4,21,10,22,9,"Wednesday","Thursday","Plays","US","USD","Aug","Mon"
"TRUE",2000,31.1415393518519,1,15,6,9,8,"Saturday","Tuesday","Plays","GB","GBP","Jun","Wed"
"TRUE",4500,30,6,11,8,8,12,"Friday","Monday","Plays","US","USD","Oct","Wed"
"TRUE",12000,32.9978472222222,6,18,18,18,8,"Tuesday","Tuesday","Plays","GB","GBP","Nov","Thu"
"TRUE",20000,35,8,8,17,17,14,"Sunday","Sunday","Plays","US","USD","Feb","Sun"
"TRUE",4000,35,4,18,11,11,10,"Sunday","Friday","Plays","GB","GBP","May","Sun"
"TRUE",2500,31.3129976851852,5,9,8,16,20,"Saturday","Thursday","Plays","US","USD","Sep","Wed"
"TRUE",3100,30,6,8,15,15,17,"Thursday","Monday","Plays","US","USD","Jul","Tue"
"TRUE",30000,47.3574884259259,4,12,14,23,15,"Monday","Monday","Plays","US","USD","Nov","Wed"
"TRUE",10000,30,6,14,7,7,22,"Friday","Wednesday","Plays","US","USD","Oct","Wed"
"TRUE",6000,40,6,17,13,13,14,"Sunday","Monday","Plays","GB","GBP","Jun","Tue"
"TRUE",12000,37.2040162037037,7,14,13,17,16,"Tuesday","Sunday","Plays","GB","GBP","Nov","Sun"
"TRUE",20000,30,3,15,16,16,22,"Wednesday","Thursday","Plays","US","USD","Nov","Mon"
"TRUE",35000,23.6916203703704,9,8,6,22,13,"Monday","Wednesday","Plays","US","USD","Sep","Sat"
"TRUE",2800,30,8,19,7,7,7,"Wednesday","Friday","Plays","GB","GBP","Jun","Mon"
"TRUE",5862,24.9102662037037,7,16,21,18,14,"Sunday","Wednesday","Plays","GB","GBP","Sep","Wed"
"TRUE",8500,32.966087962963,3,17,2,1,21,"Tuesday","Saturday","Plays","US","USD","Sep","Thu"
"TRUE",10000,30,7,9,13,13,10,"Friday","Saturday","Plays","US","USD","Aug","Wed"
"TRUE",8000,23.9032175925926,4,15,21,19,11,"Thursday","Tuesday","Plays","US","USD","Sep","Mon"
"TRUE",1600,30,2,14,11,11,7,"Thursday","Tuesday","Plays","GB","GBP","Nov","Tue"
"TRUE",21000,31.483125,6,13,9,21,18,"Thursday","Monday","Plays","US","USD","May","Mon"
"TRUE",10000,28.69375,3,15,6,22,11,"Friday","Sunday","Plays","US","USD","Aug","Fri"
"TRUE",2500,30,7,18,5,5,16,"Sunday","Wednesday","Plays","GB","GBP","Jun","Fri"
"TRUE",12000,30,5,7,15,15,18,"Saturday","Saturday","Plays","US","USD","Mar","Thu"
"TRUE",5500,30,9,16,12,12,21,"Saturday","Monday","Plays","US","USD","May","Thu"
"TRUE",25000,30,5,20,12,12,22,"Wednesday","Sunday","Plays","US","USD","Oct","Mon"
"TRUE",1500,30,3,16,12,12,11,"Sunday","Tuesday","Plays","US","USD","May","Fri"
"TRUE",500,21,6,15,20,20,7,"Monday","Friday","Plays","GB","GBP","Jun","Mon"
"TRUE",2250,30,2,8,6,6,3,"Wednesday","Tuesday","Plays","GB","GBP","Aug","Mon"
"TRUE",20000,18.579537037037,5,10,8,22,8,"Wednesday","Monday","Plays","US","USD","Aug","Sat"
"TRUE",13000,30,9,17,20,20,21,"Wednesday","Tuesday","Plays","GB","GBP","Feb","Mon"
"TRUE",300,30,2,15,13,13,8,"Tuesday","Sunday","Plays","GB","GBP","Sep","Sun"
"TRUE",10000,21.5921643518519,7,12,8,22,8,"Wednesday","Tuesday","Plays","US","USD","May","Wed"
"TRUE",3000,36.6806597222222,6,18,9,2,21,"Tuesday","Sunday","Plays","US","USD","Mar","Sun"
"TRUE",7000,30,3,14,15,15,9,"Thursday","Tuesday","Plays","US","USD","Dec","Tue"
"TRUE",23000,29.4050347222222,4,17,13,22,13,"Friday","Tuesday","Plays","US","USD","Sep","Thu"
"TRUE",5000,35,6,12,11,11,12,"Monday","Thursday","Plays","US","USD","Oct","Mon"
"TRUE",3300,30,6,12,12,12,8,"Thursday","Monday","Plays","US","USD","Jun","Tue"
"TRUE",12200,30.8511342592593,7,7,1,22,2,"Sunday","Wednesday","Plays","US","USD","Nov","Fri"
"TRUE",2500,23.3589351851852,7,7,7,16,12,"Friday","Saturday","Plays","US","USD","Oct","Wed"
"TRUE",2500,16.1164583333333,4,12,13,16,13,"Wednesday","Saturday","Plays","US","USD","Jan","Mon"
"TRUE",2700,29.9963541666667,6,9,11,11,10,"Thursday","Friday","Plays","IE","EUR","Nov","Tue"
"TRUE",6000,31.3388657407407,1,11,7,16,6,"Friday","Friday","Plays","US","USD","May","Tue"
"TRUE",15000,30,7,15,13,13,21,"Friday","Sunday","Plays","US","USD","Jun","Wed"
"TRUE",2000,16,6,14,16,16,10,"Wednesday","Thursday","Plays","US","USD","Aug","Mon"
"TRUE",8000,34.0625347222222,5,12,4,6,2,"Tuesday","Tuesday","Plays","GB","GBP","May","Wed"
"TRUE",1800,30,8,13,7,7,6,"Sunday","Wednesday","Plays","GB","GBP","Jun","Fri"
"TRUE",1500,30,4,6,5,5,3,"Sunday","Tuesday","Plays","GB","GBP","Oct","Fri"
"TRUE",4000,15.9902546296296,4,14,14,14,14,"Wednesday","Wednesday","Plays","US","USD","Aug","Mon"
"TRUE",15500,44.2121296296296,4,13,10,16,18,"Tuesday","Monday","Plays","US","USD","Jan","Sun"
"TRUE",1800,26.3070486111111,7,13,15,22,18,"Sunday","Thursday","Plays","US","USD","Jan","Tue"
"TRUE",2800,30,5,15,10,10,15,"Thursday","Tuesday","Plays","US","USD","Mar","Tue"
"TRUE",250,37.879375,3,11,19,16,16,"Friday","Tuesday","Plays","US","USD","Jun","Tue"
"TRUE",500,41.0128472222222,2,15,14,15,12,"Sunday","Thursday","Plays","GB","GBP","Jul","Mon"
"TRUE",2000,21.0371412037037,6,13,23,23,17,"Wednesday","Sunday","Plays","US","USD","Oct","Wed"
"TRUE",4900,21.0593055555556,2,14,14,15,10,"Friday","Monday","Plays","US","USD","Feb","Fri"
"TRUE",2000,30,2,18,7,7,18,"Wednesday","Wednesday","Plays","GB","GBP","Jun","Mon"
"TRUE",300,27.0775,1,11,16,18,14,"Sunday","Thursday","Plays","GB","GBP","Oct","Mon"
"TRUE",300,17.8450231481481,7,14,1,22,18,"Sunday","Saturday","Plays","US","USD","Oct","Thu"
"TRUE",1800,12.3883912037037,5,15,12,22,14,"Saturday","Wednesday","Plays","US","USD","May","Mon"
"TRUE",2000,25.9997453703704,2,12,16,16,17,"Monday","Monday","Plays","US","USD","Feb","Wed"
"TRUE",1500,30,2,11,15,15,7,"Saturday","Friday","Plays","GB","GBP","May","Thu"
"TRUE",1500,24.5575578703704,5,12,2,16,17,"Friday","Monday","Plays","US","USD","Jun","Tue"
"TRUE",10000,17,3,15,23,23,1,"Thursday","Thursday","Plays","AU","AUD","Dec","Mon"
"TRUE",3000,30,5,13,13,13,10,"Sunday","Monday","Plays","GB","GBP","Jun","Fri"
"TRUE",3350,30,3,14,11,11,13,"Thursday","Saturday","Plays","US","USD","Jun","Tue"
"TRUE",2500,30,2,17,13,13,15,"Wednesday","Monday","Plays","US","USD","May","Mon"
"TRUE",1650,30,4,17,10,10,18,"Tuesday","Monday","Plays","US","USD","Jan","Sun"
"TRUE",3000,31.4159606481481,9,15,16,1,16,"Wednesday","Monday","Plays","US","USD","May","Sat"
"TRUE",2000,30,2,13,17,17,15,"Wednesday","Saturday","Plays","GB","GBP","May","Mon"
"TRUE",3000,23.8986111111111,6,17,13,11,8,"Friday","Tuesday","Plays","US","USD","Mar","Tue"
"TRUE",2750,28.2099884259259,3,14,9,15,9,"Sunday","Saturday","Plays","GB","GBP","Mar","Sun"
"TRUE",1000,30,4,6,10,10,7,"Thursday","Saturday","Plays","US","USD","May","Tue"
"TRUE",960,15.5661226851852,5,14,9,22,9,"Wednesday","Friday","Plays","US","USD","Sep","Tue"
"TRUE",500,30,6,16,13,13,20,"Wednesday","Monday","Plays","US","USD","Oct","Mon"
"TRUE",5000,35,2,11,10,10,12,"Thursday","Friday","Plays","US","USD","Aug","Thu"
"TRUE",2000,31.109837962963,3,15,10,13,9,"Friday","Tuesday","Plays","GB","GBP","Sep","Tue"
"TRUE",150,29.7721643518519,6,14,11,5,0,"Sunday","Friday","Plays","GB","GBP","Nov","Fri"
"TRUE",675,36.9366203703704,5,18,3,1,16,"Monday","Sunday","Plays","CA","CAD","Oct","Sat"
"TRUE",2000,28,6,15,5,5,6,"Wednesday","Monday","Plays","GB","GBP","Jul","Wed"
"TRUE",600,21,1,14,13,13,11,"Thursday","Wednesday","Plays","US","USD","Aug","Thu"
"TRUE",300,30,4,17,19,19,7,"Saturday","Wednesday","Plays","GB","GBP","May","Thu"
"TRUE",1200,25,5,14,12,12,5,"Monday","Saturday","Plays","GB","GBP","Aug","Thu"
"TRUE",5500,60,2,14,9,9,16,"Sunday","Thursday","Plays","US","USD","Jul","Wed"
"TRUE",1500,30,7,15,13,13,18,"Thursday","Monday","Plays","DE","EUR","May","Tue"
"TRUE",2500,30,3,11,13,13,11,"Saturday","Monday","Plays","US","USD","Feb","Thu"
"TRUE",250,30,5,13,14,14,18,"Saturday","Tuesday","Plays","US","USD","Mar","Thu"
"TRUE",1100,21.5052777777778,5,13,10,22,11,"Tuesday","Wednesday","Plays","US","USD","Mar","Tue"
"TRUE",35000,24.0872569444444,7,13,20,22,17,"Friday","Tuesday","Plays","US","USD","Apr","Tue"
"TRUE",2100,22.099375,5,14,16,19,14,"Friday","Thursday","Plays","US","USD","Feb","Thu"
"TRUE",1000,28,2,14,4,4,9,"Friday","Friday","Plays","GB","GBP","Aug","Fri"
"TRUE",2500,30,3,12,3,3,10,"Wednesday","Monday","Plays","GB","GBP","Mar","Mon"
"TRUE",5000,10,7,10,12,12,19,"Monday","Saturday","Plays","CA","CAD","May","Fri"
"TRUE",1250,30,5,12,9,9,14,"Saturday","Monday","Plays","US","USD","May","Thu"
"TRUE",2500,30,3,14,20,20,0,"Thursday","Monday","Plays","US","USD","May","Tue"
"TRUE",2500,30,5,13,8,8,6,"Thursday","Thursday","Plays","GB","GBP","Nov","Tue"
"TRUE",2500,30,6,13,16,16,8,"Thursday","Thursday","Plays","GB","GBP","Feb","Tue"
"TRUE",2000,30,2,16,10,10,12,"Wednesday","Friday","Plays","GB","GBP","May","Mon"
"TRUE",1000,32.7427546296296,4,15,22,16,11,"Saturday","Sunday","Plays","US","USD","Oct","Mon"
"TRUE",10500,30.2284606481481,8,16,16,22,14,"Wednesday","Monday","Plays","US","USD","Feb","Mon"
"TRUE",3000,23.9393055555556,1,15,17,16,10,"Friday","Friday","Plays","US","USD","Sep","Tue"
"TRUE",1000,32.9190856481481,4,11,0,22,11,"Saturday","Wednesday","Plays","US","USD","Aug","Tue"
"TRUE",2500,17.5547453703704,4,8,12,2,10,"Saturday","Tuesday","Plays","US","USD","Jul","Tue"
"TRUE",3000,30,5,20,10,10,9,"Thursday","Monday","Plays","GB","GBP","Jun","Tue"
"TRUE",4000,21,2,14,11,11,9,"Saturday","Sunday","Plays","GB","GBP","Jul","Sat"
"TRUE",2000,50.424224537037,4,15,12,22,14,"Friday","Tuesday","Plays","US","USD","Mar","Thu"
"TRUE",40000,30,3,10,2,2,15,"Sunday","Saturday","Plays","US","USD","Sep","Fri"
"TRUE",750,26,8,13,12,12,15,"Monday","Thursday","Plays","CA","CAD","May","Wed"
"TRUE",500,21,4,14,5,5,8,"Tuesday","Friday","Plays","GB","GBP","Jan","Tue"
"TRUE",500,33.0196527777778,7,13,10,10,22,"Sunday","Thursday","Plays","US","USD","Jul","Tue"
"TRUE",300,10.5212731481481,4,16,10,22,12,"Wednesday","Wednesday","Plays","CA","CAD","Aug","Sun"
"FALSE",2000,60,5,18,9,9,9,"Saturday","Saturday","Plays","US","USD","Dec","Tue"
"FALSE",6000,22.9715625,7,15,15,15,13,"Sunday","Friday","Plays","GB","GBP","Mar","Fri"
"FALSE",2500,30,5,15,9,9,10,"Saturday","Thursday","Plays","US","USD","Jun","Thu"
"FALSE",30000,60,4,10,23,23,18,"Saturday","Tuesday","Plays","US","USD","May","Tue"
"FALSE",850,60,8,15,14,14,6,"Tuesday","Thursday","Plays","GB","GBP","May","Fri"
"FALSE",11140,31.4211111111111,6,15,15,1,17,"Tuesday","Friday","Plays","US","USD","Apr","Fri"
"FALSE",1500,29.9948611111111,6,15,18,18,11,"Friday","Sunday","Plays","GB","GBP","Oct","Wed"
"FALSE",2000,21.1710648148148,7,13,10,15,15,"Saturday","Sunday","Plays","US","USD","Jan","Sat"
"FALSE",5000,28.9959027777778,4,14,8,8,13,"Friday","Friday","Plays","GB","GBP","Apr","Thu"
"FALSE",400,10,3,14,17,17,8,"Friday","Monday","Plays","GB","GBP","May","Tue"
"FALSE",1500,15,7,6,20,20,14,"Friday","Thursday","Plays","US","USD","Aug","Thu"
"FALSE",3000,30,6,18,12,12,17,"Sunday","Monday","Plays","US","USD","Oct","Fri"
"FALSE",1650,30,9,13,10,10,12,"Wednesday","Thursday","Plays","GB","GBP","Feb","Mon"
"FALSE",500,30,7,8,10,10,15,"Sunday","Thursday","Plays","US","USD","May","Fri"
"FALSE",10000,60,6,10,17,17,17,"Friday","Wednesday","Plays","US","USD","Oct","Mon"
"FALSE",50000,30,5,13,15,15,13,"Wednesday","Monday","Plays","US","USD","Apr","Mon"
"FALSE",2000,30,7,12,4,4,18,"Saturday","Monday","Plays","US","USD","Jun","Thu"
"FALSE",200,29.7933217592593,7,13,10,5,15,"Saturday","Monday","Plays","GB","GBP","Jan","Thu"
"FALSE",3000,13.4025,6,13,0,10,10,"Thursday","Wednesday","Plays","US","USD","Nov","Fri"
"FALSE",3000,30,3,18,3,3,4,"Sunday","Friday","Plays","GB","GBP","Mar","Fri"
"FALSE",10000,33.9715740740741,5,16,11,11,15,"Monday","Thursday","Plays","CA","CAD","May","Tue"
"FALSE",525,60,7,8,21,21,16,"Wednesday","Thursday","Plays","US","USD","Feb","Sat"
"FALSE",20000,30,4,14,12,12,9,"Saturday","Thursday","Plays","US","USD","Jun","Thu"
"FALSE",9500,30,6,14,11,11,7,"Friday","Friday","Plays","GB","GBP","May","Wed"
"FALSE",2000,30,8,15,9,9,18,"Wednesday","Monday","Plays","AU","AUD","Mar","Mon"
"FALSE",4000,30,4,10,17,17,20,"Tuesday","Sunday","Plays","US","USD","Jul","Sun"
"FALSE",15000,30,6,13,19,19,9,"Wednesday","Monday","Plays","US","USD","Apr","Mon"
"FALSE",5000,40,7,16,21,21,4,"Sunday","Monday","Plays","US","USD","Aug","Tue"
"FALSE",3495,29.9982060185185,7,14,17,17,16,"Friday","Wednesday","Plays","US","USD","Dec","Wed"
"FALSE",1250,40.8384722222222,3,13,9,6,9,"Saturday","Friday","Plays","GB","GBP","Jan","Sun"
"FALSE",1000,32.4581018518519,5,12,10,21,16,"Saturday","Monday","Plays","US","USD","Jan","Tue"
"FALSE",20000,30,1,23,13,13,22,"Monday","Thursday","Plays","MX","MXN","Nov","Sat"
"FALSE",1000,60,7,12,13,13,12,"Thursday","Sunday","Plays","GB","GBP","Jun","Sun"
"FALSE",3500,54.8214583333333,5,12,3,23,1,"Friday","Sunday","Plays","US","USD","Mar","Sun"
"FALSE",2750,30,6,12,8,8,10,"Thursday","Thursday","Plays","GB","GBP","Oct","Tue"
"FALSE",2000,41.6818402777778,6,15,20,12,11,"Monday","Monday","Plays","GB","GBP","May","Mon"
"FALSE",700,28.0313773148148,8,12,14,14,20,"Tuesday","Saturday","Plays","US","USD","Sep","Tue"
"FALSE",15000,30,6,15,11,11,20,"Wednesday","Friday","Plays","US","USD","Nov","Mon"
"FALSE",250,30,2,11,12,12,9,"Friday","Monday","Plays","GB","GBP","Dec","Wed"
"FALSE",3000,30,6,16,17,17,13,"Sunday","Friday","Plays","US","USD","May","Fri"
"TRUE",4500,34.257650462963,3,15,16,22,21,"Thursday","Monday","Plays","CA","CAD","Feb","Fri"
"TRUE",5000,30,4,12,11,11,11,"Tuesday","Tuesday","Plays","GB","GBP","Oct","Sun"
"TRUE",2500,30,6,15,15,15,3,"Saturday","Thursday","Plays","GB","GBP","Apr","Thu"
"TRUE",2000,21.3155324074074,5,14,8,16,8,"Friday","Monday","Plays","US","USD","May","Fri"
"TRUE",1200,30,9,19,9,9,9,"Friday","Saturday","Plays","GB","GBP","Sep","Wed"
"TRUE",1200,30,5,14,15,15,10,"Tuesday","Sunday","Plays","GB","GBP","Dec","Sun"
"TRUE",7000,31.4983333333333,7,7,11,22,11,"Wednesday","Thursday","Plays","US","USD","Nov","Sun"
"TRUE",20000,30,7,12,1,1,20,"Thursday","Tuesday","Plays","US","USD","Oct","Tue"
"TRUE",2600,14.9978472222222,6,12,23,22,20,"Tuesday","Friday","Plays","US","USD","Sep","Mon"
"TRUE",1000,30,10,14,17,17,13,"Saturday","Tuesday","Plays","US","USD","Mar","Thu"
"TRUE",1000,30.3521180555556,8,16,14,22,22,"Tuesday","Thursday","Plays","US","USD","Apr","Sun"
"TRUE",15000,30,5,15,3,3,11,"Friday","Sunday","Plays","US","USD","Jun","Wed"
"TRUE",1800,35,4,13,9,9,9,"Saturday","Tuesday","Plays","US","USD","Feb","Sat"
"TRUE",15000,30,5,14,8,8,10,"Thursday","Tuesday","Plays","US","USD","Nov","Tue"
"TRUE",4000,30,3,19,15,15,20,"Friday","Monday","Plays","US","USD","Jul","Wed"
"TRUE",1500,37.9057638888889,6,18,0,22,22,"Thursday","Sunday","Plays","US","USD","May","Tue"
"TRUE",1000,30,3,15,20,20,19,"Saturday","Sunday","Plays","US","USD","Apr","Thu"
"TRUE",5000,30,3,13,10,10,11,"Thursday","Wednesday","Plays","GB","GBP","Nov","Tue"
"TRUE",3000,29.4585069444444,3,13,14,1,12,"Thursday","Friday","Plays","US","USD","Nov","Tue"
"TRUE",5000,29.1148263888889,7,15,21,23,11,"Monday","Friday","Plays","US","USD","Oct","Sun"
"TRUE",3000,20,2,13,18,18,20,"Sunday","Saturday","Plays","US","USD","Feb","Mon"
"TRUE",1200,13.296412037037,5,10,15,22,19,"Monday","Monday","Plays","US","USD","Jan","Tue"
"TRUE",5000,30,8,14,22,22,8,"Sunday","Sunday","Plays","US","USD","Aug","Fri"
"TRUE",3500,30,2,16,12,12,8,"Wednesday","Saturday","Plays","GB","GBP","May","Mon"
"TRUE",12000,45,6,11,4,4,12,"Saturday","Thursday","Plays","US","USD","Jul","Wed"
"TRUE",500,28.4921412037037,6,14,10,22,19,"Friday","Saturday","Plays","US","USD","Sep","Fri"
"TRUE",1500,31.1163888888889,3,14,9,12,5,"Friday","Wednesday","Plays","GB","GBP","Jul","Tue"
"TRUE",1150,20.9686689814815,4,6,17,16,16,"Sunday","Sunday","Plays","US","USD","May","Sun"
"TRUE",1200,21.1771527777778,6,13,18,23,11,"Tuesday","Monday","Plays","CA","CAD","Dec","Tue"
"TRUE",3405,21.4922685185185,2,14,9,21,13,"Tuesday","Saturday","Plays","US","USD","Jun","Tue"
"TRUE",4000,45.1841550925926,7,15,20,0,16,"Saturday","Tuesday","Plays","US","USD","Nov","Tue"
"TRUE",400,11.0350115740741,3,12,23,0,12,"Saturday","Tuesday","Plays","US","USD","Nov","Mon"
"TRUE",10000,30,3,12,19,19,16,"Thursday","Sunday","Plays","US","USD","Apr","Tue"
"TRUE",2000,24,1,19,5,5,5,"Monday","Thursday","Plays","GB","GBP","Apr","Fri"
"TRUE",15000,39.1056712962963,8,12,14,17,7,"Sunday","Sunday","Plays","NO","NOK","Sep","Wed"
"TRUE",2000,30,6,11,7,7,6,"Friday","Sunday","Plays","GB","GBP","Dec","Wed"
"TRUE",3300,40.4050115740741,10,17,3,13,6,"Monday","Wednesday","Plays","GB","GBP","Jun","Wed"
"TRUE",2000,30,10,13,13,13,9,"Wednesday","Tuesday","Plays","US","USD","Oct","Mon"
"TRUE",5000,30,6,14,14,14,14,"Friday","Monday","Plays","US","USD","Apr","Wed"
"TRUE",2000,23.4728935185185,5,14,23,10,14,"Saturday","Monday","Plays","US","USD","Dec","Wed"
"TRUE",2000,15,3,12,8,8,8,"Saturday","Thursday","Plays","GB","GBP","Jun","Fri"
"TRUE",1500,13.1987615740741,3,13,3,8,2,"Tuesday","Saturday","Plays","GB","GBP","Feb","Wed"
"TRUE",250,60,6,14,9,9,11,"Friday","Saturday","Plays","GB","GBP","Apr","Mon"
"TRUE",4000,31.0120023148148,6,17,22,23,23,"Tuesday","Thursday","Plays","US","USD","Jul","Sat"
"TRUE",1500,30,3,12,21,21,12,"Tuesday","Tuesday","Plays","US","USD","Dec","Sun"
"TRUE",3500,30.6760300925926,7,5,9,1,14,"Thursday","Thursday","Plays","US","USD","Mar","Mon"
"TRUE",1700,27.1934259259259,2,14,13,17,10,"Tuesday","Friday","Plays","GB","GBP","Sep","Wed"
"TRUE",15000,30,3,15,11,11,21,"Saturday","Monday","Plays","US","USD","Oct","Thu"
"TRUE",500,18.0046643518519,2,15,5,6,12,"Monday","Sunday","Plays","GB","GBP","Oct","Thu"
"TRUE",2500,30.1354513888889,5,13,8,12,7,"Wednesday","Sunday","Plays","GB","GBP","Jun","Mon"
"TRUE",850,20,6,13,19,19,15,"Sunday","Friday","Plays","GB","GBP","Feb","Mon"
"TRUE",20000,30,7,13,12,12,20,"Sunday","Monday","Plays","US","USD","Apr","Fri"
"TRUE",2000,30,2,12,11,11,5,"Thursday","Saturday","Plays","GB","GBP","Mar","Tue"
"TRUE",1960,30,7,14,17,17,7,"Wednesday","Wednesday","Plays","GB","GBP","Feb","Mon"
"TRUE",3500,30,3,12,14,14,11,"Tuesday","Sunday","Plays","US","USD","Jun","Sun"
"TRUE",3000,39.114375,5,13,11,13,13,"Wednesday","Wednesday","Plays","US","USD","Apr","Sat"
"TRUE",2000,10.3752546296296,3,18,12,22,16,"Monday","Monday","Plays","US","USD","Jul","Fri"
"TRUE",3000,60,3,14,13,13,14,"Tuesday","Wednesday","Plays","US","USD","Jun","Fri"
"TRUE",2500,30,7,13,20,20,12,"Wednesday","Friday","Plays","US","USD","Oct","Mon"
"TRUE",225,60,6,17,5,5,5,"Wednesday","Friday","Plays","GB","GBP","Oct","Sat"
"TRUE",3500,16.0171296296296,6,3,5,6,16,"Sunday","Thursday","Plays","GB","GBP","Jul","Fri"
"TRUE",5000,27.9958449074074,5,13,23,23,15,"Wednesday","Wednesday","Plays","US","USD","Feb","Wed"
"TRUE",1000,28.0466898148148,5,13,23,0,19,"Sunday","Thursday","Plays","US","USD","Jan","Sat"
"TRUE",10000,30,6,15,6,6,13,"Thursday","Thursday","Plays","US","USD","Jun","Tue"
"TRUE",5000,29.9872800925926,7,13,16,16,16,"Wednesday","Monday","Plays","US","USD","Jul","Mon"
"TRUE",2000,30.8565509259259,6,11,3,23,17,"Wednesday","Saturday","Plays","US","USD","Sep","Mon"
"TRUE",1500,30,7,13,12,12,16,"Tuesday","Friday","Plays","US","USD","Jun","Sun"
"TRUE",10000,30,4,14,12,12,16,"Wednesday","Wednesday","Plays","US","USD","Aug","Mon"
"TRUE",5000,30,6,11,22,22,15,"Sunday","Saturday","Plays","US","USD","Feb","Fri"
"TRUE",5800,30,6,17,20,20,22,"Thursday","Tuesday","Plays","US","USD","Mar","Tue"
"TRUE",2000,34.451412037037,7,15,13,0,11,"Monday","Monday","Plays","US","USD","Apr","Mon"
"TRUE",5000,30,11,10,19,19,13,"Tuesday","Wednesday","Plays","US","USD","Aug","Sun"
"TRUE",2500,30,7,14,2,2,2,"Saturday","Monday","Plays","US","USD","Sep","Thu"
"TRUE",3000,25,2,17,17,17,12,"Tuesday","Sunday","Plays","US","USD","Nov","Fri"
"TRUE",800,31.1308101851852,7,14,11,15,9,"Wednesday","Sunday","Plays","GB","GBP","Jan","Sun"
"TRUE",3000,17.3644328703704,4,11,15,23,19,"Thursday","Monday","Plays","US","USD","Jan","Mon"
"TRUE",15000,30,7,15,15,15,16,"Monday","Tuesday","Plays","US","USD","Jul","Sat"
"TRUE",2500,25,5,8,12,12,11,"Saturday","Wednesday","Plays","CA","CAD","Nov","Tue"
"TRUE",10000,36.1838541666667,7,15,13,18,5,"Monday","Wednesday","Plays","GB","GBP","May","Sun"
"TRUE",500,31.4634259259259,8,15,11,22,12,"Wednesday","Friday","Plays","US","USD","Aug","Sun"
"TRUE",101,60,6,11,13,13,12,"Friday","Sunday","Plays","GB","GBP","Oct","Mon"
"TRUE",600,30,3,17,7,7,14,"Tuesday","Tuesday","Plays","GB","GBP","May","Sun"
"TRUE",700,30,4,13,5,5,10,"Monday","Friday","Plays","GB","GBP","Aug","Sat"
"TRUE",1500,21.1600462962963,2,15,12,16,4,"Sunday","Monday","Plays","GB","GBP","Nov","Sun"
"TRUE",5500,19.1861574074074,4,14,13,17,10,"Monday","Thursday","Plays","GB","GBP","Jul","Wed"
"TRUE",10000,20.042037037037,9,17,17,19,16,"Saturday","Thursday","Plays","US","USD","Aug","Sun"
"TRUE",1500,30.9990162037037,6,10,2,2,19,"Saturday","Thursday","Plays","US","USD","Nov","Wed"
"TRUE",3000,30,7,14,17,17,14,"Wednesday","Thursday","Plays","US","USD","Sep","Mon"
"TRUE",3000,21,7,12,12,12,13,"Wednesday","Saturday","Plays","US","USD","Apr","Wed"
"TRUE",4000,33.1904166666667,8,16,12,17,17,"Wednesday","Thursday","Plays","GB","GBP","Dec","Fri"
"TRUE",3000,44.5551388888889,7,14,12,1,13,"Monday","Wednesday","Plays","US","USD","Jun","Fri"
"TRUE",8400,30,5,4,2,2,15,"Wednesday","Monday","Plays","ES","EUR","Nov","Mon"
"TRUE",550,24.1918287037037,2,16,3,8,8,"Sunday","Thursday","Plays","GB","GBP","Aug","Thu"
"TRUE",2000,17.4444444444444,2,15,7,18,9,"Wednesday","Tuesday","Plays","GB","GBP","Aug","Sun"
"TRUE",3000,35,7,16,17,17,16,"Saturday","Saturday","Plays","US","USD","Oct","Sat"
"TRUE",4000,30,8,18,22,22,21,"Tuesday","Sunday","Plays","US","USD","Feb","Sun"
"TRUE",3500,24.5264351851852,11,19,5,17,8,"Monday","Tuesday","Plays","GB","GBP","Jul","Fri"
"TRUE",1750,20,8,15,13,13,12,"Thursday","Friday","Plays","US","USD","Jun","Fri"
"TRUE",6000,36.9957407407407,2,17,21,21,23,"Friday","Friday","Plays","US","USD","Oct","Wed"
"TRUE",2000,30,7,13,14,14,13,"Wednesday","Friday","Plays","US","USD","Nov","Mon"
"TRUE",2000,30,3,14,9,9,15,"Wednesday","Saturday","Plays","US","USD","Nov","Mon"
"TRUE",3000,40,8,12,12,12,12,"Sunday","Saturday","Plays","US","USD","Nov","Tue"
"TRUE",1500,30,1,13,6,6,8,"Thursday","Monday","Plays","GB","GBP","May","Tue"
"TRUE",10000,30,4,12,8,8,8,"Friday","Monday","Plays","US","USD","May","Wed"
"TRUE",1500,15,5,14,13,13,11,"Thursday","Monday","Plays","US","USD","Jun","Wed"
"TRUE",500,29.3904166666667,3,14,8,17,17,"Friday","Tuesday","Plays","US","USD","Jul","Thu"
"TRUE",500,50,2,14,15,15,5,"Friday","Wednesday","Plays","GB","GBP","Mar","Thu"
"TRUE",1500,25.0686342592593,3,12,17,18,18,"Wednesday","Thursday","Plays","US","USD","Oct","Sat"
"TRUE",550,30,4,13,9,9,6,"Sunday","Friday","Plays","GB","GBP","Jun","Fri"
"TRUE",500,14.0446296296296,1,7,12,13,13,"Saturday","Friday","Plays","GB","GBP","May","Sat"
"TRUE",1500,26.7193402777778,1,13,5,22,6,"Saturday","Tuesday","Plays","US","USD","May","Mon"
"TRUE",250,40.4383217592593,8,10,5,16,14,"Thursday","Thursday","Plays","GB","GBP","Jan","Sat"
"TRUE",4000,22.9146296296296,5,13,13,11,7,"Friday","Wednesday","Plays","US","USD","Oct","Wed"
"TRUE",1200,30,4,12,16,16,13,"Saturday","Tuesday","Plays","GB","GBP","Jan","Thu"
"TRUE",10000,45,4,15,17,17,21,"Thursday","Tuesday","Plays","US","USD","Jul","Mon"
"TRUE",2900,30,4,16,12,12,13,"Friday","Tuesday","Plays","GB","GBP","Jul","Wed"
"TRUE",15000,29.4446412037037,3,15,9,20,17,"Wednesday","Friday","Plays","US","USD","Oct","Tue"
"TRUE",2000,30,6,15,6,6,8,"Thursday","Monday","Plays","GB","GBP","May","Tue"
"TRUE",500,20,7,14,7,7,9,"Wednesday","Tuesday","Plays","US","USD","May","Thu"
"TRUE",350,20.9821064814815,7,15,18,17,15,"Tuesday","Tuesday","Plays","GB","GBP","Feb","Tue"
"TRUE",10000,45,2,12,6,6,12,"Wednesday","Tuesday","Plays","US","USD","Jun","Sun"
"TRUE",2000,30,3,14,5,5,10,"Sunday","Thursday","Plays","GB","GBP","Jun","Fri"
"TRUE",500,30,4,15,18,18,16,"Friday","Sunday","Plays","US","USD","Jun","Wed"
"TRUE",500,38.0592824074074,6,10,14,15,8,"Sunday","Wednesday","Plays","GB","GBP","Jun","Thu"
"TRUE",3000,27.2501157407407,6,11,19,2,20,"Monday","Thursday","Plays","US","USD","May","Mon"
"TRUE",15000,20,7,14,19,19,21,"Wednesday","Friday","Plays","US","USD","Sep","Thu"
"TRUE",3000,30,5,17,18,18,5,"Saturday","Sunday","Plays","GB","GBP","Aug","Thu"
"TRUE",500,9.47456018518518,6,13,11,22,18,"Friday","Tuesday","Plays","US","USD","Feb","Wed"
"TRUE",200,10.835,3,12,22,18,13,"Sunday","Wednesday","Plays","US","USD","Apr","Wed"
"TRUE",4000,28.358275462963,8,16,4,13,11,"Thursday","Sunday","Plays","GB","GBP","Mar","Thu"
"TRUE",1700,43.1161111111111,4,16,16,19,18,"Saturday","Tuesday","Plays","US","USD","Sep","Fri"
"TRUE",4000,30,4,16,15,15,13,"Friday","Saturday","Plays","US","USD","Apr","Wed"
"TRUE",2750,18.0742476851852,4,15,14,16,5,"Wednesday","Wednesday","Plays","IE","EUR","Mar","Sat"
"TRUE",700,8.90969907407407,4,13,20,18,10,"Saturday","Thursday","Plays","GB","GBP","Feb","Thu"
"TRUE",10000,30,10,15,12,12,9,"Wednesday","Friday","Plays","US","USD","Feb","Mon"
"TRUE",3000,28.4377777777778,9,16,7,18,12,"Sunday","Wednesday","Plays","GB","GBP","Nov","Sun"
"TRUE",250,30,6,14,16,16,16,"Friday","Saturday","Plays","US","USD","Mar","Wed"
"TRUE",6000,21.6140740740741,8,16,10,0,16,"Thursday","Tuesday","Plays","US","USD","Jan","Wed"
"TRUE",30000,32,2,12,9,9,11,"Saturday","Thursday","Plays","US","USD","Sep","Tue"
"TRUE",3750,19.0265856481481,1,12,20,21,17,"Saturday","Thursday","Plays","US","USD","Sep","Mon"
"TRUE",1500,30,3,13,10,10,15,"Wednesday","Wednesday","Plays","GB","GBP","Jun","Mon"
"TRUE",2000,24.9878819444444,8,14,11,11,7,"Saturday","Friday","Plays","GB","GBP","Feb","Tue"
"TRUE",150,14,9,21,19,19,18,"Tuesday","Tuesday","Plays","GB","GBP","Oct","Tue"
"TRUE",2000,30,2,11,17,17,2,"Wednesday","Tuesday","Plays","GB","GBP","Jun","Mon"
"TRUE",2000,30,6,17,12,12,13,"Monday","Monday","Plays","US","USD","Jul","Sat"
"TRUE",2000,25.3354861111111,2,13,7,16,10,"Friday","Thursday","Plays","US","USD","Jan","Mon"
"TRUE",9500,31.0618634259259,2,10,20,22,20,"Monday","Monday","Plays","US","USD","May","Fri"
"TRUE",10000,30,3,13,4,4,0,"Thursday","Friday","Plays","US","USD","Jun","Tue"
"TRUE",1000,16.5081828703704,2,15,9,22,16,"Saturday","Tuesday","Plays","US","USD","Jul","Thu"
"TRUE",5000,21.144525462963,3,19,7,11,21,"Thursday","Saturday","Plays","US","USD","Jul","Thu"
"TRUE",3000,30,7,15,12,12,20,"Wednesday","Saturday","Plays","US","USD","Jul","Mon"
"TRUE",2500,25.9471412037037,1,13,17,16,6,"Saturday","Wednesday","Plays","GB","GBP","Apr","Mon"
"TRUE",5000,22.5540740740741,3,13,21,11,17,"Friday","Monday","Plays","US","USD","Jun","Wed"
"TRUE",2500,27.3738310185185,5,16,5,14,14,"Friday","Wednesday","Plays","US","USD","Oct","Sat"
"TRUE",250,30,3,15,15,15,21,"Saturday","Monday","Plays","US","USD","Apr","Thu"
"TRUE",1000,30,5,12,7,7,14,"Tuesday","Saturday","Plays","US","USD","Aug","Sun"
"TRUE",300,8.29113425925926,9,20,1,8,20,"Wednesday","Sunday","Plays","AU","AUD","May","Tue"
"TRUE",2000,28,7,12,7,7,12,"Friday","Monday","Plays","GB","GBP","Sep","Fri"
"TRUE",1000,23.6814236111111,7,23,13,6,6,"Thursday","Monday","Plays","GB","GBP","Jan","Mon"
"TRUE",1000,45,3,8,15,15,12,"Friday","Sunday","Plays","US","USD","Feb","Tue"
"TRUE",2100,30,6,15,20,20,11,"Tuesday","Wednesday","Plays","US","USD","Nov","Sun"
"TRUE",800,28.1141435185185,9,14,20,23,19,"Friday","Friday","Plays","US","USD","Jun","Fri"
"TRUE",500,60,3,12,10,10,8,"Thursday","Sunday","Plays","GB","GBP","Feb","Sun"
"TRUE",650,27,4,15,12,12,22,"Tuesday","Saturday","Plays","US","USD","Mar","Wed"
"TRUE",1000,22.5267824074074,8,14,10,22,21,"Tuesday","Sunday","Plays","US","USD","Jun","Mon"
"TRUE",300,60,4,12,18,18,12,"Saturday","Tuesday","Plays","GB","GBP","Jun","Tue"
"TRUE",700,30,8,15,11,11,13,"Thursday","Tuesday","Plays","GB","GBP","Jul","Tue"
"TRUE",10000,30,6,16,13,13,15,"Thursday","Monday","Plays","US","USD","Sep","Tue"
"TRUE",3000,31.0853356481481,1,15,23,1,15,"Friday","Saturday","Plays","US","USD","Jun","Mon"
"TRUE",2000,30.5426273148148,6,7,10,23,13,"Wednesday","Tuesday","Plays","US","USD","Jan","Mon"
"TRUE",978,26.9828356481481,7,15,22,22,14,"Monday","Wednesday","Plays","US","USD","Jan","Tue"
"TRUE",500,30,7,13,6,6,8,"Friday","Friday","Plays","GB","GBP","Apr","Wed"
"TRUE",500,14,1,15,7,7,11,"Friday","Wednesday","Plays","GB","GBP","Aug","Fri"
"TRUE",250,15.8515277777778,6,14,16,13,15,"Friday","Wednesday","Plays","US","USD","Jun","Wed"
"TRUE",10000,41.2471643518519,6,12,17,22,13,"Monday","Sunday","Plays","CA","CAD","Aug","Tue"
"TRUE",5000,30,3,19,22,22,22,"Monday","Wednesday","Plays","US","USD","Jul","Sat"
"TRUE",2000,25.0408333333333,6,15,10,11,8,"Sunday","Monday","Plays","GB","GBP","Jul","Wed"
"TRUE",3500,60,5,9,18,18,16,"Tuesday","Friday","Plays","US","USD","Feb","Fri"
"TRUE",3000,30,4,5,10,10,8,"Friday","Wednesday","Plays","US","USD","Feb","Wed"
"TRUE",10000,28.3596180555556,6,12,13,22,13,"Tuesday","Sunday","Plays","US","USD","Aug","Tue"
"TRUE",5000,30.239224537037,5,19,10,16,6,"Saturday","Tuesday","Plays","GB","GBP","Apr","Thu"
"TRUE",1000,30,10,18,14,14,12,"Wednesday","Thursday","Plays","US","USD","Mar","Mon"
"TRUE",500,21,4,13,0,0,22,"Monday","Friday","Plays","US","USD","Apr","Mon"
"TRUE",3800,35,8,12,19,19,12,"Sunday","Monday","Plays","US","USD","Sep","Sun"
"TRUE",1500,19.3498148148148,5,15,15,0,0,"Sunday","Sunday","Plays","US","USD","Jul","Mon"
"TRUE",5000,28.9579976851852,6,14,13,12,12,"Saturday","Friday","Plays","CA","CAD","Oct","Fri"
"TRUE",3000,40,4,15,15,15,10,"Sunday","Thursday","Plays","US","USD","Aug","Tue"
"TRUE",1551,12.1747222222222,4,16,12,17,15,"Thursday","Thursday","Plays","US","USD","May","Sat"
"TRUE",1650,59.7469444444444,4,14,22,16,16,"Saturday","Tuesday","Plays","CA","CAD","Mar","Tue"
"TRUE",2000,54.2548032407407,3,16,19,1,18,"Wednesday","Sunday","Plays","US","USD","May","Thu"
"TRUE",1000,16.2882175925926,6,13,16,22,15,"Sunday","Saturday","Plays","US","USD","Feb","Fri"
"TRUE",1500,25,5,14,13,13,16,"Friday","Monday","Plays","GB","GBP","Aug","Mon"
"TRUE",4000,14.3682407407407,1,14,14,22,14,"Tuesday","Monday","Plays","US","USD","Mar","Tue"
"TRUE",2500,30,1,12,6,6,17,"Sunday","Monday","Plays","GB","GBP","Jun","Fri"
"TRUE",1000,30,4,14,12,12,12,"Thursday","Tuesday","Plays","US","USD","Oct","Tue"
"TRUE",2500,11.2309606481481,5,17,17,23,14,"Monday","Tuesday","Plays","US","USD","May","Thu"
"TRUE",3000,45,7,13,12,12,11,"Saturday","Wednesday","Plays","US","USD","Jul","Wed"
"TRUE",10000,30,6,13,17,17,13,"Tuesday","Thursday","Plays","US","USD","May","Sun"
"TRUE",100,23.1452199074074,5,15,12,16,10,"Tuesday","Friday","Plays","GB","GBP","Apr","Sun"
"TRUE",3000,13.3453009259259,6,13,14,22,10,"Thursday","Saturday","Plays","US","USD","Nov","Fri"
"TRUE",900,20,6,13,9,9,11,"Wednesday","Wednesday","Plays","US","USD","Jun","Thu"
"TRUE",1500,22.8553819444444,2,12,15,12,18,"Friday","Wednesday","Plays","GB","GBP","Oct","Wed"
"TRUE",1000,60,5,13,6,6,16,"Thursday","Saturday","Plays","GB","GBP","Feb","Sun"
"TRUE",2800,13.1114351851852,9,15,21,23,20,"Tuesday","Monday","Plays","US","USD","May","Wed"
"TRUE",500,16.3609722222222,8,16,14,22,16,"Sunday","Wednesday","Plays","US","USD","Jan","Fri"
"TRUE",3000,30,4,10,13,13,19,"Sunday","Thursday","Plays","US","USD","May","Fri"
"TRUE",2500,34.1149305555556,4,15,19,22,9,"Sunday","Wednesday","Plays","US","USD","Aug","Mon"
"TRUE",4000,29.6408101851852,7,10,14,6,13,"Friday","Wednesday","Plays","GB","GBP","Jun","Wed"
"TRUE",1500,20.8143634259259,4,13,13,9,9,"Thursday","Monday","Plays","US","USD","Sep","Thu"
"TRUE",2000,30,1,11,8,8,5,"Wednesday","Wednesday","Plays","GB","GBP","Feb","Mon"
"TRUE",2000,25.7500925925926,1,11,14,8,8,"Sunday","Wednesday","Plays","GB","GBP","Aug","Tue"
"TRUE",350,30,5,14,3,3,21,"Monday","Friday","Plays","US","USD","Aug","Sat"
"TRUE",1395,27.6309490740741,7,14,13,5,4,"Tuesday","Wednesday","Plays","GB","GBP","Aug","Tue"
"TRUE",4000,57.560787037037,1,13,4,18,10,"Sunday","Tuesday","Plays","GB","GBP","Jul","Sat"
"TRUE",10000,14.4030902777778,3,13,13,23,11,"Friday","Friday","Plays","US","USD","Aug","Fri"
"TRUE",500,10.9709953703704,8,17,11,11,19,"Sunday","Monday","Plays","US","USD","Jul","Wed"
"TRUE",3300,27.9139930555556,4,14,3,0,11,"Thursday","Friday","Plays","US","USD","Mar","Thu"
"TRUE",6000,29.1427662037037,9,16,19,22,22,"Friday","Tuesday","Plays","US","USD","Jun","Thu"
"TRUE",1650,20,7,17,6,6,16,"Wednesday","Wednesday","Plays","GB","GBP","Dec","Thu"
"TRUE",500,20.2798842592593,7,16,13,20,16,"Sunday","Tuesday","Plays","US","USD","Jun","Mon"
"TRUE",2500,30,1,13,16,16,12,"Monday","Sunday","Plays","GB","GBP","Apr","Sat"
"TRUE",1500,28.4056712962963,4,14,7,17,17,"Thursday","Tuesday","Plays","US","USD","Apr","Thu"
"TRUE",773,30,5,14,9,9,14,"Saturday","Monday","Plays","GB","GBP","May","Thu"
"TRUE",5500,31.9712962962963,2,13,19,19,13,"Tuesday","Wednesday","Plays","US","USD","Jul","Fri"
"TRUE",5000,30.6578819444444,3,9,19,11,18,"Wednesday","Wednesday","Plays","US","USD","Jan","Sun"
"TRUE",2400,30,6,15,5,5,10,"Thursday","Saturday","Plays","IT","EUR","Oct","Tue"
"TRUE",2200,60,1,15,10,10,8,"Sunday","Wednesday","Plays","GB","GBP","Jun","Wed"
"TRUE",1e+05,34,3,20,1,1,15,"Monday","Monday","Plays","US","USD","Apr","Tue"
"TRUE",350,42.0581597222222,6,13,14,16,9,"Friday","Thursday","Plays","GB","GBP","May","Fri"
"TRUE",1000,22.2774537037037,5,15,21,3,3,"Friday","Wednesday","Plays","AU","AUD","Jul","Wed"
"TRUE",3200,35.2249305555556,4,16,16,21,21,"Tuesday","Monday","Plays","CA","CAD","Apr","Tue"
"TRUE",2500,18.0946990740741,6,20,11,13,21,"Wednesday","Thursday","Plays","US","USD","Jul","Sat"
"TRUE",315,9.19644675925926,7,15,12,17,14,"Sunday","Thursday","Plays","GB","GBP","Mar","Fri"
"TRUE",500,28.1197222222222,7,16,11,14,8,"Monday","Friday","Plays","GB","GBP","Jul","Mon"
"TRUE",1000,46.0434143518519,3,10,9,11,6,"Monday","Wednesday","Plays","GB","GBP","Aug","Thu"
"TRUE",900,30,9,14,11,11,19,"Wednesday","Sunday","Plays","US","USD","Dec","Mon"
"TRUE",2000,30,5,17,6,6,14,"Friday","Friday","Plays","GB","GBP","Dec","Wed"
"TRUE",1000,30,8,14,14,14,10,"Wednesday","Monday","Plays","GB","GBP","May","Mon"
"TRUE",1000,30,6,19,12,12,15,"Wednesday","Monday","Plays","US","USD","Aug","Mon"
"TRUE",5000,30,7,17,10,10,13,"Thursday","Tuesday","Plays","US","USD","Dec","Tue"
"TRUE",2000,27.9596875,3,13,1,1,22,"Wednesday","Tuesday","Plays","US","USD","Dec","Wed"
"TRUE",1500,30,2,15,15,15,12,"Thursday","Saturday","Plays","GB","GBP","Sep","Tue"
"TRUE",500,30,1,13,8,8,8,"Sunday","Friday","Plays","GB","GBP","May","Fri"
"TRUE",3000,30,3,10,4,4,15,"Saturday","Friday","Plays","GB","GBP","Oct","Thu"
"TRUE",5800,30,5,14,17,17,7,"Thursday","Wednesday","Plays","US","USD","Oct","Tue"
"TRUE",10000,31.3820949074074,4,17,13,22,17,"Wednesday","Friday","Plays","US","USD","Jul","Sun"
"TRUE",100,60,4,15,8,8,6,"Monday","Wednesday","Plays","US","USD","Oct","Thu"
"TRUE",600,26.4826041666667,5,12,13,1,1,"Sunday","Thursday","Plays","US","USD","Mar","Mon"
"TRUE",1500,30,1,15,12,12,12,"Saturday","Wednesday","Plays","GB","GBP","Mar","Thu"
"TRUE",500,30,9,12,12,12,10,"Thursday","Monday","Plays","GB","GBP","Mar","Tue"
"TRUE",900,38.0314583333333,2,14,22,22,10,"Saturday","Tuesday","Plays","US","USD","Jan","Wed"
"TRUE",1500,14,4,14,6,6,11,"Wednesday","Saturday","Plays","GB","GBP","Jul","Wed"
"TRUE",1000,14,2,10,21,21,21,"Monday","Sunday","Plays","US","USD","Mar","Mon"
"TRUE",3000,60,4,14,4,4,17,"Monday","Wednesday","Plays","US","USD","Feb","Thu"
"TRUE",3000,30,4,14,2,2,10,"Monday","Monday","Plays","GB","GBP","Jun","Sat"
"TRUE",3400,30,5,15,11,11,14,"Sunday","Thursday","Plays","US","USD","Nov","Fri"
"TRUE",7500,60,5,6,11,11,19,"Friday","Tuesday","Plays","US","USD","Jul","Mon"
"TRUE",500,45.2516898148148,6,15,7,14,11,"Monday","Friday","Plays","GB","GBP","May","Fri"
"TRUE",200,22.1295138888889,4,10,14,18,13,"Wednesday","Monday","Plays","GB","GBP","Apr","Tue"
"TRUE",4000,25,7,12,10,10,11,"Tuesday","Thursday","Plays","US","USD","May","Fri"
"TRUE",5000,30,2,16,3,3,14,"Monday","Wednesday","Plays","GB","GBP","Sep","Sat"
"TRUE",700,24.259212962963,8,14,16,22,13,"Friday","Tuesday","Plays","US","USD","Dec","Tue"
"TRUE",2000,57.3776967592593,5,18,13,22,16,"Tuesday","Thursday","Plays","US","USD","Dec","Mon"
"TRUE",3000,34.9527893518519,8,17,15,14,14,"Monday","Thursday","Plays","US","USD","Dec","Mon"
"TRUE",1600,25,1,12,20,20,9,"Saturday","Monday","Plays","US","USD","Aug","Tue"
"TRUE",2600,26.3242708333333,3,11,18,1,3,"Friday","Tuesday","Plays","US","USD","Feb","Sat"
"TRUE",1100,21,8,13,12,12,10,"Tuesday","Sunday","Plays","CA","CAD","Aug","Tue"
"TRUE",2500,14.6637731481481,8,13,8,23,10,"Wednesday","Tuesday","Plays","US","USD","Feb","Wed"
"TRUE",1000,18.4087731481481,1,10,14,23,13,"Tuesday","Friday","Plays","US","USD","Aug","Fri"
"TRUE",500,25.2051273148148,2,13,14,19,6,"Saturday","Friday","Plays","US","USD","Aug","Tue"
"TRUE",10,28,1,13,15,15,15,"Thursday","Sunday","Plays","US","USD","Sep","Thu"
"TRUE",2000,30,6,14,17,17,10,"Friday","Thursday","Plays","GB","GBP","Dec","Wed"
"TRUE",4000,60,6,16,16,16,18,"Tuesday","Tuesday","Plays","US","USD","Mar","Fri"
"TRUE",1500,30,4,16,15,15,15,"Thursday","Sunday","Plays","US","USD","Oct","Tue"
"TRUE",3000,6.27527777777778,5,14,19,1,13,"Friday","Wednesday","Plays","US","USD","Apr","Fri"
"TRUE",250,30,7,15,13,13,13,"Saturday","Wednesday","Plays","GB","GBP","Jan","Thu"
"TRUE",3000,30,6,13,9,9,7,"Sunday","Tuesday","Plays","GB","GBP","Jul","Fri"
"TRUE",550,14.036087962963,4,8,17,18,15,"Monday","Monday","Plays","GB","GBP","Nov","Mon"
"TRUE",800,31.8739583333333,1,14,12,9,7,"Friday","Saturday","Plays","GB","GBP","May","Mon"
"TRUE",1000,30,5,13,5,5,6,"Monday","Monday","Plays","GB","GBP","Jul","Sat"
"TRUE",2000,30,1,14,3,3,9,"Wednesday","Saturday","Plays","GB","GBP","Jul","Mon"
"TRUE",1500,23.3334953703704,6,16,3,12,4,"Sunday","Monday","Plays","GB","GBP","Mar","Fri"
"TRUE",5000,29.4877546296296,3,15,14,1,14,"Saturday","Sunday","Plays","US","USD","Jun","Thu"
"TRUE",5000,30.0475,5,20,15,16,10,"Wednesday","Wednesday","Plays","CH","CHF","Jan","Mon"
"TRUE",2000,23.2743171296296,3,18,10,16,16,"Wednesday","Friday","Plays","DK","DKK","May","Mon"
"TRUE",1500,46.3074074074074,2,8,15,22,10,"Tuesday","Thursday","Plays","US","USD","May","Fri"
"TRUE",3000,27.3748842592593,5,10,0,9,0,"Thursday","Sunday","Plays","US","USD","Feb","Fri"
"TRUE",250,25,5,15,15,15,8,"Tuesday","Wednesday","Plays","GB","GBP","Nov","Fri"
"TRUE",3000,22.27,6,16,16,23,19,"Saturday","Wednesday","Plays","US","USD","Mar","Fri"
"TRUE",8000,30,7,15,23,23,14,"Monday","Saturday","Plays","CA","CAD","Feb","Sat"
"TRUE",800,14,3,14,0,0,16,"Thursday","Wednesday","Plays","US","USD","Jun","Thu"
"TRUE",620,11.0210416666667,6,13,14,14,13,"Wednesday","Saturday","Plays","FR","EUR","Oct","Sat"
"TRUE",1200,21.3867824074074,6,6,16,2,20,"Thursday","Monday","Plays","US","USD","Jul","Wed"
"TRUE",3000,30,5,18,18,18,15,"Saturday","Thursday","Plays","GB","GBP","Jun","Thu"
"TRUE",1000,23.2167592592593,4,16,8,13,13,"Thursday","Tuesday","Plays","US","USD","Jun","Tue"
"TRUE",1000,30,3,15,11,11,7,"Thursday","Tuesday","Plays","GB","GBP","May","Tue"
"TRUE",220,13.4443171296296,6,14,7,18,8,"Sunday","Thursday","Plays","GB","GBP","May","Mon"
"TRUE",3500,20.5378819444444,2,14,10,22,13,"Sunday","Wednesday","Plays","US","USD","Jun","Mon"
"TRUE",3000,30,8,17,17,17,7,"Friday","Sunday","Plays","GB","GBP","Aug","Wed"
"TRUE",4000,34.1993402777778,2,13,2,6,15,"Wednesday","Thursday","Plays","GB","GBP","Oct","Thu"
"TRUE",4500,60,3,19,15,15,14,"Saturday","Thursday","Plays","DE","EUR","Jul","Tue"
"TRUE",50,12.3613194444444,3,17,9,18,9,"Sunday","Thursday","Plays","GB","GBP","May","Tue"
"TRUE",800,18,6,14,14,14,1,"Friday","Tuesday","Plays","US","USD","Aug","Mon"
"TRUE",12000,20.5916898148148,3,11,8,22,22,"Wednesday","Friday","Plays","US","USD","Jun","Thu"
"TRUE",2000,35,4,12,7,7,20,"Sunday","Wednesday","Plays","GB","GBP","Apr","Sun"
"TRUE",2000,34.4462847222222,6,16,13,23,22,"Monday","Tuesday","Plays","US","USD","May","Tue"
"TRUE",3000,21,9,13,5,5,7,"Wednesday","Sunday","Plays","US","USD","Sep","Wed"
"TRUE",1000,10,6,13,9,9,16,"Friday","Sunday","Plays","US","USD","Jan","Tue"
"TRUE",3000,33.6055787037037,6,13,11,1,23,"Monday","Monday","Plays","US","USD","May","Tue"
"TRUE",3500,30,6,12,21,21,9,"Wednesday","Thursday","Plays","US","USD","Sep","Mon"
"TRUE",750,30,1,14,23,23,11,"Tuesday","Monday","Plays","US","USD","Aug","Sun"
"TRUE",5000,25.281724537037,6,15,9,16,14,"Monday","Monday","Plays","US","USD","Apr","Thu"
"TRUE",350,14.5032407407407,8,12,10,22,15,"Friday","Thursday","Plays","US","USD","Aug","Fri"
"TRUE",5000,30,4,16,0,0,13,"Friday","Wednesday","Plays","US","USD","May","Wed"
"TRUE",3000,30,4,13,13,13,15,"Friday","Sunday","Plays","GB","GBP","Jul","Wed"
"TRUE",3000,29.1071875,2,15,14,17,17,"Sunday","Friday","Plays","US","USD","May","Sat"
"TRUE",1500,30,2,15,9,9,11,"Thursday","Wednesday","Plays","US","USD","Oct","Tue"
"TRUE",40000,44.5070717592593,8,7,10,22,14,"Sunday","Thursday","Plays","US","USD","Jan","Fri"
"TRUE",1000,9.03496527777778,4,9,18,19,17,"Thursday","Saturday","Plays","US","USD","Sep","Tue"
"TRUE",333,29.704525462963,4,15,23,16,1,"Monday","Wednesday","Plays","GB","GBP","Oct","Sat"
"TRUE",3500,36.9494560185185,6,12,22,21,12,"Sunday","Sunday","Plays","US","USD","Apr","Fri"
"TRUE",4000,20,4,15,14,14,16,"Sunday","Sunday","Plays","US","USD","Dec","Mon"
"TRUE",2000,60,9,17,8,8,7,"Friday","Thursday","Plays","GB","GBP","Dec","Mon"
"TRUE",2000,21,3,16,6,6,5,"Tuesday","Wednesday","Plays","GB","GBP","Apr","Tue"
"TRUE",5000,30,9,11,13,13,14,"Wednesday","Wednesday","Plays","US","USD","Feb","Mon"
"TRUE",2500,30,6,16,9,9,17,"Wednesday","Tuesday","Plays","US","USD","Sep","Mon"
"TRUE",500,30.0810185185185,3,7,9,11,8,"Tuesday","Saturday","Plays","US","USD","Aug","Sun"
"TRUE",1500,30,2,16,7,7,4,"Thursday","Monday","Plays","GB","GBP","May","Tue"
"TRUE",3000,37.4196296296296,1,14,7,17,6,"Sunday","Saturday","Plays","GB","GBP","Jun","Fri"
"TRUE",1050,38.7864814814815,6,13,7,1,17,"Saturday","Monday","Plays","US","USD","Jul","Tue"
"TRUE",300,60,6,12,11,11,10,"Tuesday","Tuesday","Plays","GB","GBP","Apr","Fri"
"TRUE",2827,21.2070138888889,5,11,8,13,14,"Monday","Sunday","Plays","US","USD","Jun","Mon"
"TRUE",1500,15,8,13,16,16,14,"Friday","Tuesday","Plays","US","USD","Aug","Thu"
"TRUE",1000,21.1780324074074,7,10,20,0,16,"Friday","Tuesday","Plays","US","USD","Jun","Thu"
"TRUE",700,14,4,16,22,22,19,"Thursday","Sunday","Plays","US","USD","Jun","Thu"
"TRUE",1000,30,4,12,11,11,8,"Wednesday","Monday","Plays","GB","GBP","May","Mon"
"TRUE",1300,25,6,10,8,8,15,"Friday","Monday","Plays","US","USD","Mar","Mon"
"TRUE",500,25.9424421296296,5,9,12,11,15,"Sunday","Friday","Plays","US","USD","May","Tue"
"TRUE",7500,21.118900462963,4,14,23,1,21,"Sunday","Tuesday","Plays","US","USD","May","Sat"
"TRUE",2000,20,6,14,12,12,18,"Saturday","Friday","Plays","US","USD","May","Sun"
"TRUE",10000,31.6096412037037,3,16,8,22,9,"Monday","Saturday","Plays","US","USD","Apr","Fri"
"TRUE",3500,57.5821875,3,12,17,7,17,"Tuesday","Friday","Plays","GB","GBP","Feb","Sun"
"TRUE",800,30,4,14,15,15,17,"Thursday","Saturday","Plays","US","USD","Dec","Tue"
"TRUE",4000,31,6,13,15,15,7,"Saturday","Tuesday","Plays","GB","GBP","Apr","Wed"
"TRUE",500,30,2,10,11,11,4,"Friday","Friday","Plays","GB","GBP","Jan","Wed"
"TRUE",200,30,1,8,12,12,8,"Monday","Saturday","Plays","GB","GBP","May","Sat"
"TRUE",3300,22,3,6,18,18,0,"Thursday","Monday","Plays","US","USD","Jun","Wed"
"TRUE",5000,21,8,17,17,17,13,"Wednesday","Wednesday","Plays","US","USD","Oct","Wed"
"TRUE",1500,30.2857986111111,7,18,10,16,14,"Thursday","Monday","Plays","CA","CAD","Jan","Tue"
"TRUE",4500,30,2,6,13,13,6,"Sunday","Thursday","Plays","GB","GBP","Oct","Fri"
"TRUE",4300,29.4668981481481,8,16,6,18,16,"Wednesday","Tuesday","Plays","GB","GBP","Apr","Tue"
"TRUE",300,16.9506134259259,7,16,16,15,15,"Thursday","Thursday","Plays","GB","GBP","Feb","Mon"
"TRUE",850,27.7341319444444,3,12,22,16,20,"Friday","Wednesday","Plays","US","USD","Apr","Fri"
"TRUE",1000,30,6,14,17,17,8,"Tuesday","Wednesday","Plays","GB","GBP","Aug","Sun"
"TRUE",6000,30,5,15,10,10,15,"Friday","Wednesday","Plays","US","USD","Feb","Wed"
"TRUE",100,27.987662037037,6,17,18,17,17,"Tuesday","Tuesday","Plays","GB","GBP","Mar","Tue"
"TRUE",650,31.8007407407407,2,15,1,20,20,"Friday","Saturday","Plays","US","USD","May","Tue"
"TRUE",3000,30,4,14,13,13,5,"Friday","Tuesday","Plays","GB","GBP","Nov","Wed"
"TRUE",2000,24.2568055555556,5,16,19,2,1,"Friday","Monday","Plays","US","USD","Jun","Mon"
"TRUE",2000,30.0038657407407,9,15,11,11,11,"Friday","Tuesday","Plays","US","USD","May","Wed"
"TRUE",9500,25.6936458333333,4,14,1,18,4,"Friday","Tuesday","Plays","GB","GBP","Sep","Mon"
"TRUE",2500,28,3,18,5,5,1,"Thursday","Monday","Plays","GB","GBP","May","Thu"
"TRUE",3000,12.3262962962963,2,10,15,22,17,"Sunday","Wednesday","Plays","US","USD","Apr","Tue"
"TRUE",3000,30,5,9,14,14,18,"Thursday","Monday","Plays","US","USD","Jun","Tue"
"TRUE",2500,28.1655787037037,2,15,12,16,8,"Sunday","Tuesday","Plays","GB","GBP","Oct","Sun"
"TRUE",2700,19.9556365740741,4,6,22,21,16,"Saturday","Wednesday","Plays","US","USD","Sep","Sun"
"TRUE",800,15,4,15,17,17,5,"Friday","Wednesday","Plays","GB","GBP","Jan","Thu"
"TRUE",1000,29.296099537037,3,13,10,18,12,"Friday","Thursday","Plays","GB","GBP","Nov","Thu"
"TRUE",850,40,7,22,16,16,14,"Wednesday","Monday","Plays","CA","CAD","Oct","Fri"
"TRUE",2000,22.3090740740741,7,14,9,17,19,"Wednesday","Tuesday","Plays","US","USD","Jul","Tue"
"TRUE",3500,22.9674305555556,5,18,0,23,14,"Sunday","Wednesday","Plays","US","USD","Aug","Sat"
"TRUE",2500,21.7143634259259,6,15,18,12,5,"Wednesday","Monday","Plays","GB","GBP","Feb","Tue"
"TRUE",1000,60,5,13,4,4,6,"Saturday","Friday","Plays","GB","GBP","Feb","Tue"
"TRUE",2000,50.4316319444444,5,14,7,18,10,"Wednesday","Saturday","Plays","GB","GBP","Jun","Tue"
"TRUE",1500,30,3,11,14,14,12,"Saturday","Thursday","Plays","US","USD","Feb","Thu"
"TRUE",250,33.8313310185185,3,12,10,6,14,"Tuesday","Sunday","Plays","GB","GBP","Apr","Wed"
"TRUE",2000,46.4147222222222,4,15,13,22,14,"Sunday","Thursday","Plays","CA","CAD","Apr","Wed"
"TRUE",2100,38.6291550925926,2,14,1,16,16,"Tuesday","Friday","Plays","US","USD","May","Sat"
"TRUE",1500,36.3035648148148,11,16,15,22,14,"Tuesday","Monday","Plays","US","USD","Feb","Mon"
"TRUE",1000,29.6984143518519,7,8,1,18,12,"Thursday","Tuesday","Plays","GB","GBP","Jul","Wed"
"TRUE",1500,30,6,15,11,11,23,"Thursday","Wednesday","Plays","US","USD","Jun","Tue"
"TRUE",2000,16.4690277777778,5,16,11,22,15,"Friday","Saturday","Plays","US","USD","Oct","Wed"
"TRUE",250,30,6,13,14,14,19,"Thursday","Sunday","Plays","US","USD","Feb","Tue"
"TRUE",1000,18.6668518518519,9,10,0,16,13,"Friday","Tuesday","Plays","US","USD","Jun","Mon"
"TRUE",300,30,2,12,10,10,9,"Sunday","Friday","Plays","GB","GBP","Jun","Fri"
"TRUE",3500,32,8,14,22,22,13,"Sunday","Wednesday","Plays","US","USD","Dec","Wed"
"TRUE",3500,13.6421296296296,5,8,7,22,22,"Tuesday","Tuesday","Plays","US","USD","Aug","Wed"
"TRUE",1000,30.1655902777778,6,19,13,17,17,"Sunday","Sunday","Plays","CA","CAD","Apr","Fri"
"TRUE",6000,30,8,13,11,11,15,"Friday","Friday","Plays","US","USD","Jun","Wed"
"TRUE",3200,30,4,14,10,10,18,"Sunday","Tuesday","Plays","US","USD","Aug","Fri"
"TRUE",2000,14.9314814814815,3,12,20,19,14,"Sunday","Tuesday","Plays","US","USD","Nov","Sat"
"TRUE",5000,28.348287037037,7,17,13,22,9,"Thursday","Tuesday","Plays","US","USD","Dec","Thu"
"TRUE",5000,28.0049652777778,7,14,20,20,20,"Thursday","Friday","Plays","US","USD","Aug","Thu"
"TRUE",8000,28.3994675925926,6,16,11,21,14,"Wednesday","Monday","Plays","US","USD","Oct","Wed"
"TRUE",70,16.8109953703704,2,12,11,7,9,"Sunday","Thursday","Plays","GB","GBP","Feb","Thu"
"TRUE",3000,59.2535416666667,6,15,15,21,9,"Sunday","Wednesday","Plays","US","USD","Jan","Thu"
"TRUE",750,9.60871527777778,6,15,10,0,18,"Monday","Monday","Plays","US","USD","Oct","Fri"
"TRUE",5000,16.4256597222222,1,13,13,0,21,"Tuesday","Monday","Plays","US","USD","Dec","Sat"
"TRUE",3000,20.1674768518519,2,14,16,21,12,"Sunday","Wednesday","Plays","US","USD","Aug","Mon"
"TRUE",3500,21,3,14,16,16,5,"Wednesday","Wednesday","Plays","US","USD","Mar","Wed"
"TRUE",350,31,2,9,10,10,18,"Sunday","Wednesday","Plays","GB","GBP","Sep","Thu"
"TRUE",6500,30,6,11,17,17,15,"Tuesday","Sunday","Plays","US","USD","Sep","Sun"
"TRUE",2500,21.0654398148148,2,12,14,16,8,"Friday","Thursday","Plays","US","USD","Oct","Fri"
"TRUE",2000,13.7972569444444,2,12,23,19,22,"Tuesday","Tuesday","Plays","US","USD","Jan","Tue"
"TRUE",800,27.5693171296296,3,16,1,15,16,"Friday","Sunday","Plays","GB","GBP","Apr","Sat"
"TRUE",4000,30,7,14,2,2,16,"Friday","Tuesday","Plays","GB","GBP","Apr","Wed"
"TRUE",11737,32.7079282407407,4,8,15,8,19,"Friday","Tuesday","Plays","US","USD","Jul","Sun"
"TRUE",1050,30,3,12,19,19,11,"Tuesday","Thursday","Plays","US","USD","May","Sun"
"TRUE",2000,39.8438310185185,6,8,1,21,3,"Sunday","Monday","Plays","CA","CAD","Mar","Wed"
"TRUE",500,45,3,17,8,8,19,"Saturday","Tuesday","Plays","GB","GBP","Dec","Wed"
"TRUE",2500,30,9,12,20,20,15,"Tuesday","Saturday","Plays","US","USD","May","Sun"
"TRUE",500,14.0656828703704,8,19,21,22,20,"Wednesday","Wednesday","Plays","US","USD","Oct","Wed"
"TRUE",3300,22.1528240740741,6,13,19,22,13,"Tuesday","Wednesday","Plays","US","USD","May","Mon"
"TRUE",1000,30,2,14,3,3,15,"Sunday","Tuesday","Plays","GB","GBP","Aug","Fri"
"TRUE",1500,14,4,10,8,8,7,"Sunday","Wednesday","Plays","IE","EUR","May","Sun"
"TRUE",400,35,5,21,12,12,16,"Sunday","Wednesday","Plays","GB","GBP","Mar","Sun"
"TRUE",8000,30,3,14,11,11,15,"Sunday","Monday","Plays","US","USD","Feb","Fri"
"TRUE",31000,44,9,19,23,23,10,"Thursday","Tuesday","Plays","US","USD","Mar","Tue"
"TRUE",800,30,5,20,3,3,13,"Sunday","Sunday","Plays","GB","GBP","Apr","Fri"
"TRUE",1800,2.46663194444444,6,16,8,20,6,"Friday","Wednesday","Plays","US","USD","Jul","Wed"
"TRUE",1000,10.6353240740741,2,12,2,18,15,"Sunday","Monday","Plays","GB","GBP","Jul","Thu"
"TRUE",1500,30,7,12,15,15,6,"Wednesday","Thursday","Plays","GB","GBP","Mar","Mon"
"TRUE",5000,35,10,17,11,11,8,"Tuesday","Tuesday","Plays","US","USD","Sep","Tue"
"TRUE",6000,30,1,14,15,15,16,"Saturday","Saturday","Plays","US","USD","Jun","Thu"
"TRUE",3500,22,7,17,11,11,9,"Monday","Sunday","Plays","US","USD","May","Sun"
"TRUE",3871,30,7,10,7,7,9,"Thursday","Thursday","Plays","US","USD","Jun","Tue"
"TRUE",5000,27.2841898148148,9,16,11,18,8,"Sunday","Thursday","Plays","GB","GBP","Jul","Mon"
"TRUE",250,28,2,15,3,3,6,"Tuesday","Monday","Plays","GB","GBP","Mar","Tue"
"TRUE",2500,21.592974537037,6,14,1,16,6,"Friday","Wednesday","Plays","GB","GBP","Sep","Fri"
"TRUE",8000,30,7,12,10,10,11,"Thursday","Monday","Plays","US","USD","Jun","Tue"
"TRUE",3350,22.9094791666667,3,19,14,12,12,"Sunday","Friday","Plays","GB","GBP","May","Fri"
"TRUE",6000,32.9528935185185,5,9,1,23,15,"Tuesday","Wednesday","Plays","US","USD","Feb","Fri"
"TRUE",700,20.6376851851852,5,14,16,8,8,"Wednesday","Thursday","Plays","GB","GBP","Mar","Wed"
"TRUE",4500,30,4,13,23,23,12,"Friday","Monday","Plays","US","USD","Jul","Wed"
"TRUE",500,58.96125,6,15,20,19,19,"Friday","Friday","Plays","US","USD","Feb","Tue"
"TRUE",1500,7,7,15,18,18,20,"Wednesday","Monday","Plays","US","USD","Feb","Wed"
"TRUE",2000,14.3234490740741,7,17,8,16,8,"Sunday","Thursday","Plays","GB","GBP","Apr","Sun"
"TRUE",1250,28.3500694444444,7,11,16,1,14,"Thursday","Sunday","Plays","US","USD","Jan","Wed"
"TRUE",1000,25.282662037037,7,11,16,22,12,"Monday","Thursday","Plays","US","USD","Jan","Thu"
"TRUE",1000,14,7,18,7,7,20,"Thursday","Tuesday","Plays","GB","GBP","Apr","Thu"
"TRUE",6000,21,8,13,13,13,23,"Wednesday","Tuesday","Plays","US","USD","Oct","Wed"
"TRUE",5000,29.6855671296296,5,11,23,16,8,"Friday","Tuesday","Plays","US","USD","Jul","Wed"
"TRUE",2500,14,1,8,8,8,11,"Wednesday","Saturday","Plays","GB","GBP","Jun","Wed"
"TRUE",1000,30,6,13,23,23,16,"Thursday","Tuesday","Plays","US","USD","Jun","Tue"
"TRUE",2000,30,4,13,11,11,12,"Friday","Monday","Plays","US","USD","Jun","Wed"
"TRUE",3000,19.1952083333333,3,10,18,23,21,"Wednesday","Friday","Plays","US","USD","Feb","Fri"
"TRUE",3000,30,7,18,16,16,19,"Wednesday","Monday","Plays","US","USD","Jan","Mon"
"TRUE",2000,30.2666782407407,9,18,16,23,12,"Thursday","Monday","Plays","US","USD","Aug","Tue"
"TRUE",2000,45,6,12,0,0,16,"Wednesday","Tuesday","Plays","US","USD","Jun","Sun"
"TRUE",10000,30,9,20,5,5,23,"Tuesday","Sunday","Plays","AU","AUD","Jun","Sun"
"TRUE",50,16.1000115740741,6,15,10,13,10,"Thursday","Saturday","Plays","GB","GBP","Feb","Tue"
"TRUE",700,16.4323958333333,5,16,7,18,23,"Friday","Monday","Plays","US","USD","May","Wed"
"TRUE",800,30,1,12,7,7,5,"Saturday","Thursday","Plays","GB","GBP","Jun","Thu"
"TRUE",8000,30,4,15,17,17,9,"Tuesday","Saturday","Plays","GB","GBP","Jun","Sun"
"TRUE",5000,14.9916550925926,8,13,11,11,7,"Friday","Thursday","Plays","GB","GBP","Jul","Thu"
"TRUE",5000,31.4019675925926,2,12,1,11,6,"Friday","Tuesday","Plays","GB","GBP","May","Tue"
"TRUE",1000,60,7,13,7,7,12,"Sunday","Monday","Plays","GB","GBP","Nov","Wed"
"TRUE",500,22.2151736111111,3,11,0,6,4,"Friday","Saturday","Plays","AU","AUD","Sep","Thu"
"TRUE",3000,30,8,16,10,10,9,"Thursday","Monday","Plays","GB","GBP","Jul","Tue"
"TRUE",10000,42.9343055555556,10,16,20,19,12,"Wednesday","Monday","Plays","US","USD","Jun","Tue"
"TRUE",1000,30,3,12,5,5,15,"Monday","Wednesday","Plays","GB","GBP","Aug","Sat"
"TRUE",400,25,8,19,7,7,5,"Saturday","Thursday","Plays","GB","GBP","Jul","Tue"
"TRUE",3000,36.191087962963,4,15,1,6,6,"Wednesday","Wednesday","Plays","GB","GBP","Jun","Tue"
"TRUE",5000,30,4,4,15,15,17,"Monday","Tuesday","Plays","US","USD","May","Sat"
"TRUE",4500,30,6,16,15,15,13,"Saturday","Monday","Plays","US","USD","Jul","Thu"
"TRUE",2500,8.11359953703704,2,13,6,9,14,"Wednesday","Thursday","Plays","US","USD","Mar","Tue"
"TRUE",2500,32.0263425925926,9,14,22,22,21,"Saturday","Thursday","Plays","US","USD","Apr","Tue"
"TRUE",10000,30,3,10,5,5,10,"Monday","Tuesday","Plays","GB","GBP","Jan","Sat"
"TRUE",5000,45.4641435185185,6,14,11,23,18,"Sunday","Monday","Plays","CA","CAD","Feb","Thu"
"TRUE",2800,25,7,15,11,11,9,"Wednesday","Thursday","Plays","US","USD","Nov","Sat"
"TRUE",1500,30,3,14,4,4,15,"Saturday","Saturday","Plays","GB","GBP","Apr","Thu"
"TRUE",250,30,3,13,13,13,14,"Sunday","Wednesday","Plays","CA","CAD","Jul","Fri"
"TRUE",3000,30.1991666666667,10,15,6,11,5,"Sunday","Wednesday","Plays","GB","GBP","Jul","Fri"
"TRUE",600,40,3,18,9,9,8,"Saturday","Monday","Plays","GB","GBP","Jan","Mon"
"TRUE",10000,20,5,13,9,9,8,"Wednesday","Sunday","Plays","US","USD","Sep","Thu"
"TRUE",5000,30,7,14,7,7,5,"Sunday","Tuesday","Plays","GB","GBP","May","Fri"
"TRUE",200,24.3890162037037,5,16,8,18,5,"Thursday","Monday","Plays","GB","GBP","Feb","Mon"
"TRUE",5500,23.6071759259259,1,14,8,22,22,"Friday","Friday","Plays","US","USD","Apr","Wed"
"TRUE",1000,21.5975462962963,5,15,21,12,18,"Monday","Tuesday","Plays","US","USD","May","Sun"
"TRUE",3500,35.215150462963,1,20,11,17,9,"Sunday","Tuesday","Plays","LU","EUR","Oct","Sun"
"TRUE",5000,37.0629050925926,5,13,4,6,9,"Wednesday","Thursday","Plays","GB","GBP","Jun","Mon"
"TRUE",5000,56.9655324074074,5,15,18,18,4,"Friday","Sunday","Plays","GB","GBP","May","Thu"
"TRUE",500,13.5260416666667,5,16,5,18,17,"Monday","Monday","Plays","GB","GBP","Apr","Tue"
"TRUE",3000,35.4404398148148,7,10,12,23,19,"Wednesday","Thursday","Plays","US","USD","Sep","Wed"
"TRUE",1750,10.8506134259259,3,16,9,6,6,"Tuesday","Tuesday","Plays","GB","GBP","Apr","Fri"
"TRUE",1500,30,7,16,14,14,14,"Friday","Monday","Plays","GB","GBP","Jun","Wed"
"TRUE",2000,30,8,15,5,5,10,"Friday","Tuesday","Plays","GB","GBP","Jul","Wed"
"TRUE",10000,30,8,12,2,2,18,"Wednesday","Wednesday","Plays","US","USD","Oct","Mon"
"TRUE",9000,21.5832986111111,2,8,19,9,3,"Wednesday","Monday","Plays","SG","SGD","Nov","Tue"
"TRUE",5000,17.640625,6,12,19,10,0,"Monday","Wednesday","Plays","US","USD","Aug","Thu"
"TRUE",500,14.1132291666667,7,15,20,22,12,"Friday","Wednesday","Plays","US","USD","Feb","Fri"
"TRUE",7750,18.8953125,4,17,13,11,2,"Tuesday","Wednesday","Plays","US","USD","Jul","Thu"
"TRUE",3000,21.9392476851852,3,14,17,16,8,"Tuesday","Saturday","Plays","GB","GBP","Feb","Mon"
"TRUE",2500,30,3,18,20,20,15,"Saturday","Friday","Plays","US","USD","Nov","Thu"
"TRUE",500,30,3,14,20,20,19,"Tuesday","Sunday","Plays","US","USD","Apr","Sun"
"TRUE",750,25,5,16,17,17,8,"Saturday","Thursday","Plays","GB","GBP","Jul","Tue"
"TRUE",1000,36.0085763888889,8,11,22,23,13,"Wednesday","Sunday","Plays","US","USD","Nov","Tue"
"TRUE",5000,60,5,13,18,18,12,"Saturday","Monday","Plays","IE","EUR","Nov","Tue"
"TRUE",200,28,8,12,14,14,14,"Wednesday","Wednesday","Plays","US","USD","Nov","Wed"
"TRUE",1000,20.659537037037,3,11,8,23,14,"Sunday","Saturday","Plays","US","USD","Aug","Mon"
"TRUE",2000,23.812037037037,7,12,15,11,6,"Saturday","Friday","Plays","GB","GBP","Jun","Wed"
"TRUE",3500,30,4,13,12,12,12,"Wednesday","Monday","Plays","CA","CAD","Sep","Mon"
"TRUE",3000,12,5,15,9,9,9,"Sunday","Thursday","Plays","GB","GBP","May","Tue"
"TRUE",8000,60,2,19,10,10,18,"Saturday","Friday","Plays","US","USD","Feb","Tue"
"TRUE",8000,30.0145949074074,3,16,11,11,5,"Friday","Monday","Plays","GB","GBP","Feb","Wed"
"TRUE",5000,59.1194791666667,3,17,14,16,11,"Tuesday","Saturday","Plays","DE","EUR","Nov","Sat"
"TRUE",5000,60,7,20,7,7,21,"Wednesday","Sunday","Plays","US","USD","Nov","Sat"
"TRUE",500,20,2,12,15,15,11,"Wednesday","Friday","Plays","US","USD","Aug","Thu"
"TRUE",100,14,2,13,12,12,11,"Friday","Friday","Plays","US","USD","May","Fri"
"TRUE",500,21,6,15,15,15,6,"Wednesday","Monday","Plays","US","USD","Oct","Wed"
"TRUE",1200,45,5,14,20,20,22,"Friday","Monday","Plays","US","USD","Jan","Tue"
"TRUE",1200,10.9255555555556,4,14,14,13,12,"Monday","Thursday","Plays","CA","CAD","Nov","Thu"
"TRUE",3000,30,3,12,5,5,11,"Thursday","Monday","Plays","GB","GBP","May","Tue"
"TRUE",200,21,7,16,17,17,10,"Thursday","Saturday","Plays","GB","GBP","Mar","Thu"
"TRUE",800,31.2463888888889,7,11,17,23,23,"Tuesday","Wednesday","Plays","US","USD","Jul","Sat"
"TRUE",2000,36,4,8,13,13,12,"Friday","Thursday","Plays","GB","GBP","May","Thu"
"TRUE",2500,34.2557407407407,1,14,16,22,10,"Sunday","Sunday","Plays","US","USD","Jun","Mon"
"TRUE",250,11.9439467592593,7,14,10,8,8,"Monday","Wednesday","Plays","GB","GBP","Jul","Wed"
"TRUE",5000,21,6,16,20,20,17,"Tuesday","Wednesday","Plays","US","USD","May","Tue"
"TRUE",600,30,8,10,5,5,13,"Thursday","Wednesday","Plays","GB","GBP","Apr","Tue"
"TRUE",3000,55.1134143518519,3,24,16,19,4,"Thursday","Thursday","Plays","GB","GBP","Jan","Fri"
"TRUE",1e+05,30,7,19,12,12,7,"Friday","Saturday","Plays","SE","SEK","Apr","Wed"
"TRUE",2000,60,7,16,22,22,23,"Wednesday","Saturday","Plays","US","USD","May","Sat"
"TRUE",1,25,3,14,10,10,4,"Monday","Monday","Plays","GB","GBP","Mar","Thu"
"FALSE",5000,25,3,14,20,20,1,"Saturday","Friday","Plays","US","USD","May","Tue"
"FALSE",9800,26.6736805555556,8,15,9,1,9,"Tuesday","Monday","Plays","US","USD","May","Wed"
"FALSE",10000,60,4,18,13,13,0,"Sunday","Friday","Plays","US","USD","May","Wed"
"FALSE",5000,30,4,17,6,6,12,"Sunday","Sunday","Plays","GB","GBP","Apr","Fri"
"FALSE",10500,45,2,13,0,0,11,"Sunday","Wednesday","Plays","US","USD","Jun","Thu"
"FALSE",13000,30,8,15,14,14,12,"Sunday","Wednesday","Plays","US","USD","Sep","Fri"
"FALSE",30000,30,4,15,13,13,5,"Thursday","Saturday","Plays","DE","EUR","May","Tue"
"FALSE",1000,30,4,8,20,20,0,"Wednesday","Sunday","Plays","US","USD","Dec","Mon"
"FALSE",2500,30,2,13,5,5,11,"Friday","Saturday","Plays","GB","GBP","Jun","Wed"
"FALSE",40000,30,4,15,10,10,11,"Thursday","Tuesday","Plays","US","USD","Sep","Tue"
"FALSE",7000,31.0694212962963,3,16,0,1,3,"Saturday","Saturday","Plays","US","USD","Sep","Wed"
"FALSE",12000,30,8,14,22,22,20,"Tuesday","Sunday","Plays","US","USD","Feb","Sun"
"FALSE",7000,29.0615509259259,5,17,18,19,9,"Saturday","Friday","Plays","US","USD","Jun","Fri"
"FALSE",5000,44.8699189814815,3,15,11,8,9,"Thursday","Monday","Plays","US","USD","Aug","Mon"
"FALSE",3000,60,7,14,10,10,13,"Sunday","Wednesday","Plays","GB","GBP","Aug","Wed"
"FALSE",20000,30,3,14,1,1,21,"Thursday","Monday","Plays","US","USD","Nov","Tue"
"FALSE",2885,28,4,14,10,10,22,"Monday","Monday","Plays","US","USD","Jun","Mon"
"FALSE",3255,31,4,17,16,16,21,"Saturday","Wednesday","Plays","US","USD","May","Wed"
"FALSE",5000,3.78728009259259,3,13,4,23,21,"Monday","Tuesday","Plays","AU","AUD","Oct","Fri"
"FALSE",5000,45,1,13,5,5,5,"Friday","Sunday","Plays","US","USD","Nov","Tue"
"FALSE",5500,27.4127662037037,5,17,9,19,4,"Monday","Thursday","Plays","US","USD","Oct","Tue"
"FALSE",1200,60,2,15,16,16,16,"Tuesday","Friday","Plays","US","USD","Apr","Fri"
"FALSE",5000,30.8811574074074,8,15,13,10,10,"Monday","Monday","Plays","US","USD","Oct","Fri"
"FALSE",5000,30,4,15,10,10,9,"Thursday","Tuesday","Plays","US","USD","Jul","Tue"
"FALSE",2000,30,7,18,14,14,22,"Friday","Tuesday","Plays","US","USD","Apr","Wed"
"FALSE",6000,31.4997453703704,6,8,14,2,15,"Saturday","Monday","Plays","US","USD","Jan","Tue"
"FALSE",3000,30,5,15,22,22,18,"Saturday","Monday","Plays","US","USD","Sep","Thu"
"FALSE",20000,30,5,12,23,23,13,"Tuesday","Monday","Plays","US","USD","Jul","Sun"
"FALSE",5000,45,7,15,22,22,10,"Sunday","Tuesday","Plays","US","USD","Feb","Thu"
"FALSE",1000,30,7,14,11,11,10,"Monday","Friday","Plays","US","USD","Jul","Sat"
"FALSE",5500,30.388125,3,17,12,21,12,"Friday","Thursday","Plays","US","USD","Dec","Wed"
"FALSE",850,59.8225347222222,4,15,10,6,9,"Saturday","Tuesday","Plays","NL","EUR","Nov","Tue"
"FALSE",1500,9.91310185185185,2,11,19,17,17,"Saturday","Wednesday","Plays","US","USD","Apr","Wed"
"FALSE",1500,60,2,13,16,16,6,"Monday","Thursday","Plays","US","USD","Mar","Thu"
"FALSE",150,30,3,11,11,11,11,"Thursday","Monday","Plays","GB","GBP","Apr","Tue"
"FALSE",1500,38.0799421296296,6,14,11,13,9,"Monday","Thursday","Plays","GB","GBP","Feb","Fri"
"FALSE",700,22.5582986111111,3,12,11,0,12,"Thursday","Friday","Plays","US","USD","Oct","Tue"
"FALSE",1500,21.9779513888889,6,11,17,17,17,"Tuesday","Sunday","Plays","GB","GBP","Jun","Mon"
"FALSE",4000,20,8,15,5,5,12,"Sunday","Sunday","Plays","GB","GBP","Jun","Mon"
"FALSE",2000,29.9893865740741,4,14,21,20,16,"Monday","Saturday","Plays","US","USD","Jul","Sat"
"FALSE",20000,30,3,12,16,16,10,"Thursday","Tuesday","Plays","US","USD","Nov","Tue"
"FALSE",5000,30,4,14,0,0,11,"Saturday","Wednesday","Plays","US","USD","Aug","Thu"
"FALSE",2200,30,2,9,12,12,8,"Thursday","Friday","Plays","US","USD","Jun","Tue"
"FALSE",1200,31.351712962963,5,14,14,22,6,"Friday","Monday","Plays","US","USD","Jun","Tue"
"FALSE",100,30,4,12,11,11,13,"Sunday","Wednesday","Plays","US","USD","Jul","Fri"
"FALSE",8500,30,8,4,4,4,10,"Saturday","Saturday","Plays","US","USD","Sep","Thu"
"FALSE",2500,26.6579166666667,2,11,2,17,6,"Sunday","Friday","Plays","GB","GBP","Jun","Tue"
"FALSE",5500,60,7,14,9,9,10,"Wednesday","Saturday","Plays","US","USD","Oct","Sat"
"FALSE",750,30,6,12,9,9,13,"Sunday","Thursday","Plays","US","USD","Apr","Fri"
"FALSE",10000,35.3044328703704,8,18,15,22,18,"Friday","Tuesday","Plays","US","USD","Jan","Fri"
"FALSE",45000,30,7,11,11,11,0,"Friday","Sunday","Plays","US","USD","Nov","Wed"
"FALSE",400,30,2,9,19,19,12,"Friday","Tuesday","Plays","US","USD","Feb","Wed"
"FALSE",200,4.53305555555556,5,15,10,22,12,"Friday","Sunday","Plays","US","USD","Sep","Mon"
"FALSE",3000,30,8,19,4,4,15,"Sunday","Sunday","Plays","US","USD","Dec","Fri"
"FALSE",30000,7.6724537037037,9,14,7,23,13,"Friday","Thursday","Plays","US","USD","Oct","Fri"
"FALSE",3000,30,2,12,15,15,14,"Friday","Monday","Plays","US","USD","Jul","Wed"
"FALSE",2000,28.382037037037,2,13,12,22,8,"Friday","Tuesday","Plays","US","USD","Jul","Fri"
"FALSE",10000,60,3,13,15,15,12,"Friday","Wednesday","Plays","US","USD","Feb","Mon"
"FALSE",5500,7.16083333333333,2,12,12,16,21,"Monday","Wednesday","Plays","US","USD","Aug","Mon"
"FALSE",5000,59.3102430555556,4,5,12,20,20,"Thursday","Friday","Plays","US","USD","Nov","Mon"
"FALSE",50000,60,10,12,17,17,8,"Friday","Saturday","Plays","US","USD","Feb","Mon"
"FALSE",500,1.31953703703704,8,13,8,16,9,"Sunday","Friday","Plays","US","USD","Jun","Sat"
"FALSE",3000,14.3411921296296,9,10,15,0,15,"Monday","Tuesday","Plays","US","USD","Nov","Sun"
"FALSE",12000,29.9986921296296,1,15,10,10,17,"Sunday","Sunday","Plays","US","USD","Sep","Fri"
"FALSE",7500,30,5,16,10,10,11,"Saturday","Saturday","Plays","US","USD","Oct","Thu"
"FALSE",10000,60,3,15,20,20,10,"Saturday","Thursday","Plays","US","USD","May","Tue"
"FALSE",5500,30,4,14,0,0,0,"Saturday","Saturday","Plays","US","USD","Jul","Thu"
"FALSE",750,60,4,15,15,15,13,"Saturday","Tuesday","Plays","US","USD","Dec","Tue"
"FALSE",150000,30,6,12,5,5,18,"Monday","Wednesday","Plays","US","USD","Jul","Sat"
"FALSE",5000,60,5,15,23,23,11,"Tuesday","Friday","Plays","US","USD","Jul","Fri"
"FALSE",1500,11.4903819444444,3,14,18,6,7,"Sunday","Thursday","Plays","GB","GBP","Oct","Tue"
"FALSE",3500,14,7,10,20,20,15,"Tuesday","Tuesday","Plays","US","USD","Aug","Tue"
"FALSE",6000,17.3927546296296,5,17,10,20,21,"Friday","Monday","Plays","US","USD","Jul","Tue"
"FALSE",2500,60,4,15,16,16,16,"Saturday","Monday","Plays","US","USD","Mar","Tue"
"FALSE",9600,30,4,14,12,12,16,"Wednesday","Thursday","Plays","US","USD","May","Mon"
"FALSE",180000,39.5157291666667,5,15,1,13,14,"Tuesday","Sunday","Plays","US","USD","Oct","Fri"
"FALSE",30000,60,1,13,15,15,15,"Friday","Sunday","Plays","GB","GBP","Apr","Mon"
"FALSE",1800,40,9,17,13,13,17,"Saturday","Saturday","Plays","US","USD","May","Mon"
"FALSE",14440,30,2,15,21,21,16,"Thursday","Tuesday","Plays","US","USD","Dec","Tue"
"FALSE",10000,60,5,15,17,17,18,"Saturday","Monday","Plays","US","USD","Jul","Tue"
"FALSE",25000,60,2,10,15,15,10,"Saturday","Tuesday","Plays","GB","GBP","Jan","Tue"
"FALSE",1000,30,6,12,3,3,9,"Wednesday","Sunday","Plays","GB","GBP","Feb","Mon"
"FALSE",1850,23,8,12,6,6,16,"Monday","Wednesday","Plays","GB","GBP","Apr","Sat"
"FALSE",2000,18,3,15,0,0,0,"Wednesday","Friday","Plays","US","USD","Aug","Sat"
"FALSE",5000,28,5,13,10,10,21,"Thursday","Monday","Plays","US","USD","Oct","Thu"
"FALSE",600,30,3,11,9,9,15,"Tuesday","Friday","Plays","US","USD","Jul","Sun"
"FALSE",2500,30,4,17,13,13,12,"Wednesday","Sunday","Plays","CA","CAD","Feb","Mon"
"FALSE",30000,60,5,15,2,2,2,"Sunday","Wednesday","Plays","AU","AUD","Jul","Wed"
"FALSE",10000,30,7,15,20,20,0,"Tuesday","Wednesday","Plays","AU","AUD","Jan","Sun"
"FALSE",4000,29.1136574074074,5,11,10,13,13,"Friday","Wednesday","Plays","US","USD","Mar","Thu"
"FALSE",2e+05,60,9,12,13,13,18,"Tuesday","Wednesday","Plays","IE","EUR","Mar","Fri"
"FALSE",26000,60,4,14,13,13,14,"Monday","Monday","Plays","US","USD","Aug","Thu"
"FALSE",17600,30.9300231481481,4,15,20,18,18,"Friday","Tuesday","Plays","US","USD","Jun","Tue"
"FALSE",25000,60,2,13,10,10,1,"Monday","Tuesday","Plays","CA","CAD","May","Thu"
"FALSE",1750,30,10,16,15,15,19,"Saturday","Tuesday","Plays","US","USD","Oct","Thu"
"FALSE",5500,27.0818634259259,3,16,17,19,18,"Sunday","Friday","Plays","US","USD","Mar","Mon"
"FALSE",28000,46,7,13,18,18,12,"Friday","Sunday","Plays","US","USD","May","Mon"
"FALSE",2000,36.632962962963,4,14,17,9,5,"Saturday","Sunday","Plays","US","USD","Jun","Thu"
"FALSE",1200,30,9,19,13,13,0,"Sunday","Saturday","Plays","US","USD","Aug","Fri"
"FALSE",3000,30,5,12,14,14,4,"Sunday","Friday","Plays","US","USD","Dec","Fri"
"FALSE",5000,22,3,17,16,16,14,"Thursday","Tuesday","Plays","GB","GBP","Apr","Wed"
"FALSE",1400,25,7,17,8,8,13,"Saturday","Monday","Plays","GB","GBP","Nov","Tue"
"FALSE",10000,30,4,23,22,22,20,"Tuesday","Sunday","Plays","CA","CAD","Oct","Sun"
"FALSE",2000,60,4,11,11,11,10,"Sunday","Sunday","Plays","US","USD","Feb","Wed"
"FALSE",2000,60,6,13,23,23,23,"Wednesday","Saturday","Plays","US","USD","Feb","Sat"
"FALSE",7500,42.4127546296296,4,13,12,21,20,"Wednesday","Saturday","Plays","US","USD","Jun","Wed"
"FALSE",5000,60,5,12,14,14,11,"Sunday","Saturday","Plays","US","USD","Mar","Wed"
"FALSE",2825,9.30849537037037,6,16,15,22,20,"Sunday","Saturday","Plays","US","USD","Aug","Fri"
"FALSE",15000,30,5,19,15,15,10,"Sunday","Tuesday","Plays","US","USD","Mar","Fri"
"FALSE",14000,30,5,12,7,7,14,"Monday","Saturday","Plays","US","USD","Jun","Sat"
"FALSE",1000,60,3,11,19,19,18,"Thursday","Sunday","Plays","US","USD","Dec","Sun"
"FALSE",5000,29.4825231481481,6,15,11,23,11,"Sunday","Tuesday","Plays","US","USD","Apr","Sat"
"FALSE",1000,30,3,12,8,8,7,"Thursday","Tuesday","Plays","GB","GBP","May","Tue"
"FALSE",678,30,3,14,15,15,10,"Wednesday","Friday","Plays","US","USD","Jun","Mon"
"FALSE",1300,21.4333217592593,5,14,15,2,19,"Friday","Friday","Plays","US","USD","Jul","Thu"
"FALSE",90000,30,3,13,13,13,14,"Friday","Thursday","Plays","US","USD","Jun","Wed"
"FALSE",8000,58.8934722222222,4,15,0,22,21,"Friday","Thursday","Plays","US","USD","May","Wed"
"FALSE",5000,60,3,11,6,6,6,"Tuesday","Friday","Plays","GB","GBP","Jul","Fri"
"FALSE",10000,29.7187037037037,1,14,20,13,1,"Tuesday","Wednesday","Plays","US","USD","Dec","Sun"
"FALSE",300,15,5,13,16,16,8,"Thursday","Wednesday","Plays","CA","CAD","Nov","Wed"
"FALSE",600,29.9886342592593,5,14,0,0,23,"Friday","Tuesday","Plays","US","USD","Mar","Wed"
"FALSE",5000,30,2,11,23,23,17,"Wednesday","Monday","Plays","AU","AUD","Jul","Mon"
"FALSE",5600,30,5,14,10,10,22,"Wednesday","Wednesday","Plays","US","USD","Sep","Mon"
"FALSE",5000,24.0191782407407,10,12,18,19,17,"Saturday","Wednesday","Plays","US","USD","Dec","Wed"
"FALSE",17000,35,1,16,6,6,10,"Monday","Monday","Plays","GB","GBP","Mar","Mon"
"FALSE",20000,30,8,15,18,18,10,"Tuesday","Wednesday","Plays","US","USD","Jun","Sun"
"FALSE",1500,30,2,12,10,10,8,"Thursday","Tuesday","Plays","US","USD","Sep","Tue"
"FALSE",500,6.47665509259259,3,13,14,1,1,"Friday","Monday","Plays","US","USD","May","Fri"
"FALSE",3000,60,4,16,16,16,9,"Monday","Thursday","Plays","US","USD","Aug","Thu"
"FALSE",500,30.1015277777778,7,13,11,14,4,"Saturday","Thursday","Plays","GB","GBP","Oct","Thu"
"FALSE",8880,30.3254050925926,6,15,15,23,14,"Friday","Thursday","Plays","US","USD","Aug","Wed"
"FALSE",5000,30,7,15,10,10,15,"Thursday","Thursday","Plays","GB","GBP","May","Tue"
"FALSE",1500,19.8993171296296,2,14,17,14,14,"Sunday","Monday","Plays","US","USD","Jun","Mon"
"FALSE",3500,22.9898148148148,8,20,17,17,4,"Wednesday","Friday","Plays","GB","GBP","Nov","Mon"
"FALSE",3750,15.1052777777778,4,14,20,22,20,"Thursday","Tuesday","Plays","US","USD","Mar","Wed"
"FALSE",10000,31.4843518518519,4,11,10,22,15,"Monday","Thursday","Plays","CA","CAD","Aug","Fri"
"FALSE",3000,24.0893981481481,1,12,11,13,18,"Tuesday","Wednesday","Plays","US","USD","May","Sat"
"FALSE",2224,30,7,9,7,7,17,"Sunday","Tuesday","Plays","US","USD","Feb","Fri"
"FALSE",150,15.7273958333333,6,18,23,17,10,"Saturday","Wednesday","Plays","US","USD","Oct","Thu"
"FALSE",3500,30,3,14,12,12,12,"Thursday","Friday","Plays","US","USD","Dec","Tue"
"FALSE",3000,30,6,13,5,5,4,"Sunday","Tuesday","Plays","IT","EUR","Sep","Fri"
"FALSE",3500,28.6037615740741,7,15,8,22,12,"Monday","Friday","Plays","US","USD","Feb","Mon"
"FALSE",1000,24.1840393518519,4,16,17,22,20,"Friday","Thursday","Plays","US","USD","Oct","Tue"
"FALSE",9600,30,5,3,12,12,21,"Sunday","Wednesday","Plays","US","USD","Jun","Fri"
"FALSE",2000,29.8221759259259,5,12,8,4,4,"Friday","Wednesday","Plays","GB","GBP","Dec","Wed"
"FALSE",5000,33.0001388888889,8,11,12,12,18,"Sunday","Saturday","Plays","US","USD","Apr","Tue"
"FALSE",1000,13.9521180555556,7,11,11,10,16,"Friday","Wednesday","Plays","US","USD","Jul","Fri"
"FALSE",1600,30,4,15,6,6,13,"Friday","Thursday","Plays","US","USD","Dec","Wed"
"FALSE",110000,60,4,12,22,22,22,"Saturday","Sunday","Plays","US","USD","Feb","Tue"
"FALSE",2500,60,6,15,14,14,9,"Saturday","Tuesday","Plays","GB","GBP","Jun","Tue"
"FALSE",2000,44.1208333333333,4,14,21,23,11,"Tuesday","Thursday","Plays","US","USD","Sep","Sun"
"FALSE",30000,30,2,14,18,18,19,"Sunday","Wednesday","Plays","MX","MXN","Nov","Fri"
"FALSE",10000,56.172025462963,7,14,13,17,8,"Sunday","Tuesday","Plays","GB","GBP","Dec","Sun"
"FALSE",75000,30,2,11,12,12,10,"Saturday","Thursday","Plays","US","USD","May","Thu"
"FALSE",4500,45,6,12,15,15,4,"Friday","Tuesday","Plays","US","USD","Jul","Tue"
"FALSE",270,10,6,12,21,21,20,"Friday","Tuesday","Plays","US","USD","Oct","Tue"
"FALSE",600,30,10,13,15,15,14,"Wednesday","Monday","Plays","US","USD","Dec","Mon"
"FALSE",500,30,4,12,15,15,18,"Sunday","Friday","Plays","US","USD","Apr","Fri"
"FALSE",1000,53.9392824074074,2,14,14,13,13,"Wednesday","Friday","Plays","US","USD","Jul","Fri"
"FALSE",3000,30,7,15,1,1,1,"Thursday","Friday","Plays","AU","AUD","Sep","Tue"
"FALSE",33000,33,1,20,18,18,20,"Sunday","Tuesday","Plays","MX","MXN","Nov","Tue"
"FALSE",5000,43.0339583333333,4,15,19,20,18,"Wednesday","Thursday","Plays","US","USD","Feb","Tue"
"FALSE",2000,23,1,15,17,17,15,"Wednesday","Wednesday","Plays","US","USD","Sep","Mon"
"FALSE",500,30,2,13,7,7,13,"Sunday","Sunday","Plays","GB","GBP","Oct","Fri"
"FALSE",300,60,5,15,10,10,9,"Thursday","Sunday","Plays","GB","GBP","May","Sun"
"FALSE",3000,30,3,17,21,21,18,"Monday","Wednesday","Plays","US","USD","Jan","Sat"
"FALSE",2500,27.0534027777778,8,12,16,18,5,"Saturday","Thursday","Plays","IE","EUR","Jan","Sun"
"FALSE",1500,18.7004282407407,6,15,7,0,0,"Friday","Thursday","Plays","US","USD","Dec","Sun"
"FALSE",8000,60,9,13,11,11,11,"Friday","Monday","Plays","GB","GBP","Sep","Mon"
"FALSE",2000,57.1139467592593,2,6,12,14,14,"Saturday","Saturday","Plays","US","USD","Oct","Fri"
"FALSE",500,28.2887615740741,4,17,7,14,13,"Thursday","Saturday","Plays","GB","GBP","Jun","Thu"
"FALSE",15000,27.4853819444444,5,14,14,1,17,"Wednesday","Wednesday","Plays","US","USD","Jun","Wed"
"FALSE",10600,58.7199768518519,3,12,9,3,13,"Monday","Thursday","Plays","GB","GBP","Jun","Fri"
"FALSE",40000,40,7,13,18,18,9,"Monday","Friday","Plays","US","USD","Oct","Wed"
"FALSE",3000,30,2,16,7,7,8,"Thursday","Tuesday","Plays","GB","GBP","Mar","Tue"
"FALSE",10000,25,8,13,22,22,14,"Thursday","Saturday","Plays","US","USD","Mar","Sun"
"FALSE",1e+05,35,4,9,15,15,7,"Monday","Monday","Plays","US","USD","Jul","Mon"
"FALSE",11000,30,5,7,16,16,20,"Saturday","Thursday","Plays","US","USD","Apr","Thu"
"FALSE",1000,30,9,21,17,17,23,"Thursday","Saturday","Plays","US","USD","Feb","Tue"
"FALSE",5000,30,3,16,11,11,21,"Sunday","Sunday","Plays","US","USD","Feb","Fri"
"FALSE",5000,22.9795138888889,4,11,12,12,10,"Friday","Wednesday","Plays","US","USD","Jul","Wed"
"FALSE",500,18.4439351851852,5,14,5,16,14,"Friday","Saturday","Plays","GB","GBP","May","Mon"
"FALSE",2500,25.981400462963,5,10,16,16,16,"Wednesday","Friday","Plays","US","USD","May","Fri"
"FALSE",6000,30,7,15,10,10,17,"Tuesday","Thursday","Plays","US","USD","Jul","Sun"
"FALSE",2000,41.2759606481481,6,5,9,15,20,"Wednesday","Tuesday","Plays","US","USD","Oct","Thu"
"FALSE",7500,14.4465740740741,3,9,1,11,22,"Monday","Sunday","Plays","US","USD","Aug","Mon"
"FALSE",6000,60,2,13,10,10,11,"Thursday","Friday","Plays","US","USD","Sep","Sun"
"FALSE",5000,30,3,15,16,16,0,"Tuesday","Friday","Plays","US","USD","Oct","Sun"
"FALSE",2413,39.5775694444444,1,12,10,0,12,"Saturday","Friday","Plays","CA","CAD","Jul","Mon"
"FALSE",2000,49.2398032407407,7,8,16,22,22,"Tuesday","Thursday","Plays","US","USD","Feb","Tue"
"FALSE",2000,30,6,12,14,14,19,"Saturday","Sunday","Plays","US","USD","May","Thu"
"FALSE",8000,31.971412037037,6,11,18,17,17,"Sunday","Wednesday","Plays","US","USD","Dec","Wed"
"FALSE",15000,60,5,16,13,13,11,"Saturday","Sunday","Plays","US","USD","Jun","Tue"
"FALSE",800,30.1168518518519,5,7,21,23,16,"Sunday","Friday","Plays","US","USD","Feb","Fri"
"FALSE",1000,7.63938657407407,6,17,10,2,2,"Sunday","Wednesday","Plays","US","USD","Aug","Sat"
"FALSE",50000,41.5921296296296,3,14,10,1,9,"Tuesday","Wednesday","Plays","US","USD","May","Tue"
"FALSE",2500,20.1387037037037,7,16,14,17,12,"Sunday","Friday","Plays","GB","GBP","Apr","Mon"
"FALSE",1500,30,1,12,18,18,21,"Wednesday","Saturday","Plays","GB","GBP","May","Mon"
"FALSE",2000,30,2,15,6,6,14,"Friday","Sunday","Plays","DK","DKK","May","Wed"
"FALSE",3500,30,4,13,7,7,8,"Thursday","Monday","Plays","GB","GBP","Aug","Tue"
"FALSE",60000,12.0020486111111,3,20,10,11,12,"Monday","Thursday","Plays","GB","GBP","Jul","Wed"
"FALSE",5000,28.3151273148148,3,15,10,18,7,"Sunday","Tuesday","Plays","GB","GBP","Dec","Sun"
"FALSE",2500,30,4,13,4,4,6,"Sunday","Wednesday","Plays","GB","GBP","Oct","Fri"
"FALSE",3000,12.2076967592593,7,12,8,13,7,"Sunday","Wednesday","Plays","GB","GBP","Oct","Tue"
"FALSE",750,45.1896990740741,6,14,12,17,10,"Monday","Tuesday","Plays","US","USD","Jan","Fri"
"FALSE",11500,28,6,14,18,18,6,"Thursday","Thursday","Plays","GB","GBP","Mar","Thu"
"FALSE",15000,30,8,15,18,18,14,"Thursday","Monday","Plays","US","USD","May","Tue"
"FALSE",150,30,5,14,15,15,7,"Wednesday","Thursday","Plays","US","USD","Jun","Mon"
"FALSE",5000,30,8,9,20,20,18,"Friday","Wednesday","Plays","AU","AUD","Nov","Wed"
"FALSE",2500,30,6,17,1,1,9,"Saturday","Wednesday","Plays","GB","GBP","Jul","Thu"
"FALSE",1000,60,3,15,12,12,10,"Sunday","Wednesday","Plays","GB","GBP","Oct","Wed"
"FALSE",1500,26.5058449074074,4,15,17,6,17,"Saturday","Thursday","Plays","GB","GBP","May","Sun"
"FALSE",1200,41.4288194444444,4,15,12,23,19,"Sunday","Wednesday","Plays","US","USD","May","Mon"
"FALSE",550,30,4,15,7,7,17,"Wednesday","Thursday","Plays","AT","EUR","Dec","Mon"
"FALSE",7500,60,8,14,19,19,10,"Sunday","Saturday","Plays","US","USD","Apr","Wed"
"FALSE",8000,45,10,13,11,11,12,"Friday","Saturday","Plays","US","USD","Apr","Tue"
"FALSE",15000,30.2075,5,13,18,22,8,"Monday","Monday","Plays","US","USD","Nov","Sat"
"FALSE",1000,31,1,14,0,0,10,"Saturday","Sunday","Plays","US","USD","Jan","Wed"
"FALSE",1600,14,2,12,23,23,16,"Monday","Saturday","Plays","US","USD","Jun","Mon"
"FALSE",2500,30,7,15,14,14,14,"Thursday","Tuesday","Plays","NZ","NZD","Dec","Tue"
"FALSE",2500,40.184375,5,14,6,11,10,"Monday","Sunday","Plays","GB","GBP","Jul","Wed"
"FALSE",10000,20,6,10,13,13,14,"Tuesday","Friday","Plays","US","USD","Jul","Wed"
"FALSE",2500,30,7,11,21,21,19,"Wednesday","Sunday","Plays","US","USD","May","Mon"
"FALSE",3000,40,6,16,13,13,18,"Saturday","Tuesday","Plays","US","USD","Nov","Mon"
"FALSE",3000,25,7,11,6,6,3,"Monday","Monday","Plays","GB","GBP","Oct","Thu"
"FALSE",1500,44.8068865740741,3,14,19,14,12,"Friday","Saturday","Plays","US","USD","Jun","Tue"
"FALSE",10000,13.9819444444444,4,7,0,0,13,"Wednesday","Wednesday","Plays","US","USD","Apr","Wed"
"FALSE",1500,42.3344560185185,4,13,9,18,8,"Thursday","Thursday","Plays","GB","GBP","Apr","Thu"
"FALSE",1500,37.6412847222222,3,14,17,8,8,"Friday","Wednesday","Plays","GB","GBP","May","Tue"
"FALSE",1000,32.019375,9,9,14,15,18,"Sunday","Sunday","Plays","US","USD","Sep","Wed"
"FALSE",750,15,2,15,22,22,22,"Monday","Wednesday","Plays","US","USD","Jul","Sun"
"FALSE",60000,30,1,15,3,3,15,"Thursday","Thursday","Plays","US","USD","Aug","Tue"
"FALSE",6000,30,6,14,13,13,12,"Monday","Saturday","Plays","US","USD","Aug","Sat"
"FALSE",8000,30,2,10,14,14,13,"Wednesday","Monday","Plays","US","USD","Oct","Mon"
"FALSE",15000,59.9626157407407,2,16,0,23,16,"Friday","Monday","Plays","US","USD","Feb","Tue"
"FALSE",10000,30,7,13,0,0,14,"Monday","Thursday","Plays","US","USD","Oct","Sat"
"FALSE",2000,60,2,16,14,14,8,"Monday","Wednesday","Plays","US","USD","Mar","Thu"
"FALSE",35000,30,6,15,10,10,13,"Friday","Monday","Plays","US","USD","Apr","Wed"
"FALSE",500,30,3,13,5,5,11,"Saturday","Tuesday","Plays","GB","GBP","Mar","Thu"
"FALSE",8000,30,5,14,19,19,12,"Friday","Thursday","Plays","US","USD","Aug","Wed"
"FALSE",4500,8.96748842592593,7,12,18,17,17,"Friday","Friday","Plays","IE","EUR","Jan","Wed"
"FALSE",5000,30,2,13,20,20,5,"Friday","Saturday","Plays","US","USD","May","Wed"
"FALSE",9500,60,6,12,23,23,15,"Saturday","Monday","Plays","CA","CAD","Jul","Tue"
"FALSE",1000,20,3,12,12,12,21,"Thursday","Thursday","Plays","GB","GBP","Apr","Fri"
"FALSE",600,28.9741782407407,3,15,18,17,9,"Friday","Tuesday","Plays","US","USD","Dec","Thu"
"FALSE",3000,59.8610300925926,4,14,19,16,16,"Saturday","Tuesday","Plays","US","USD","Jun","Tue"
"FALSE",1000,23.9326967592593,5,17,7,5,5,"Friday","Friday","Plays","NL","EUR","Nov","Tue"
"FALSE",2000,60,4,11,3,3,22,"Friday","Tuesday","Plays","AU","AUD","Aug","Mon"
"FALSE",4000,60,4,16,14,14,18,"Sunday","Sunday","Plays","US","USD","Apr","Wed"
"FALSE",250,14,2,12,9,9,8,"Thursday","Thursday","Plays","AU","AUD","Sep","Thu"
"FALSE",12700,30,4,16,13,13,16,"Tuesday","Tuesday","Plays","US","USD","May","Sun"
"FALSE",50000,60,2,15,11,11,1,"Tuesday","Thursday","Plays","US","USD","Jul","Fri"
"FALSE",2500,29.9406597222222,4,4,9,8,8,"Friday","Wednesday","Plays","GB","GBP","Jun","Wed"
"FALSE",2888,60,4,13,20,20,4,"Monday","Saturday","Plays","US","USD","Nov","Thu"
"FALSE",5000,29.9615625,6,15,17,17,21,"Friday","Friday","Plays","US","USD","Sep","Wed"
"FALSE",2500,23.9713888888889,4,14,23,23,10,"Sunday","Tuesday","Plays","US","USD","Jun","Thu"
"FALSE",15000,30,2,18,14,14,11,"Wednesday","Friday","Plays","US","USD","Sep","Mon"
"FALSE",20000,30,8,16,9,9,16,"Tuesday","Monday","Plays","US","USD","Jun","Sun"
"FALSE",5000,30,8,14,23,23,16,"Friday","Thursday","Plays","US","USD","Apr","Wed"
"FALSE",10000,20,5,14,11,11,11,"Sunday","Tuesday","Plays","US","USD","Dec","Mon"
"FALSE",3000,60,2,11,21,21,16,"Friday","Monday","Plays","US","USD","Apr","Mon"
"FALSE",2500,30,4,16,13,13,12,"Wednesday","Wednesday","Plays","US","USD","Dec","Mon"
"FALSE",5000,30,4,17,14,14,14,"Tuesday","Friday","Plays","US","USD","Dec","Sun"
"FALSE",20000,30,2,16,22,22,19,"Wednesday","Sunday","Plays","US","USD","Apr","Mon"
"FALSE",150000,30,7,14,12,12,23,"Thursday","Friday","Plays","US","USD","Jun","Tue"
"FALSE",6000,31.7115277777778,4,13,17,11,9,"Wednesday","Monday","Plays","US","USD","Oct","Sat"
"FALSE",3000,60,10,18,9,9,10,"Friday","Tuesday","Plays","GB","GBP","May","Mon"
"FALSE",11200,30,7,11,11,11,0,"Wednesday","Monday","Plays","US","USD","Dec","Mon"
"FALSE",12000,43.8061111111111,3,16,16,12,12,"Thursday","Tuesday","Plays","US","USD","Jul","Tue"
"FALSE",5000,27.5244560185185,3,13,11,23,9,"Thursday","Friday","Plays","US","USD","Sep","Fri"
"FALSE",20000,30,7,15,14,14,10,"Sunday","Friday","Plays","US","USD","Aug","Fri"
"FALSE",10000,27.9529166666667,3,16,2,1,23,"Friday","Tuesday","Plays","AU","AUD","Mar","Fri"
"FALSE",8000,25,3,16,22,22,19,"Saturday","Sunday","Plays","US","USD","Aug","Tue"
"FALSE",10000,60,2,12,16,16,22,"Tuesday","Tuesday","Plays","US","USD","Jul","Fri"
"FALSE",2000,23.299224537037,5,14,11,19,20,"Saturday","Sunday","Plays","US","USD","Jun","Thu"
"FALSE",1e+05,30,4,15,10,10,7,"Wednesday","Monday","Plays","US","USD","Mar","Mon"
"FALSE",8500,45,2,14,16,16,19,"Saturday","Tuesday","Plays","US","USD","Jul","Wed"
"FALSE",250000,30,2,12,15,15,7,"Wednesday","Friday","Plays","AU","AUD","Mar","Mon"
"FALSE",2000,19,7,6,16,16,7,"Monday","Tuesday","Plays","US","USD","Jul","Wed"
"FALSE",18000,30,6,16,21,21,0,"Friday","Saturday","Plays","US","USD","Dec","Wed"
"FALSE",10000,60,4,13,10,10,12,"Saturday","Saturday","Plays","US","USD","Feb","Tue"
"FALSE",5000,30,5,19,16,16,20,"Sunday","Wednesday","Plays","US","USD","Apr","Fri"
"FALSE",16500,35.3889467592593,9,12,14,23,21,"Sunday","Saturday","Plays","US","USD","Jul","Sun"
"FALSE",500,46.384837962963,4,10,9,18,18,"Thursday","Sunday","Plays","US","USD","May","Sun"
"FALSE",5000,30,6,13,12,12,14,"Saturday","Thursday","Plays","US","USD","May","Thu"
"FALSE",4500,14,6,13,8,8,10,"Tuesday","Friday","Plays","US","USD","May","Tue"
"FALSE",2500,45,3,16,11,11,5,"Saturday","Monday","Plays","US","USD","Jul","Wed"
"FALSE",50000,30,3,13,14,14,9,"Wednesday","Tuesday","Plays","US","USD","Jan","Mon"
"FALSE",3500,60,8,17,10,10,22,"Saturday","Monday","Plays","US","USD","Apr","Tue"
"FALSE",10000,45,6,15,21,21,19,"Monday","Tuesday","Plays","US","USD","Aug","Fri"
"FALSE",38500,40,1,2,12,12,18,"Wednesday","Tuesday","Plays","CA","CAD","Jul","Fri"
"FALSE",1500,30,1,5,22,22,15,"Friday","Tuesday","Plays","US","USD","May","Wed"
"FALSE",500,30,5,14,18,18,22,"Thursday","Friday","Plays","US","USD","Jan","Tue"
"FALSE",50000,30,7,15,15,15,22,"Tuesday","Saturday","Plays","US","USD","Sep","Sun"
"FALSE",914,28,4,13,22,22,21,"Friday","Wednesday","Plays","CA","CAD","Dec","Fri"
"FALSE",3500,30,6,7,12,12,19,"Friday","Saturday","Plays","US","USD","Feb","Wed"
"FALSE",10000,60,6,16,13,13,15,"Sunday","Thursday","Plays","US","USD","Feb","Wed"
"FALSE",25000,30,2,12,13,13,17,"Wednesday","Friday","Plays","US","USD","Dec","Mon"
"FALSE",1000,55,7,8,11,11,13,"Monday","Friday","Plays","US","USD","May","Tue"
"FALSE",25000,30,2,15,7,7,7,"Sunday","Friday","Plays","DE","EUR","May","Fri"
"FALSE",500,59.5738541666667,2,10,20,10,14,"Wednesday","Wednesday","Plays","US","USD","Jun","Sat"
"FALSE",2500,60,3,11,16,16,15,"Wednesday","Friday","Plays","US","USD","Nov","Sat"
"FALSE",5000,30,4,8,23,23,15,"Monday","Tuesday","Plays","US","USD","Aug","Sat"
"FALSE",30000,45,4,15,17,17,10,"Tuesday","Sunday","Plays","US","USD","Mar","Sat"
"FALSE",400,21,5,14,14,14,18,"Monday","Friday","Plays","GB","GBP","Sep","Mon"
"FALSE",17000,30,7,16,11,11,19,"Friday","Tuesday","Plays","US","USD","Mar","Wed"
"FALSE",50000,30,4,16,18,18,16,"Saturday","Tuesday","Plays","US","USD","Feb","Thu"
"FALSE",50000,45,4,15,16,16,14,"Wednesday","Tuesday","Plays","US","USD","Feb","Sun"
"FALSE",1500,25.2807175925926,8,15,12,18,18,"Saturday","Thursday","Plays","US","USD","Apr","Tue"
"FALSE",6500,30,5,11,8,8,14,"Saturday","Tuesday","Plays","US","USD","Oct","Thu"
"FALSE",58000,20.0397569444444,6,18,21,22,23,"Wednesday","Thursday","Plays","US","USD","Nov","Thu"
"FALSE",15000,60,2,19,12,12,2,"Friday","Wednesday","Plays","US","USD","Jun","Mon"
"FALSE",60000,30,2,14,15,15,21,"Wednesday","Thursday","Plays","US","USD","Sep","Mon"
"FALSE",2000,30,3,14,10,10,18,"Wednesday","Friday","Plays","US","USD","Jan","Mon"
"FALSE",250000,30,7,11,13,13,16,"Friday","Tuesday","Plays","US","USD","Jan","Wed"
"FALSE",10000,26.5323958333333,3,9,14,3,3,"Tuesday","Saturday","Plays","IE","EUR","Oct","Wed"
"TRUE",7000,28,7,15,9,9,7,"Tuesday","Saturday","Musical","US","USD","Sep","Tue"
"TRUE",150000,32.5297453703704,2,6,9,22,19,"Friday","Friday","Musical","US","USD","Apr","Mon"
"TRUE",2000,14.1756018518519,5,16,20,1,23,"Tuesday","Monday","Musical","US","USD","Jul","Mon"
"TRUE",2500,18.9139351851852,7,13,1,23,0,"Saturday","Tuesday","Musical","US","USD","May","Tue"
"TRUE",1500,30.1562731481481,8,14,19,22,14,"Tuesday","Friday","Musical","US","USD","May","Sun"
"TRUE",6000,30,4,14,14,14,19,"Friday","Wednesday","Musical","US","USD","Jan","Wed"
"TRUE",8150,30,8,12,10,10,20,"Thursday","Friday","Musical","US","USD","Jul","Tue"
"TRUE",8000,30,5,15,11,11,9,"Sunday","Friday","Musical","GB","GBP","May","Fri"
"TRUE",500,60,6,15,17,17,7,"Monday","Friday","Musical","GB","GBP","Sep","Thu"
"TRUE",2500,29.3510416666667,5,16,14,22,0,"Wednesday","Tuesday","Musical","US","USD","Jun","Tue"
"TRUE",988,10,7,19,7,7,9,"Thursday","Wednesday","Musical","GB","GBP","Jul","Mon"
"TRUE",4000,30,9,13,2,2,16,"Saturday","Thursday","Musical","GB","GBP","Jun","Thu"
"TRUE",25000,30,6,14,19,19,19,"Wednesday","Thursday","Musical","US","USD","Jul","Mon"
"TRUE",3150,60,8,12,14,14,15,"Wednesday","Tuesday","Musical","US","USD","Mar","Sat"
"TRUE",2500,20,8,14,9,9,10,"Thursday","Thursday","Musical","GB","GBP","Jul","Fri"
"TRUE",25000,30,3,17,8,8,1,"Thursday","Wednesday","Musical","US","USD","Jun","Tue"
"TRUE",6000,30.5436689814815,5,14,22,11,9,"Thursday","Saturday","Musical","US","USD","Sep","Mon"
"TRUE",3000,80.1590625,5,16,11,15,15,"Friday","Monday","Musical","US","USD","Mar","Tue"
"TRUE",5000,22,6,15,6,6,23,"Friday","Sunday","Musical","US","USD","Aug","Thu"
"TRUE",2000,30,4,12,3,3,6,"Wednesday","Tuesday","Musical","GB","GBP","Aug","Mon"
"TRUE",3500,47.5209259259259,6,11,10,22,12,"Wednesday","Wednesday","Musical","US","USD","Jul","Fri"
"TRUE",2600,19.4589699074074,4,14,14,1,23,"Thursday","Wednesday","Musical","US","USD","Jul","Fri"
"TRUE",2000,18.0913541666667,3,11,20,23,23,"Sunday","Sunday","Musical","US","USD","Aug","Wed"
"TRUE",2500,24.9990740740741,2,14,13,13,15,"Saturday","Friday","Musical","US","USD","Jul","Tue"
"TRUE",2000,30,4,12,12,12,10,"Wednesday","Friday","Musical","GB","GBP","May","Mon"
"TRUE",5000,30,7,17,18,18,8,"Saturday","Tuesday","Musical","US","USD","Sep","Thu"
"TRUE",7000,30,7,14,23,23,12,"Friday","Saturday","Musical","US","USD","Jul","Wed"
"TRUE",7000,21,6,16,19,19,18,"Sunday","Thursday","Musical","US","USD","Jan","Sun"
"TRUE",15000,34.9530555555556,7,14,23,22,11,"Monday","Thursday","Musical","US","USD","Nov","Mon"
"TRUE",12000,28,7,11,22,22,11,"Wednesday","Friday","Musical","US","USD","Jun","Wed"
"TRUE",1500,32.1117592592593,6,15,15,18,11,"Saturday","Thursday","Musical","US","USD","Jul","Tue"
"TRUE",5000,30,4,16,7,7,17,"Sunday","Friday","Musical","US","USD","Aug","Fri"
"TRUE",10000,27.5409375,5,11,13,1,16,"Tuesday","Friday","Musical","US","USD","Feb","Tue"
"TRUE",2500,60,5,12,10,10,17,"Tuesday","Monday","Musical","US","USD","Jun","Fri"
"TRUE",15000,26.4782638888889,3,16,11,23,0,"Tuesday","Wednesday","Musical","US","USD","Aug","Thu"
"TRUE",2500,31.7007407407407,6,18,0,17,18,"Sunday","Tuesday","Musical","US","USD","Dec","Thu"
"TRUE",5000,60,4,16,10,10,11,"Thursday","Thursday","Musical","GB","GBP","May","Sun"
"TRUE",110000,42.4200810185185,8,14,5,16,13,"Sunday","Monday","Musical","GB","GBP","May","Sun"
"TRUE",5000,32.9815162037037,4,10,11,11,13,"Sunday","Wednesday","Musical","US","USD","Mar","Tue"
"TRUE",19250,60,8,12,0,0,15,"Friday","Thursday","Musical","US","USD","Mar","Mon"
"TRUE",42000,26.1641666666667,7,13,13,17,0,"Sunday","Friday","Musical","US","USD","Sep","Tue"
"TRUE",2200,33.1493055555556,5,14,19,23,10,"Sunday","Friday","Musical","US","USD","Aug","Tue"
"TRUE",13500,36.1318287037037,4,16,8,12,12,"Tuesday","Monday","Musical","US","USD","Nov","Mon"
"TRUE",6750,30.9062152777778,8,15,21,19,9,"Sunday","Friday","Musical","US","USD","Jun","Thu"
"TRUE",10900,30,3,12,9,9,14,"Thursday","Saturday","Musical","US","USD","Apr","Tue"
"TRUE",15000,45,3,11,17,17,21,"Friday","Wednesday","Musical","US","USD","Mar","Tue"
"TRUE",1500,53.3135416666667,2,13,15,23,15,"Friday","Tuesday","Musical","US","USD","May","Mon"
"TRUE",5000,21,12,16,10,10,16,"Sunday","Sunday","Musical","US","USD","Jan","Sun"
"TRUE",16100,30,9,16,15,15,16,"Saturday","Thursday","Musical","US","USD","Jun","Thu"
"TRUE",350,22.865787037037,8,11,18,15,13,"Friday","Saturday","Musical","GB","GBP","Oct","Wed"
"TRUE",1000,32.1123726851852,5,17,16,19,19,"Wednesday","Sunday","Musical","US","USD","Nov","Sat"
"TRUE",3000,30,6,12,12,12,9,"Wednesday","Sunday","Musical","NL","EUR","Oct","Mon"
"TRUE",15547,29.9900694444444,7,15,8,8,19,"Sunday","Monday","Musical","US","USD","Jun","Fri"
"TRUE",25000,23.4515046296296,7,12,12,22,10,"Tuesday","Monday","Musical","US","USD","Nov","Sun"
"TRUE",20000,30,6,15,10,10,1,"Wednesday","Friday","Musical","ES","EUR","Jun","Mon"
"TRUE",10000,30,3,10,8,8,14,"Sunday","Saturday","Musical","US","USD","May","Fri"
"TRUE",850,10.0483333333333,6,7,7,8,8,"Saturday","Monday","Musical","GB","GBP","Jun","Wed"
"TRUE",5000,60,4,17,11,11,19,"Thursday","Tuesday","Musical","US","USD","Nov","Sun"
"TRUE",2500,20,6,19,16,16,21,"Thursday","Wednesday","Musical","US","USD","Dec","Fri"
"TRUE",6000,22.585775462963,9,13,7,22,9,"Friday","Monday","Musical","US","USD","Oct","Thu"
"TRUE",5000,30.5335763888889,4,9,5,18,8,"Thursday","Thursday","Musical","NO","NOK","Oct","Tue"
"TRUE",3500,23.289224537037,6,17,16,22,10,"Wednesday","Friday","Musical","US","USD","May","Mon"
"TRUE",2500,31,8,14,17,17,2,"Monday","Tuesday","Musical","US","USD","Jan","Fri"
"TRUE",2000,60,8,10,6,6,17,"Sunday","Friday","Musical","GB","GBP","Feb","Wed"
"TRUE",10000,27.4882523148148,9,14,11,22,14,"Tuesday","Tuesday","Musical","US","USD","Jun","Wed"
"TRUE",10800,29.9480787037037,2,15,0,22,10,"Tuesday","Friday","Musical","US","USD","Oct","Mon"
"TRUE",50000,30,8,15,14,14,23,"Friday","Wednesday","Musical","US","USD","Mar","Wed"
"TRUE",10000,30,4,16,11,11,19,"Wednesday","Monday","Musical","US","USD","Oct","Mon"
"TRUE",7500,30.1346412037037,12,13,14,17,16,"Tuesday","Wednesday","Musical","US","USD","May","Sun"
"TRUE",88000,29.9994675925926,7,11,16,16,22,"Friday","Saturday","Musical","US","USD","Mar","Wed"
"TRUE",15000,30,7,12,12,12,15,"Sunday","Friday","Musical","US","USD","Jan","Fri"
"TRUE",12000,29.6384259259259,2,17,19,10,14,"Monday","Wednesday","Musical","US","USD","Nov","Sat"
"TRUE",7500,60,7,14,16,16,17,"Thursday","Thursday","Musical","US","USD","Aug","Sun"
"TRUE",2e+05,19.1840393518519,7,14,18,22,16,"Saturday","Thursday","Musical","US","USD","May","Mon"
"TRUE",2000,45.4877662037037,6,15,2,14,5,"Saturday","Sunday","Musical","GB","GBP","Jun","Wed"
"TRUE",10000,30,3,13,23,23,16,"Sunday","Thursday","Musical","US","USD","Sep","Fri"
"TRUE",3000,20,6,14,5,5,5,"Sunday","Tuesday","Musical","AU","AUD","Aug","Mon"
"TRUE",20000,38.6294444444444,5,14,7,22,12,"Tuesday","Monday","Musical","CA","CAD","Jan","Sat"
"TRUE",6000,30,2,11,1,1,14,"Thursday","Sunday","Musical","US","USD","Apr","Tue"
"TRUE",6000,36,5,14,7,7,6,"Sunday","Wednesday","Musical","US","USD","May","Sat"
"TRUE",10000,45.6268171296296,7,13,10,1,18,"Friday","Friday","Musical","US","USD","Mar","Mon"
"TRUE",500,22,4,16,13,13,11,"Monday","Saturday","Musical","US","USD","Jul","Sun"
"TRUE",10000,25.0041319444444,3,16,17,18,5,"Thursday","Monday","Musical","GB","GBP","Oct","Sun"
"TRUE",900,14.7674537037037,6,15,16,11,15,"Wednesday","Sunday","Musical","US","USD","Nov","Tue"
"TRUE",750,36.5060300925926,5,8,13,1,13,"Tuesday","Sunday","Musical","US","USD","Jan","Sun"
"TRUE",25000,30,7,15,19,19,13,"Thursday","Tuesday","Musical","US","USD","Apr","Tue"
"TRUE",1000,30,4,14,4,4,2,"Tuesday","Sunday","Musical","GB","GBP","Oct","Sun"
"TRUE",4000,30,3,7,22,22,16,"Wednesday","Tuesday","Musical","US","USD","Apr","Mon"
"TRUE",5000,25,6,17,14,14,15,"Tuesday","Monday","Musical","US","USD","Oct","Fri"
"TRUE",5000,30,5,15,13,13,12,"Wednesday","Saturday","Musical","GB","GBP","Apr","Mon"
"TRUE",15000,30,4,15,16,16,16,"Sunday","Friday","Musical","US","USD","Sep","Fri"
"TRUE",2500,43.3613194444444,4,7,2,11,7,"Monday","Friday","Musical","GB","GBP","Apr","Sun"
"TRUE",1000,44.9872800925926,3,10,12,12,8,"Sunday","Sunday","Musical","GB","GBP","Nov","Thu"
"TRUE",2000,23.4159722222222,3,10,13,22,9,"Sunday","Friday","Musical","US","USD","Jan","Fri"
"TRUE",1200,30,7,13,9,9,11,"Friday","Thursday","Musical","US","USD","Jul","Wed"
"TRUE",2000,30,5,12,11,11,11,"Friday","Wednesday","Musical","GB","GBP","Nov","Wed"
"TRUE",4000,23.4061805555556,2,15,7,17,13,"Friday","Monday","Musical","US","USD","Jul","Wed"
"TRUE",750,21.8017013888889,4,8,0,20,14,"Wednesday","Monday","Musical","US","USD","Jun","Wed"
"TRUE",150,17.9331481481481,4,13,19,18,17,"Sunday","Wednesday","Musical","GB","GBP","Jan","Wed"
"TRUE",300,40,2,12,13,13,11,"Saturday","Sunday","Musical","GB","GBP","Apr","Mon"
"TRUE",1000,30,5,14,11,11,21,"Thursday","Monday","Musical","US","USD","Apr","Tue"
"TRUE",2000,30,7,16,12,12,9,"Wednesday","Monday","Musical","US","USD","Jan","Mon"
"TRUE",350,14.932025462963,5,16,20,19,19,"Saturday","Sunday","Musical","US","USD","Jul","Fri"
"TRUE",5500,29.8228356481481,2,2,1,20,19,"Friday","Wednesday","Musical","US","USD","May","Thu"
"TRUE",3571,26.0250694444444,8,15,20,20,19,"Saturday","Sunday","Musical","US","USD","May","Mon"
"TRUE",10000,46.8495833333333,3,13,3,23,14,"Friday","Thursday","Musical","US","USD","May","Mon"
"TRUE",500,30,8,17,7,7,5,"Wednesday","Monday","Musical","GB","GBP","May","Mon"
"TRUE",2500,25.4987037037037,6,16,13,0,9,"Monday","Wednesday","Musical","US","USD","Aug","Wed"
"TRUE",3000,42,3,17,14,14,13,"Sunday","Sunday","Musical","GB","GBP","Dec","Sun"
"TRUE",3333,15,6,15,6,6,9,"Thursday","Sunday","Musical","US","USD","Jun","Wed"
"TRUE",1700,14.7839236111111,7,15,21,16,16,"Monday","Wednesday","Musical","US","USD","Mar","Sun"
"TRUE",2200,28.5841203703704,8,19,8,22,20,"Friday","Wednesday","Musical","US","USD","Sep","Fri"
"TRUE",5000,49.2119791666667,7,14,17,22,10,"Friday","Tuesday","Musical","US","USD","Mar","Fri"
"TRUE",2000,24.3555324074074,6,5,9,18,6,"Thursday","Monday","Musical","GB","GBP","Jan","Mon"
"TRUE",5000,30,6,16,13,13,21,"Monday","Wednesday","Musical","US","USD","Jun","Sat"
"TRUE",1000,7,7,17,17,17,21,"Monday","Wednesday","Musical","US","USD","Apr","Mon"
"TRUE",3500,30,4,15,18,18,17,"Wednesday","Monday","Musical","CA","CAD","Jun","Mon"
"TRUE",2000,17.7499305555556,7,17,19,13,9,"Sunday","Tuesday","Musical","US","USD","Sep","Wed"
"TRUE",3000,13.1219791666667,5,14,11,13,12,"Tuesday","Tuesday","Musical","US","USD","May","Wed"
"TRUE",4000,29.990474537037,7,16,7,7,9,"Wednesday","Wednesday","Musical","GB","GBP","Aug","Mon"
"TRUE",10000,40,2,13,16,16,18,"Monday","Friday","Musical","US","USD","May","Wed"
"TRUE",7500,30.3563541666667,9,17,13,22,2,"Friday","Monday","Musical","US","USD","Mar","Wed"
"TRUE",20000,30,4,14,12,12,17,"Sunday","Thursday","Musical","US","USD","Jul","Fri"
"TRUE",3000,30,4,15,5,5,9,"Thursday","Saturday","Musical","US","USD","May","Tue"
"TRUE",3500,30,5,17,17,17,18,"Sunday","Wednesday","Musical","US","USD","Apr","Fri"
"TRUE",1200,38.9603472222222,7,16,23,22,12,"Friday","Monday","Musical","US","USD","Jul","Mon"
"TRUE",1000,60,7,15,16,16,16,"Monday","Sunday","Musical","GB","GBP","May","Thu"
"TRUE",40000,47.8667708333333,6,13,2,22,13,"Tuesday","Wednesday","Musical","US","USD","Oct","Thu"
"TRUE",5000,30,6,14,18,18,19,"Sunday","Monday","Musical","US","USD","Jun","Fri"
"TRUE",3000,35.2646180555556,7,14,16,22,13,"Thursday","Wednesday","Musical","US","USD","Aug","Thu"
"TRUE",5500,30,4,15,10,10,7,"Thursday","Monday","Musical","US","USD","Sep","Tue"
"TRUE",2000,30,6,15,6,6,14,"Thursday","Monday","Musical","US","USD","Dec","Tue"
"TRUE",3000,29.4299652777778,8,15,7,17,7,"Tuesday","Wednesday","Musical","GB","GBP","Jul","Mon"
"TRUE",500,29.9378009259259,7,14,12,11,11,"Saturday","Thursday","Musical","US","USD","Nov","Thu"
"TRUE",250,22.998125,4,13,1,1,7,"Friday","Thursday","Musical","GB","GBP","Jul","Wed"
"TRUE",6000,30,5,12,19,19,20,"Thursday","Sunday","Musical","US","USD","Apr","Tue"
"TRUE",1000,30,6,14,18,18,16,"Sunday","Monday","Musical","CA","CAD","Jun","Fri"
"TRUE",2000,35.7802199074074,3,16,10,5,5,"Tuesday","Saturday","Musical","GB","GBP","Jun","Mon"
"TRUE",350,28.6311805555556,6,13,7,22,18,"Friday","Wednesday","Musical","US","USD","Jun","Fri"
"TRUE",20000,32.4517361111111,6,15,14,1,2,"Sunday","Friday","Musical","DK","DKK","Mar","Tue"
"TRUE",4500,45,9,17,12,12,11,"Thursday","Saturday","Musical","US","USD","Apr","Mon"
"TRUE",500,56.8337268518518,4,13,10,6,5,"Thursday","Tuesday","Musical","GB","GBP","Feb","Wed"
"TRUE",1500,30,6,14,10,10,15,"Wednesday","Tuesday","Musical","CA","CAD","Apr","Mon"
"TRUE",250,60,6,6,14,14,10,"Tuesday","Thursday","Musical","GB","GBP","Mar","Fri"
"TRUE",15000,30,6,12,20,20,14,"Saturday","Wednesday","Musical","US","USD","Nov","Thu"
"TRUE",20000,45,9,13,22,22,15,"Monday","Wednesday","Musical","US","USD","Mar","Fri"
"TRUE",12000,60,3,16,10,10,13,"Saturday","Sunday","Musical","GB","GBP","Jan","Tue"
"TRUE",4000,31.2744560185185,4,12,17,0,14,"Sunday","Monday","Musical","US","USD","Dec","Wed"
"TRUE",10000,31.0490856481481,7,9,16,18,9,"Sunday","Sunday","Musical","US","USD","Jul","Thu"
"TRUE",1200,60,5,18,21,21,22,"Saturday","Wednesday","Musical","US","USD","Nov","Tue"
"TRUE",1200,34.4072800925926,8,16,13,22,18,"Wednesday","Tuesday","Musical","US","USD","Oct","Thu"
"TRUE",3000,45,9,14,18,18,15,"Thursday","Tuesday","Musical","US","USD","Jul","Mon"
"TRUE",3500,21,9,17,13,13,15,"Thursday","Sunday","Musical","US","USD","Jul","Thu"
"TRUE",3000,30,8,16,15,15,19,"Saturday","Tuesday","Musical","US","USD","Sep","Thu"
"TRUE",2073,33.8955439814815,7,16,4,1,21,"Thursday","Thursday","Musical","US","USD","Jan","Fri"
"TRUE",12500,30,9,16,16,16,16,"Wednesday","Sunday","Musical","US","USD","May","Mon"
"TRUE",1500,30,9,15,6,6,20,"Saturday","Sunday","Musical","AU","AUD","Dec","Thu"
"TRUE",3500,30,7,11,8,8,19,"Thursday","Saturday","Musical","US","USD","Feb","Tue"
"TRUE",9990,30,7,17,17,17,10,"Saturday","Thursday","Musical","US","USD","Aug","Thu"
"TRUE",12000,31.0597337962963,4,17,0,1,21,"Thursday","Friday","Musical","US","USD","Oct","Mon"
"TRUE",4000,15.2609837962963,10,22,16,22,10,"Saturday","Thursday","Musical","US","USD","Jan","Fri"
"TRUE",1000,58.0738078703704,5,17,17,18,18,"Saturday","Monday","Musical","US","USD","Mar","Thu"
"TRUE",800,30,5,5,18,18,18,"Monday","Wednesday","Musical","US","USD","Dec","Sat"
"TRUE",6738,30,7,16,4,4,16,"Wednesday","Wednesday","Musical","GB","GBP","Apr","Mon"
"TRUE",1500,33.0088310185185,8,15,11,11,13,"Sunday","Saturday","Musical","US","USD","Apr","Tue"
"TRUE",7500,30,2,16,23,23,16,"Monday","Thursday","Musical","US","USD","Jun","Sat"
"TRUE",5500,30,4,13,10,10,0,"Thursday","Monday","Musical","US","USD","Sep","Tue"
"TRUE",10000,35.4087962962963,8,20,8,17,11,"Sunday","Friday","Musical","GB","GBP","Mar","Sun"
"TRUE",2000,30,4,16,10,10,7,"Wednesday","Monday","Musical","US","USD","Apr","Mon"
"TRUE",4200,23.3672569444444,5,16,17,2,21,"Friday","Monday","Musical","US","USD","Sep","Tue"
"TRUE",35000,26.6225694444444,7,14,8,22,21,"Sunday","Wednesday","Musical","US","USD","Jun","Tue"
"TRUE",1500,30,7,16,17,17,22,"Thursday","Wednesday","Musical","US","USD","Nov","Tue"
"TRUE",8500,30,7,15,8,8,15,"Sunday","Thursday","Musical","US","USD","Mar","Fri"
"TRUE",400,30,1,10,17,17,11,"Thursday","Tuesday","Musical","GB","GBP","Feb","Tue"
"TRUE",4425,27.4792939814815,4,12,14,2,5,"Sunday","Sunday","Musical","IE","EUR","Nov","Sun"
"TRUE",2000,40,7,15,13,13,20,"Sunday","Sunday","Musical","US","USD","Jan","Tue"
"TRUE",20000,15,9,19,18,18,12,"Friday","Friday","Musical","US","USD","May","Thu"
"TRUE",3500,30,5,11,22,22,22,"Thursday","Tuesday","Musical","US","USD","Dec","Tue"
"TRUE",9500,30,11,12,16,16,16,"Saturday","Tuesday","Musical","US","USD","Apr","Thu"
"TRUE",5000,22,9,14,18,18,19,"Tuesday","Tuesday","Musical","US","USD","Nov","Mon"
"TRUE",1000,60,5,8,11,11,12,"Sunday","Thursday","Musical","US","USD","Jul","Wed"
"TRUE",10000,31,7,12,11,11,10,"Thursday","Tuesday","Musical","US","USD","Aug","Mon"
"TRUE",500,28,6,14,11,11,8,"Saturday","Thursday","Musical","GB","GBP","Oct","Sat"
"TRUE",5000,20.6330324074074,5,16,8,0,21,"Tuesday","Monday","Musical","US","USD","Nov","Tue"
"TRUE",7500,30,1,14,10,10,9,"Thursday","Monday","Musical","GB","GBP","Jan","Tue"
"TRUE",2000,15,4,13,7,7,6,"Thursday","Wednesday","Musical","US","USD","Nov","Wed"
"TRUE",1000,30.6772569444444,10,14,6,22,19,"Friday","Sunday","Musical","CA","CAD","May","Wed"
"TRUE",2500,30,8,14,13,13,15,"Wednesday","Saturday","Musical","US","USD","Feb","Mon"
"TRUE",10000,30,8,16,10,10,13,"Thursday","Tuesday","Musical","US","USD","Sep","Tue"
"TRUE",250,30,8,6,7,7,14,"Saturday","Saturday","Musical","GB","GBP","Jul","Thu"
"TRUE",55000,41.9777777777778,5,13,23,22,19,"Sunday","Thursday","Musical","US","USD","Jun","Sun"
"TRUE",3000,30,4,11,15,15,13,"Saturday","Monday","Musical","US","USD","Jun","Thu"
"TRUE",1000,33.1538310185185,2,11,11,15,7,"Wednesday","Tuesday","Musical","GB","GBP","Jul","Fri"
"TRUE",4000,16.0000694444444,9,14,5,6,6,"Wednesday","Thursday","Musical","GB","GBP","Apr","Mon"
"TRUE",7000,24.0488425925926,6,14,17,19,22,"Friday","Wednesday","Musical","US","USD","Apr","Tue"
"TRUE",750,20.6284606481481,6,7,10,2,21,"Monday","Monday","Musical","US","USD","Feb","Mon"
"TRUE",2500,30,5,16,10,10,18,"Monday","Tuesday","Musical","GB","GBP","Jan","Sat"
"TRUE",1000,15,2,15,15,15,19,"Tuesday","Friday","Musical","US","USD","Sep","Mon"
"TRUE",5000,30,5,17,1,1,5,"Tuesday","Thursday","Musical","GB","GBP","May","Sun"
"TRUE",8200,19.4439351851852,5,17,15,1,4,"Sunday","Saturday","Musical","US","USD","May","Mon"
"TRUE",500,32.0410416666667,3,15,15,16,13,"Friday","Sunday","Musical","GB","GBP","May","Mon"
"TRUE",5000,53.9590509259259,7,10,10,9,9,"Wednesday","Wednesday","Musical","US","USD","May","Fri"
"TRUE",4200,27.865162037037,6,9,14,11,12,"Monday","Sunday","Musical","US","USD","May","Mon"
"TRUE",750,15,3,15,10,10,16,"Tuesday","Sunday","Musical","US","USD","Feb","Mon"
"TRUE",300,12.0056018518519,2,13,20,21,21,"Friday","Sunday","Musical","US","USD","Mar","Sun"
"TRUE",400,45,5,17,3,3,3,"Saturday","Monday","Musical","GB","GBP","Nov","Wed"
"TRUE",50,19.7858796296296,5,13,12,7,11,"Sunday","Saturday","Musical","GB","GBP","Feb","Mon"
"TRUE",1000,30,4,12,3,3,14,"Sunday","Wednesday","Musical","US","USD","Oct","Fri"
"TRUE",4500,12.0414583333333,9,6,12,13,0,"Tuesday","Friday","Musical","US","USD","Oct","Thu"
"TRUE",12500,45,4,15,19,19,2,"Friday","Saturday","Musical","US","USD","Aug","Tue"
"TRUE",10000,53.6818287037037,3,17,4,20,19,"Thursday","Thursday","Musical","US","USD","Sep","Sun"
"TRUE",1210,29.9039583333333,7,14,13,11,8,"Thursday","Tuesday","Musical","CA","CAD","Nov","Tue"
"TRUE",1000,30,7,17,4,4,5,"Saturday","Wednesday","Musical","GB","GBP","Jun","Thu"
"TRUE",5000,15.9935185185185,4,12,11,11,0,"Friday","Tuesday","Musical","US","USD","Mar","Wed"
"TRUE",2500,25.3399768518519,4,14,14,22,21,"Saturday","Tuesday","Musical","US","USD","Sep","Tue"
"TRUE",1500,30,6,14,19,19,20,"Saturday","Monday","Musical","CA","CAD","Oct","Thu"
"TRUE",1075,20,5,14,14,14,13,"Saturday","Monday","Musical","US","USD","Feb","Sun"
"TRUE",1000,27.4340277777778,4,10,11,22,18,"Monday","Friday","Musical","US","USD","Oct","Tue"
"TRUE",500,9.29826388888889,6,16,10,18,9,"Thursday","Monday","Musical","GB","GBP","Apr","Tue"
"TRUE",25000,26.4227199074074,3,16,12,22,14,"Tuesday","Wednesday","Musical","US","USD","Jul","Thu"
"TRUE",1650,15,4,16,16,16,11,"Monday","Friday","Musical","GB","GBP","Jul","Sun"
"TRUE",3600,34.2975115740741,7,15,18,1,13,"Tuesday","Wednesday","Musical","US","USD","May","Tue"
"TRUE",6500,30,11,14,14,14,22,"Wednesday","Tuesday","Musical","US","USD","Mar","Mon"
"TRUE",2000,47.6030092592593,3,15,23,13,23,"Tuesday","Sunday","Musical","US","USD","May","Wed"
"TRUE",20000,50.8875462962963,10,15,11,8,8,"Saturday","Saturday","Musical","US","USD","Jun","Thu"
"TRUE",2500,30,8,15,13,13,18,"Tuesday","Wednesday","Musical","GB","GBP","Oct","Sun"
"TRUE",10000,30,6,9,8,8,21,"Friday","Tuesday","Musical","US","USD","May","Wed"
"TRUE",300,10.9947453703704,9,16,13,13,22,"Sunday","Monday","Musical","US","USD","Jul","Wed"
"TRUE",3500,45.3501967592593,4,17,15,23,14,"Friday","Monday","Musical","US","USD","Jan","Tue"
"TRUE",15000,30,7,11,1,1,12,"Thursday","Friday","Musical","US","USD","Jun","Tue"
"TRUE",10000,30,4,11,21,21,19,"Thursday","Sunday","Musical","US","USD","Apr","Tue"
"TRUE",600,59.4987615740741,5,16,13,1,3,"Friday","Thursday","Musical","GB","GBP","Nov","Mon"
"TRUE",5500,30,5,13,13,13,11,"Wednesday","Wednesday","Musical","US","USD","Oct","Mon"
"TRUE",1000,30,1,16,15,15,9,"Sunday","Friday","Musical","US","USD","Oct","Fri"
"TRUE",1200,30,7,16,21,21,19,"Saturday","Wednesday","Musical","US","USD","Apr","Thu"
"TRUE",100,30,8,10,16,16,20,"Thursday","Friday","Musical","US","USD","Aug","Tue"
"TRUE",500,45,5,15,15,15,15,"Monday","Friday","Musical","GB","GBP","Apr","Fri"
"TRUE",300,14.9724652777778,3,14,21,21,20,"Friday","Thursday","Musical","US","USD","Jan","Thu"
"TRUE",25000,29.6091435185185,5,16,8,22,11,"Friday","Monday","Musical","US","USD","Apr","Thu"
"TRUE",45000,30,6,17,9,9,9,"Thursday","Monday","Musical","US","USD","Aug","Tue"
"TRUE",3000,14,6,13,12,12,20,"Monday","Sunday","Musical","US","USD","Feb","Mon"
"TRUE",1800,28.5390162037037,6,18,11,0,13,"Tuesday","Tuesday","Musical","US","USD","Jun","Mon"
"TRUE",1000,30,8,6,17,17,17,"Friday","Wednesday","Musical","US","USD","Feb","Wed"
"TRUE",8000,30,8,17,8,8,22,"Sunday","Saturday","Musical","US","USD","Apr","Fri"
"TRUE",10000,30,2,13,9,9,13,"Thursday","Friday","Musical","GB","GBP","Apr","Tue"
"TRUE",750,24.9643171296296,5,16,1,1,16,"Monday","Wednesday","Musical","CA","CAD","Aug","Thu"
"TRUE",3100,31.2935532407407,6,14,21,5,18,"Saturday","Saturday","Musical","AU","AUD","Jan","Tue"
"TRUE",2500,30,4,14,17,17,18,"Saturday","Wednesday","Musical","US","USD","May","Thu"
"TRUE",2500,30,3,12,10,10,17,"Sunday","Monday","Musical","CA","CAD","May","Fri"
"TRUE",3500,58.1249074074074,7,14,9,12,7,"Monday","Monday","Musical","US","USD","Jul","Sat"
"TRUE",1000,12.5569097222222,5,15,10,23,22,"Sunday","Saturday","Musical","US","USD","Sep","Tue"
"TRUE",1500,30,1,9,5,5,13,"Sunday","Wednesday","Musical","GB","GBP","Jun","Fri"
"TRUE",4000,30,3,14,10,10,14,"Friday","Friday","Musical","US","USD","Dec","Wed"
"TRUE",8000,33.2325,6,15,14,20,19,"Wednesday","Tuesday","Musical","US","USD","Jul","Fri"
"TRUE",2500,40,5,14,12,12,23,"Sunday","Sunday","Musical","US","USD","Dec","Tue"
"TRUE",5000,42,7,15,18,18,7,"Friday","Tuesday","Musical","GB","GBP","Oct","Fri"
"TRUE",15000,28,5,16,0,0,12,"Sunday","Wednesday","Musical","US","USD","Feb","Sun"
"TRUE",9999,37.3217939814815,8,13,13,21,21,"Wednesday","Friday","Musical","US","USD","Oct","Mon"
"TRUE",3000,29.8096412037037,8,17,17,13,9,"Tuesday","Saturday","Musical","US","USD","Nov","Sun"
"TRUE",10000,30,7,16,13,13,18,"Saturday","Tuesday","Musical","US","USD","Jul","Thu"
"TRUE",2400,30,6,15,8,8,8,"Monday","Saturday","Musical","GB","GBP","May","Sat"
"TRUE",2500,20,10,15,7,7,15,"Tuesday","Tuesday","Musical","GB","GBP","Jun","Wed"
"TRUE",3300,37.5091203703704,7,15,12,1,11,"Sunday","Wednesday","Musical","US","USD","Oct","Thu"
"TRUE",4000,32.3751041666667,3,13,15,1,15,"Wednesday","Wednesday","Musical","US","USD","Feb","Fri"
"TRUE",4500,30,3,12,21,21,22,"Sunday","Sunday","Musical","CA","CAD","Apr","Fri"
"TRUE",6000,29,4,14,18,18,10,"Friday","Thursday","Musical","US","USD","Mar","Thu"
"TRUE",600,20.986724537037,6,19,23,22,10,"Saturday","Saturday","Musical","US","USD","Jan","Sat"
"TRUE",500,30,1,17,6,6,5,"Wednesday","Wednesday","Musical","GB","GBP","Jul","Mon"
"TRUE",2500,30,6,16,13,13,8,"Friday","Wednesday","Musical","GB","GBP","Oct","Wed"
"TRUE",20000,59.3582291666667,7,16,7,16,14,"Friday","Friday","Musical","US","USD","Jan","Tue"
"TRUE",2500,30,7,15,20,20,16,"Thursday","Sunday","Musical","US","USD","Oct","Tue"
"TRUE",30000,28.628275462963,1,17,7,22,11,"Thursday","Wednesday","Musical","US","USD","Oct","Thu"
"TRUE",10000,30,6,16,6,6,15,"Sunday","Wednesday","Musical","GB","GBP","Jan","Fri"
"TRUE",4000,58.9783796296296,5,14,17,17,12,"Monday","Monday","Musical","US","USD","Nov","Fri"
"TRUE",5000,23.0440277777778,9,14,17,19,11,"Thursday","Tuesday","Musical","US","USD","Apr","Tue"
"TRUE",10000,26.4979513888889,7,14,11,22,12,"Tuesday","Monday","Musical","US","USD","Jun","Thu"
"TRUE",9500,30,6,13,14,14,12,"Saturday","Friday","Musical","US","USD","Apr","Thu"
"TRUE",300,27.4672453703704,6,12,23,11,17,"Sunday","Sunday","Musical","US","USD","Jul","Sun"
"TRUE",5000,30,8,17,9,9,16,"Sunday","Friday","Musical","US","USD","Aug","Fri"
"TRUE",3000,60,8,13,17,17,16,"Thursday","Sunday","Musical","US","USD","Oct","Sun"
"TRUE",1500,20.0952083333333,8,14,12,15,15,"Friday","Monday","Musical","US","USD","Jun","Sat"
"TRUE",2000,30,9,11,16,16,11,"Monday","Friday","Musical","US","USD","Apr","Sat"
"TRUE",350,13.2172453703704,10,13,8,14,14,"Monday","Wednesday","Musical","GB","GBP","Jun","Tue"
"TRUE",1000,31.3505092592593,3,15,9,18,17,"Saturday","Tuesday","Musical","CA","CAD","Oct","Wed"
"TRUE",1500,26.8032523148148,7,16,17,13,7,"Saturday","Friday","Musical","GB","GBP","Nov","Sun"
"TRUE",2000,45.4234837962963,5,6,12,23,14,"Saturday","Tuesday","Musical","US","USD","May","Wed"
"TRUE",1600,30,6,9,6,6,3,"Friday","Wednesday","Musical","GB","GBP","Jul","Wed"
"TRUE",5000,34.4905787037037,4,10,14,1,9,"Tuesday","Thursday","Musical","US","USD","Mar","Tue"
"TRUE",3500,40.0810416666667,4,15,17,19,18,"Sunday","Saturday","Musical","US","USD","Oct","Tue"
"TRUE",1000,14.6573148148148,5,16,10,2,20,"Saturday","Thursday","Musical","CA","CAD","Mar","Fri"
"TRUE",250,30,8,17,16,16,15,"Wednesday","Monday","Musical","GB","GBP","Jul","Mon"
"TRUE",2000,20.6288657407407,6,13,22,14,14,"Monday","Thursday","Musical","US","USD","Jun","Mon"
"TRUE",1500,22.6381365740741,5,10,16,8,8,"Thursday","Thursday","Musical","US","USD","Oct","Tue"
"TRUE",15000,30,5,12,11,11,22,"Saturday","Tuesday","Musical","US","USD","Jun","Thu"
"TRUE",5000,20.5428703703704,3,13,10,23,11,"Monday","Saturday","Musical","US","USD","Jan","Tue"
"TRUE",500,31.0387962962963,5,12,22,22,21,"Thursday","Monday","Musical","US","USD","Mar","Mon"
"TRUE",4000,28.0757060185185,6,17,21,22,17,"Wednesday","Wednesday","Musical","US","USD","Jul","Wed"
"TRUE",6000,28.3510648148148,4,13,17,1,16,"Tuesday","Saturday","Musical","US","USD","Jan","Mon"
"TRUE",1000,60,3,14,18,18,16,"Saturday","Tuesday","Musical","US","USD","Feb","Tue"
"TRUE",500,40.0725115740741,4,14,14,16,11,"Sunday","Thursday","Musical","GB","GBP","Sep","Tue"
"TRUE",5000,29.1759259259259,2,12,14,19,16,"Tuesday","Tuesday","Musical","US","USD","May","Mon"
"TRUE",2500,37.3264236111111,3,14,16,23,13,"Friday","Wednesday","Musical","US","USD","Jun","Wed"
"TRUE",550,30,2,12,15,15,6,"Friday","Tuesday","Musical","GB","GBP","Mar","Wed"
"TRUE",4500,30,6,14,14,14,12,"Wednesday","Sunday","Musical","US","USD","May","Mon"
"TRUE",3500,20,4,14,14,14,11,"Monday","Wednesday","Musical","US","USD","Nov","Tue"
"TRUE",1500,30.7368287037037,2,6,6,0,18,"Monday","Thursday","Musical","US","USD","Apr","Fri"
"TRUE",4000,60,3,6,21,21,17,"Tuesday","Friday","Musical","US","USD","Jun","Fri"
"TRUE",5000,25,2,17,7,7,23,"Monday","Friday","Musical","US","USD","Apr","Thu"
"TRUE",500,53.4914699074074,5,13,6,18,5,"Monday","Thursday","Musical","GB","GBP","Jun","Thu"
"TRUE",1250,25,2,12,14,14,12,"Sunday","Saturday","Musical","GB","GBP","Jul","Wed"
"TRUE",5000,30,7,10,12,12,11,"Wednesday","Wednesday","Musical","US","USD","Mar","Mon"
"TRUE",1500,19.182037037037,6,11,15,19,19,"Saturday","Tuesday","Musical","US","USD","May","Mon"
"TRUE",7000,30,2,13,13,13,12,"Wednesday","Saturday","Musical","US","USD","Jun","Mon"
"TRUE",10000,35,6,12,23,23,12,"Wednesday","Friday","Musical","US","USD","May","Wed"
"TRUE",2000,14.1879976851852,3,12,18,22,19,"Saturday","Wednesday","Musical","US","USD","Feb","Sat"
"TRUE",7500,14.2483912037037,5,12,14,20,14,"Wednesday","Sunday","Musical","US","USD","May","Wed"
"TRUE",2500,30,8,13,22,22,18,"Wednesday","Wednesday","Musical","US","USD","Jun","Mon"
"TRUE",3000,30,4,17,2,2,13,"Sunday","Monday","Musical","US","USD","Aug","Fri"
"TRUE",30,14.6614467592593,3,16,13,5,14,"Tuesday","Sunday","Musical","GB","GBP","Feb","Mon"
"TRUE",5500,30,8,13,14,14,2,"Thursday","Saturday","Musical","US","USD","May","Tue"
"TRUE",1000,29.1003819444444,2,15,16,18,18,"Thursday","Saturday","Musical","CA","CAD","Apr","Wed"
"TRUE",2500,37.1807523148148,3,17,18,22,5,"Tuesday","Tuesday","Musical","US","USD","Apr","Sun"
"TRUE",5000,29.0866319444444,8,16,18,20,18,"Thursday","Tuesday","Musical","NZ","NZD","Mar","Wed"
"TRUE",10000,55.2895833333333,2,12,16,23,23,"Wednesday","Wednesday","Musical","US","USD","Jun","Thu"
"TRUE",5000,30,3,16,3,3,14,"Saturday","Friday","Musical","US","USD","Aug","Thu"
"TRUE",2000,60,8,14,20,20,9,"Thursday","Tuesday","Musical","US","USD","Jul","Sun"
"TRUE",500,30,4,16,23,23,1,"Friday","Tuesday","Musical","US","USD","May","Wed"
"TRUE",2500,12.4363888888889,9,16,12,22,8,"Tuesday","Friday","Musical","US","USD","Jun","Thu"
"TRUE",1000,35.7902314814815,5,11,15,10,10,"Monday","Sunday","Musical","US","USD","Mar","Sun"
"TRUE",2000,23.3481481481481,4,15,10,19,16,"Friday","Tuesday","Musical","US","USD","Jan","Wed"
"TRUE",1000,31.1915393518519,3,11,7,12,12,"Saturday","Monday","Musical","GB","GBP","Jun","Wed"
"TRUE",6000,30,8,15,2,2,8,"Sunday","Thursday","Musical","GB","GBP","Nov","Fri"
"TRUE",2000,21,6,13,16,16,11,"Friday","Saturday","Musical","US","USD","May","Fri"
"TRUE",2100,30,5,12,21,21,21,"Thursday","Tuesday","Musical","US","USD","Aug","Tue"
"TRUE",1500,15,8,12,2,2,14,"Wednesday","Friday","Musical","US","USD","Jul","Tue"
"TRUE",250,26.4528240740741,3,17,7,18,17,"Wednesday","Thursday","Musical","GB","GBP","Apr","Fri"
"TRUE",3000,24.3667013888889,4,14,14,22,11,"Saturday","Monday","Musical","US","USD","Aug","Wed"
"TRUE",8000,29.6510648148148,6,8,7,23,20,"Tuesday","Tuesday","Musical","US","USD","Jun","Mon"
"TRUE",4500,27.113125,6,11,12,15,15,"Sunday","Wednesday","Musical","US","USD","Feb","Mon"
"TRUE",1000,31.5260648148148,2,17,5,17,9,"Saturday","Wednesday","Musical","GB","GBP","Apr","Wed"
"TRUE",3000,35,8,14,14,14,19,"Friday","Sunday","Musical","US","USD","Apr","Fri"
"TRUE",10000,21.1140277777778,3,14,12,15,8,"Thursday","Wednesday","Musical","GB","GBP","Jul","Thu"
"TRUE",500,30,7,19,10,10,13,"Thursday","Tuesday","Musical","CA","CAD","Nov","Tue"
"TRUE",2500,57.5830439814815,7,14,11,1,13,"Saturday","Monday","Musical","US","USD","Aug","Thu"
"TRUE",35000,25.2793981481481,2,8,19,1,11,"Friday","Monday","Musical","US","USD","Dec","Sun"
"TRUE",7500,26.9824074074074,6,17,19,19,23,"Sunday","Monday","Musical","US","USD","Sep","Mon"
"TRUE",5500,60,5,14,11,11,20,"Thursday","Tuesday","Musical","US","USD","Jul","Sun"
"TRUE",2500,26.8011458333333,7,12,16,11,10,"Wednesday","Wednesday","Musical","GB","GBP","Nov","Thu"
"TRUE",1500,28.7529282407407,4,11,23,17,17,"Friday","Monday","Musical","US","USD","Jan","Thu"
"TRUE",400,30.9894444444444,6,17,7,7,6,"Friday","Tuesday","Musical","GB","GBP","Sep","Tue"
"TRUE",2500,9.04521990740741,5,13,22,0,19,"Friday","Tuesday","Musical","US","USD","Jan","Tue"
"TRUE",4000,30,7,17,12,12,13,"Thursday","Tuesday","Musical","US","USD","May","Tue"
"TRUE",1100,30,6,13,9,9,20,"Friday","Tuesday","Musical","US","USD","Mar","Wed"
"TRUE",2000,30,5,14,17,17,17,"Saturday","Wednesday","Musical","GB","GBP","May","Thu"
"TRUE",1000,14.1429166666667,3,11,15,19,13,"Tuesday","Sunday","Musical","US","USD","May","Tue"
"TRUE",5000,33.0420486111111,3,7,19,20,20,"Monday","Friday","Musical","US","USD","Oct","Wed"
"TRUE",2500,16,4,14,14,14,9,"Thursday","Friday","Musical","CA","CAD","Mar","Tue"
"TRUE",2000,27.2240393518519,10,13,17,23,1,"Wednesday","Tuesday","Musical","US","USD","Mar","Thu"
"TRUE",8000,37.6738657407407,9,13,3,20,20,"Thursday","Sunday","Musical","US","USD","Jun","Tue"
"TRUE",2000,22.0553125,5,12,21,23,16,"Friday","Monday","Musical","US","USD","Sep","Thu"
"TRUE",2400,60,3,10,13,13,14,"Saturday","Saturday","Musical","US","USD","Dec","Tue"
"TRUE",15000,30,8,7,11,11,13,"Saturday","Tuesday","Musical","US","USD","Feb","Thu"
"TRUE",2500,32.6177662037037,9,13,0,15,15,"Monday","Wednesday","Musical","US","USD","Jun","Thu"
"TRUE",4500,25,7,14,16,16,5,"Monday","Monday","Musical","US","USD","Aug","Thu"
"TRUE",2000,29.096099537037,9,15,15,18,13,"Sunday","Friday","Musical","GB","GBP","Jun","Sat"
"TRUE",4000,32.2364814814815,8,18,14,20,8,"Tuesday","Wednesday","Musical","CA","CAD","Jan","Fri"
"TRUE",2000,45,3,19,20,20,11,"Saturday","Wednesday","Musical","GB","GBP","May","Wed"
"TRUE",2750,30,3,10,8,8,5,"Saturday","Friday","Musical","GB","GBP","Apr","Thu"
"TRUE",3500,45.7287384259259,9,10,18,11,11,"Sunday","Sunday","Musical","US","USD","Oct","Wed"
"TRUE",10000,30,2,13,11,11,13,"Wednesday","Thursday","Musical","US","USD","Jun","Mon"
"TRUE",5500,33.5016666666667,1,16,5,18,11,"Tuesday","Friday","Musical","GB","GBP","Jan","Thu"
"TRUE",5000,45,5,10,12,12,16,"Friday","Thursday","Musical","US","USD","Oct","Tue"
"TRUE",4000,22.2843171296296,3,16,10,17,15,"Wednesday","Monday","Musical","SE","SEK","Sep","Tue"
"TRUE",2000,15,3,12,16,16,21,"Wednesday","Friday","Musical","US","USD","Apr","Tue"
"TRUE",6000,53.2092013888889,4,16,17,22,16,"Tuesday","Thursday","Musical","US","USD","May","Fri"
"TRUE",2500,28,5,5,14,14,3,"Friday","Tuesday","Musical","GB","GBP","Aug","Fri"
"TRUE",9500,13.8710648148148,4,18,20,17,11,"Wednesday","Monday","Musical","SE","SEK","May","Wed"
"TRUE",1,59.4914930555556,5,14,7,19,12,"Tuesday","Sunday","Musical","GB","GBP","Aug","Sat"
"TRUE",29999,50.8448842592593,6,11,9,6,4,"Tuesday","Friday","Musical","DK","DKK","Sep","Sun"
"TRUE",1700,30,5,19,20,20,12,"Wednesday","Monday","Musical","US","USD","Aug","Mon"
"TRUE",5000,60,7,9,0,0,14,"Friday","Wednesday","Musical","US","USD","Sep","Mon"
"TRUE",500,30,7,15,9,9,10,"Friday","Friday","Musical","GB","GBP","Mar","Wed"
"TRUE",5500,31.1629282407407,7,16,19,22,19,"Friday","Tuesday","Musical","US","USD","May","Tue"
"TRUE",7000,31.1102546296296,3,16,20,22,8,"Monday","Monday","Musical","US","USD","Jul","Fri"
"TRUE",1200,24.5680555555556,9,15,21,11,14,"Tuesday","Wednesday","Musical","US","USD","Feb","Fri"
"TRUE",300,15,3,12,11,11,16,"Thursday","Tuesday","Musical","US","USD","Feb","Wed"
"FALSE",20000,60,6,19,1,1,5,"Monday","Tuesday","Musical","AU","AUD","Jan","Thu"
"FALSE",5000,23.81125,9,16,16,12,20,"Monday","Wednesday","Musical","US","USD","Jul","Fri"
"FALSE",50000,60,2,11,12,12,16,"Saturday","Thursday","Musical","US","USD","Feb","Tue"
"FALSE",50000,30,5,15,10,10,14,"Sunday","Monday","Musical","US","USD","May","Fri"
"FALSE",1000,5.94650462962963,6,13,15,14,16,"Sunday","Wednesday","Musical","US","USD","Apr","Mon"
"FALSE",2e+05,60,3,17,3,3,5,"Sunday","Monday","Musical","GB","GBP","Jun","Wed"
"FALSE",26000,31.0415856481481,10,17,14,15,10,"Thursday","Monday","Musical","US","USD","Jan","Mon"
"FALSE",4e+05,30.4991435185185,6,13,4,16,7,"Friday","Thursday","Musical","GB","GBP","Jun","Wed"
"FALSE",10000,28,8,13,18,18,8,"Monday","Tuesday","Musical","GB","GBP","Jun","Mon"
"FALSE",3000,27.9271064814815,10,14,20,18,13,"Tuesday","Tuesday","Musical","CA","CAD","Oct","Tue"
"FALSE",25000,40,3,14,11,11,12,"Monday","Wednesday","Musical","US","USD","Sep","Wed"
"FALSE",60000,59.0978935185185,7,15,19,21,15,"Friday","Wednesday","Musical","US","USD","Sep","Tue"
"FALSE",10000,30,8,18,17,17,17,"Monday","Saturday","Musical","US","USD","Nov","Sat"
"FALSE",15000,30,5,12,12,12,13,"Wednesday","Tuesday","Musical","US","USD","Aug","Mon"
"FALSE",10000,60,5,14,12,12,7,"Saturday","Wednesday","Musical","US","USD","Jul","Tue"
"FALSE",1200,20,7,13,0,0,15,"Friday","Thursday","Musical","US","USD","Mar","Sat"
"FALSE",5000,60,3,13,20,20,18,"Friday","Thursday","Musical","US","USD","Jul","Mon"
"FALSE",13000,30,5,16,16,16,7,"Friday","Tuesday","Musical","US","USD","Jul","Wed"
"FALSE",20000,36.3059375,3,13,18,2,14,"Friday","Wednesday","Musical","US","USD","Feb","Wed"
"FALSE",2000,28.1096875,5,11,20,22,7,"Friday","Thursday","Musical","US","USD","Mar","Fri"
"FALSE",7000,14.7268287037037,9,17,20,14,8,"Friday","Tuesday","Musical","US","USD","Apr","Thu"
"FALSE",15000,30,6,14,18,18,16,"Friday","Sunday","Musical","US","USD","Feb","Wed"
"FALSE",7000,30,10,15,6,6,17,"Wednesday","Tuesday","Musical","US","USD","Mar","Mon"
"FALSE",10000,30,9,14,8,8,17,"Wednesday","Saturday","Musical","US","USD","Oct","Mon"
"FALSE",7500,21,8,12,20,20,16,"Friday","Monday","Musical","US","USD","Feb","Fri"
"FALSE",1200,40,3,15,10,10,8,"Sunday","Monday","Musical","GB","GBP","Nov","Tue"
"FALSE",5940,28,3,15,9,9,10,"Wednesday","Sunday","Musical","US","USD","Nov","Wed"
"FALSE",15000,60,3,14,17,17,7,"Sunday","Tuesday","Musical","GB","GBP","Nov","Wed"
"FALSE",14000,25.8272685185185,7,13,19,15,16,"Wednesday","Thursday","Musical","US","USD","Nov","Fri"
"FALSE",8000,30,5,10,15,15,13,"Wednesday","Sunday","Musical","US","USD","Jul","Mon"
"FALSE",18000,30.5875115740741,4,17,11,1,23,"Sunday","Monday","Musical","US","USD","Oct","Thu"
"FALSE",6500,30,5,16,10,10,23,"Sunday","Sunday","Musical","US","USD","Nov","Fri"
"FALSE",20000,30.7922222222222,1,12,22,18,14,"Sunday","Sunday","Musical","US","USD","Nov","Thu"
"FALSE",25000,49.4523726851852,7,14,12,23,1,"Tuesday","Tuesday","Musical","US","USD","Sep","Tue"
"FALSE",10000,30,3,15,9,9,17,"Sunday","Tuesday","Musical","US","USD","May","Fri"
"FALSE",500,16.0801851851852,5,13,17,19,13,"Friday","Saturday","Musical","US","USD","Oct","Wed"
"FALSE",75000,27.9833449074074,11,20,10,10,13,"Wednesday","Monday","Musical","US","USD","Nov","Wed"
"FALSE",3550,32,4,15,14,14,16,"Monday","Wednesday","Musical","GB","GBP","May","Thu"
"FALSE",15000,30,6,15,11,11,9,"Tuesday","Friday","Musical","US","USD","Oct","Sun"
"FALSE",1500,60,4,8,11,11,20,"Sunday","Wednesday","Musical","US","USD","May","Wed"
"FALSE",12500,30,3,8,5,5,21,"Wednesday","Thursday","Musical","US","USD","Jun","Mon"
"FALSE",7000,21,10,13,16,16,8,"Tuesday","Tuesday","Musical","US","USD","Nov","Tue"
"FALSE",5000,30,7,18,8,8,7,"Sunday","Friday","Musical","GB","GBP","May","Fri"
"FALSE",600,43.5012731481482,1,10,5,17,17,"Friday","Sunday","Musical","GB","GBP","Jul","Thu"
"FALSE",22500,60,6,17,18,18,11,"Friday","Saturday","Musical","US","USD","Nov","Mon"
"FALSE",6000,30,8,17,16,16,15,"Monday","Wednesday","Musical","US","USD","Mar","Sat"
"FALSE",70000,30,8,17,12,12,15,"Sunday","Tuesday","Musical","US","USD","Jul","Fri"
"FALSE",10000,30,4,12,16,16,16,"Friday","Saturday","Musical","US","USD","Feb","Wed"
"FALSE",22000,32.4705671296296,7,12,11,22,12,"Saturday","Friday","Musical","US","USD","Dec","Tue"
"FALSE",5000,31,4,14,10,10,8,"Friday","Saturday","Musical","US","USD","Dec","Tue"
"FALSE",3000,30,5,11,22,22,22,"Wednesday","Friday","Musical","US","USD","Sep","Mon"
"FALSE",12000,30,5,8,17,17,14,"Friday","Wednesday","Musical","US","USD","Feb","Wed"
"FALSE",8000,55.2821296296296,7,17,19,2,16,"Sunday","Sunday","Musical","US","USD","Jun","Sun"
"FALSE",150000,60,7,11,16,16,3,"Saturday","Wednesday","Musical","US","USD","Jul","Tue"
"FALSE",7500,20,7,15,1,1,0,"Sunday","Monday","Musical","AU","AUD","Jun","Mon"
"FALSE",1500,7,5,11,16,16,14,"Friday","Wednesday","Musical","US","USD","Mar","Fri"
"FALSE",4000,32.462025462963,5,12,11,23,5,"Saturday","Saturday","Musical","US","USD","Oct","Tue"
"FALSE",20000,30,5,13,16,16,12,"Saturday","Saturday","Musical","US","USD","Apr","Thu"
"FALSE",20000,30,3,14,11,11,10,"Sunday","Friday","Musical","GB","GBP","Oct","Fri"
"FALSE",10000,30,9,19,13,13,11,"Thursday","Thursday","Musical","US","USD","Aug","Tue"
"FALSE",3500,28.0676388888889,4,15,16,18,14,"Wednesday","Friday","Musical","US","USD","Feb","Wed"
"FALSE",55000,60,2,15,16,16,18,"Sunday","Saturday","Musical","US","USD","Aug","Wed"
"FALSE",24000,15.2435416666667,8,18,17,22,17,"Thursday","Wednesday","Musical","US","USD","Aug","Wed"
"FALSE",5000,30,5,17,13,13,2,"Saturday","Friday","Musical","US","USD","May","Thu"
"FALSE",30000,60,5,15,18,18,0,"Wednesday","Friday","Musical","US","USD","Jun","Sat"
"FALSE",15000,30,7,12,19,19,17,"Monday","Monday","Musical","US","USD","Feb","Sat"
"FALSE",3500,27.9386574074074,5,16,20,19,18,"Monday","Tuesday","Musical","US","USD","Jun","Mon"
"FALSE",6000,30,4,17,16,16,13,"Monday","Sunday","Musical","GB","GBP","Nov","Sat"
"FALSE",1e+05,60,7,20,14,14,7,"Tuesday","Thursday","Musical","IT","EUR","Apr","Fri"
"FALSE",50000,58.9616319444444,2,10,12,11,11,"Friday","Tuesday","Musical","US","USD","Aug","Tue"
"FALSE",550,21.4159490740741,8,16,16,2,1,"Friday","Friday","Musical","US","USD","Apr","Thu"
"FALSE",3000,30,5,7,11,11,8,"Friday","Wednesday","Musical","US","USD","Feb","Wed"
"FALSE",7e+06,60,2,20,10,10,4,"Monday","Friday","Musical","IT","EUR","Aug","Thu"
"FALSE",5000,30,5,14,17,17,9,"Friday","Monday","Musical","GB","GBP","Jul","Wed"
"FALSE",2000,18.0880787037037,6,13,20,22,7,"Sunday","Monday","Musical","US","USD","Jul","Wed"
"FALSE",5000,30,4,15,8,8,6,"Wednesday","Monday","Musical","SE","SEK","Feb","Mon"
"FALSE",10000,21,9,17,10,10,16,"Tuesday","Saturday","Musical","US","USD","Nov","Tue"
"FALSE",5000,16.4800231481481,4,13,13,1,12,"Sunday","Wednesday","Musical","US","USD","Jul","Thu"
"FALSE",16000,31,5,16,9,9,8,"Thursday","Tuesday","Musical","US","USD","Aug","Mon"
"FALSE",10000,60,5,16,14,14,15,"Thursday","Monday","Musical","GB","GBP","Nov","Sun"
"FALSE",1000,60,3,10,6,6,4,"Tuesday","Wednesday","Musical","GB","GBP","Mar","Fri"
"FALSE",1400,30,6,14,9,9,10,"Monday","Thursday","Musical","US","USD","Sep","Sat"
"FALSE",2500,25,2,13,16,16,15,"Wednesday","Saturday","Musical","GB","GBP","May","Sat"
"FALSE",500,60,8,13,22,22,22,"Sunday","Monday","Musical","CA","CAD","Dec","Wed"
"FALSE",15000,60,5,14,6,6,8,"Tuesday","Tuesday","Musical","GB","GBP","Sep","Fri"
"FALSE",8000,45,7,22,11,11,11,"Friday","Friday","Musical","US","USD","Mar","Tue"
"FALSE",4000,30,6,15,19,19,16,"Wednesday","Monday","Musical","US","USD","Jul","Mon"
"FALSE",65000,45,3,15,9,9,15,"Monday","Sunday","Musical","US","USD","Apr","Fri"
"FALSE",24488,35.0915509259259,3,13,16,19,18,"Saturday","Tuesday","Musical","US","USD","Jul","Sat"
"FALSE",2000,30.9958449074074,3,15,11,11,12,"Friday","Monday","Musical","US","USD","Jan","Tue"
"FALSE",5000,30,5,13,20,20,16,"Wednesday","Sunday","Musical","US","USD","Aug","Mon"
"FALSE",4000,30,4,14,0,0,0,"Monday","Saturday","Musical","US","USD","Sep","Sat"
"FALSE",10000,36.7012847222222,8,13,22,15,14,"Friday","Tuesday","Musical","US","USD","Jun","Wed"
"FALSE",500,25.7115625,3,19,16,10,10,"Saturday","Sunday","Musical","US","USD","Jan","Mon"
"FALSE",8000,30,6,13,20,20,14,"Thursday","Friday","Musical","US","USD","Jan","Tue"
"FALSE",200,21,5,15,4,4,7,"Wednesday","Friday","Musical","GB","GBP","May","Wed"
"FALSE",55000,30,2,15,3,3,2,"Sunday","Friday","Musical","SE","SEK","Apr","Fri"
"FALSE",4000,30.0416666666667,8,14,21,22,21,"Thursday","Tuesday","Musical","CA","CAD","Nov","Tue"
"FALSE",3750,60,3,11,13,13,12,"Tuesday","Friday","Musical","US","USD","Jun","Fri"
"FALSE",10000,44.9761689814815,2,15,16,16,9,"Saturday","Thursday","Musical","GB","GBP","Jan","Wed"
"FALSE",5000,45,7,14,17,17,3,"Friday","Monday","Musical","GB","GBP","Jan","Tue"
"FALSE",11000,30,5,16,20,20,19,"Sunday","Friday","Musical","US","USD","Jun","Fri"
"FALSE",3500,30,2,13,8,8,14,"Thursday","Monday","Musical","US","USD","Jan","Tue"
"FALSE",3e+06,59.9852430555556,3,13,9,9,13,"Saturday","Monday","Musical","US","USD","Jun","Tue"
"FALSE",10000,30,3,9,5,5,3,"Wednesday","Monday","Musical","NO","NOK","Jan","Mon"
"FALSE",30000,38,3,17,4,4,3,"Monday","Friday","Musical","DK","DKK","Jan","Fri"
"FALSE",5000,30.1132175925926,9,13,13,16,14,"Saturday","Wednesday","Musical","US","USD","Aug","Thu"
"FALSE",50000,29.9113310185185,4,16,2,0,0,"Saturday","Thursday","Musical","US","USD","Mar","Thu"
"FALSE",2000,21,2,12,13,13,21,"Sunday","Thursday","Musical","GB","GBP","Aug","Sun"
"FALSE",5000,58.3540972222222,7,13,15,23,23,"Sunday","Thursday","Musical","US","USD","Oct","Fri"
"FALSE",1000,30,6,13,18,18,12,"Friday","Saturday","Musical","US","USD","Aug","Wed"
"FALSE",500,29.9902893518519,4,13,11,11,10,"Friday","Wednesday","Musical","US","USD","Jun","Wed"
"FALSE",8000,30,6,13,3,3,10,"Friday","Sunday","Musical","GB","GBP","Apr","Wed"
"FALSE",5000,30,5,13,1,1,18,"Saturday","Thursday","Musical","US","USD","Aug","Thu"
"FALSE",5500,60,10,17,0,0,1,"Thursday","Friday","Musical","US","USD","Feb","Sun"
"FALSE",1e+05,60,3,19,14,14,10,"Sunday","Tuesday","Musical","US","USD","Oct","Wed"
"FALSE",1e+06,58.6555092592593,6,14,20,12,12,"Thursday","Friday","Musical","US","USD","Mar","Mon"
"FALSE",3000,30,4,17,15,15,15,"Saturday","Wednesday","Musical","GB","GBP","Oct","Thu"
"FALSE",17100,24.4125347222222,5,15,13,22,23,"Monday","Thursday","Musical","US","USD","Aug","Fri"
"FALSE",500,20,5,16,16,16,15,"Sunday","Monday","Musical","GB","GBP","Nov","Mon"
"FALSE",5000,43.3765393518519,6,14,9,19,15,"Friday","Tuesday","Musical","US","USD","Oct","Thu"
"FALSE",75000,47.9996064814815,5,14,21,21,16,"Friday","Monday","Musical","CA","CAD","Nov","Sat"
"FALSE",3500,30,2,8,16,16,10,"Wednesday","Wednesday","Musical","US","USD","Mar","Mon"
"FALSE",150000,35,3,15,11,11,12,"Monday","Friday","Musical","US","USD","Aug","Mon"
"FALSE",3000,30,4,16,10,10,7,"Thursday","Friday","Musical","US","USD","Dec","Tue"
"FALSE",3300,60,4,10,10,10,6,"Sunday","Monday","Musical","CA","CAD","Feb","Wed"
"FALSE",25000,59.9554861111111,1,13,11,10,13,"Friday","Monday","Musical","US","USD","Aug","Mon"
"FALSE",1000,30,6,15,13,13,18,"Sunday","Friday","Musical","US","USD","Apr","Fri"
"FALSE",3000,17.5812615740741,7,16,10,0,9,"Sunday","Tuesday","Musical","US","USD","Sep","Wed"
"FALSE",700,40.8503819444444,2,16,14,11,10,"Monday","Tuesday","Musical","DE","EUR","Oct","Tue"
"FALSE",25000,40,3,16,22,22,21,"Monday","Wednesday","Musical","US","USD","Oct","Wed"
"FALSE",5000,27.9658912037037,5,14,23,22,21,"Monday","Monday","Musical","US","USD","Feb","Mon"
"FALSE",1000,30,3,12,18,18,20,"Monday","Thursday","Musical","CA","CAD","Oct","Sat"
"FALSE",10000,31.5578472222222,3,15,5,18,15,"Tuesday","Tuesday","Musical","US","USD","May","Sat"
"FALSE",500,45,6,14,12,12,10,"Friday","Tuesday","Musical","GB","GBP","Aug","Tue"
"FALSE",5000,30.7793055555556,6,12,18,12,10,"Friday","Wednesday","Musical","US","USD","Jun","Tue"
"FALSE",500,25,7,17,7,7,11,"Saturday","Saturday","Musical","GB","GBP","Jun","Tue"
"FALSE",20000,30,2,10,11,11,10,"Saturday","Thursday","Musical","US","USD","May","Thu"
"FALSE",5000,24.4359606481481,8,18,14,0,2,"Thursday","Thursday","Musical","US","USD","Dec","Sun"
"FALSE",12500,31.0250231481481,2,13,17,18,11,"Tuesday","Saturday","Musical","GB","GBP","Aug","Sat"
"FALSE",500,60,8,15,11,11,12,"Monday","Tuesday","Musical","US","USD","May","Thu"
"FALSE",15000,56.7914467592593,3,8,13,8,22,"Friday","Thursday","Musical","AU","AUD","Feb","Thu"
"FALSE",5500,31.0041087962963,6,12,15,16,16,"Monday","Friday","Musical","US","USD","Jun","Fri"
"FALSE",1e+05,30,9,15,20,20,23,"Saturday","Sunday","Musical","US","USD","Aug","Thu"
"FALSE",10000,12.3416782407407,5,9,12,21,0,"Tuesday","Sunday","Musical","US","USD","May","Thu"
"FALSE",60000,54.1454861111111,4,15,19,23,23,"Tuesday","Wednesday","Musical","US","USD","Dec","Thu"
"FALSE",5000,30.1298611111111,6,19,7,11,3,"Wednesday","Monday","Musical","GB","GBP","Aug","Mon"
"FALSE",2000,30,2,5,18,18,17,"Saturday","Tuesday","Musical","US","USD","May","Thu"
"FALSE",4500,37.4284375,7,18,10,20,11,"Friday","Friday","Musical","US","USD","Apr","Wed"
"FALSE",35000,30.5340740740741,8,15,5,18,5,"Friday","Monday","Musical","GB","GBP","Apr","Wed"
"FALSE",2000,30,6,9,14,14,9,"Monday","Friday","Musical","GB","GBP","Jul","Sat"
"FALSE",650,45,5,19,16,16,12,"Thursday","Tuesday","Musical","US","USD","May","Mon"
"FALSE",20000,22,9,16,11,11,21,"Thursday","Sunday","Musical","US","USD","Jun","Wed"
"FALSE",2300,30,10,11,19,19,23,"Tuesday","Monday","Musical","US","USD","Jun","Sun"
"FALSE",8500,27.4683101851852,7,22,11,22,19,"Sunday","Saturday","Musical","CA","CAD","May","Mon"
"FALSE",22000,33.981400462963,4,14,5,4,1,"Monday","Saturday","Musical","US","USD","Jan","Tue"
"FALSE",500,60,4,14,4,4,13,"Sunday","Thursday","Musical","GB","GBP","Sep","Wed"
"FALSE",2200,35,6,10,17,17,15,"Wednesday","Tuesday","Musical","GB","GBP","Jan","Wed"
"FALSE",6000,60,5,12,13,13,7,"Sunday","Tuesday","Musical","US","USD","Oct","Wed"
"FALSE",15000,30,3,10,11,11,11,"Wednesday","Saturday","Musical","GB","GBP","Jan","Mon"
"FALSE",3000,30,2,17,17,17,8,"Sunday","Wednesday","Musical","GB","GBP","Nov","Fri"
"FALSE",2500,30,5,8,1,1,18,"Tuesday","Saturday","Musical","US","USD","Feb","Sun"
"FALSE",24000,17.0205439814815,2,17,17,18,12,"Sunday","Thursday","Musical","US","USD","May","Thu"
"FALSE",15000,31.1792013888889,6,5,12,17,16,"Monday","Wednesday","Musical","US","USD","Aug","Fri"
"FALSE",50000,60,4,12,2,2,5,"Tuesday","Friday","Musical","US","USD","Nov","Fri"
"FALSE",5899,30,3,9,19,19,13,"Wednesday","Saturday","Musical","US","USD","Nov","Mon"
"FALSE",5000,30,4,17,18,18,17,"Friday","Sunday","Musical","US","USD","Jan","Wed"
"FALSE",24500,28,7,12,10,10,0,"Monday","Saturday","Musical","US","USD","Aug","Mon"
"FALSE",20000,32.3539583333333,2,9,17,1,17,"Monday","Tuesday","Musical","US","USD","Oct","Wed"
"FALSE",40000,30,6,10,6,6,12,"Saturday","Tuesday","Musical","US","USD","May","Thu"
"FALSE",2500,60,11,16,19,19,0,"Thursday","Sunday","Musical","US","USD","Aug","Sun"
"FALSE",2500,40,4,17,6,6,15,"Wednesday","Tuesday","Musical","US","USD","Jun","Fri"
"FALSE",20000,30,5,11,6,6,5,"Saturday","Thursday","Musical","US","USD","Feb","Thu"
"FALSE",8500,20.3695486111111,3,16,14,23,10,"Thursday","Sunday","Musical","US","USD","Mar","Fri"
"FALSE",10000,34.0539583333333,4,10,4,6,10,"Monday","Sunday","Musical","GB","GBP","Nov","Tue"
"FALSE",1000,30,2,8,17,17,17,"Thursday","Wednesday","Musical","US","USD","Jul","Tue"
"FALSE",50000,30,7,13,7,7,21,"Sunday","Tuesday","Musical","US","USD","Jun","Fri"
"FALSE",4990,30,8,13,16,16,20,"Saturday","Sunday","Musical","US","USD","Jan","Thu"
"FALSE",5000,17.4425925925926,6,16,15,2,7,"Saturday","Tuesday","Musical","US","USD","Apr","Tue"
"FALSE",600,34.9567824074074,9,12,13,11,19,"Monday","Thursday","Musical","US","USD","Sep","Mon"
"FALSE",6500,38.5812384259259,2,19,23,13,11,"Tuesday","Monday","Musical","US","USD","May","Fri"
"FALSE",2000,35.433912037037,2,11,8,19,7,"Friday","Thursday","Musical","GB","GBP","Sep","Fri"
"FALSE",5000,54.9794444444444,7,16,11,11,11,"Monday","Monday","Musical","US","USD","Aug","Tue"
"FALSE",50000,30,8,9,17,17,15,"Sunday","Tuesday","Musical","US","USD","Jul","Fri"
"FALSE",5000,16.8017592592593,4,16,16,12,9,"Monday","Sunday","Musical","GB","GBP","Sep","Fri"
"FALSE",10000,22.6789351851852,4,15,9,2,13,"Sunday","Tuesday","Musical","US","USD","Jun","Fri"
"FALSE",2772,21.3041203703704,8,15,19,2,2,"Wednesday","Tuesday","Musical","GB","GBP","Jul","Tue"
"FALSE",2500,30,3,15,20,20,18,"Thursday","Tuesday","Musical","US","USD","Jul","Tue"
"FALSE",10000,38.0125347222222,8,18,4,4,4,"Thursday","Thursday","Musical","GB","GBP","Nov","Mon"
"FALSE",20000,28.3925,7,8,13,22,3,"Tuesday","Friday","Musical","US","USD","Jun","Tue"
"FALSE",2200,30,2,13,19,19,10,"Friday","Monday","Musical","US","USD","Jan","Wed"
"FALSE",1500,15,3,14,9,9,9,"Saturday","Wednesday","Musical","GB","GBP","Jul","Fri"
"FALSE",10000,30,3,14,13,13,13,"Thursday","Tuesday","Musical","US","USD","Jun","Tue"
"FALSE",8000,30.5871875,3,15,10,0,0,"Saturday","Thursday","Musical","US","USD","Jun","Wed"
"FALSE",10000,30,8,13,13,13,18,"Wednesday","Thursday","Musical","US","USD","Feb","Mon"
"FALSE",50000,30,2,12,22,22,19,"Saturday","Tuesday","Musical","US","USD","Nov","Thu"
"FALSE",9000,45,7,15,2,2,23,"Thursday","Wednesday","Musical","US","USD","Mar","Mon"
"FALSE",25000,30,2,11,13,13,11,"Sunday","Friday","Musical","US","USD","May","Fri"
"FALSE",5000,28.4939930555556,7,17,10,22,21,"Thursday","Monday","Musical","US","USD","Sep","Thu"
"FALSE",2600,35,4,15,19,19,19,"Tuesday","Thursday","Musical","US","USD","Apr","Tue"
"FALSE",3500,30.4271643518519,4,14,12,22,11,"Wednesday","Friday","Musical","US","USD","Jul","Mon"
"FALSE",25000,20.9155902777778,6,18,14,12,12,"Saturday","Saturday","Musical","US","USD","Jul","Sat"
"FALSE",7000,21.3876041666667,5,6,14,23,20,"Tuesday","Tuesday","Musical","US","USD","Mar","Tue"
"FALSE",4000,30,4,14,23,23,0,"Wednesday","Thursday","Musical","US","USD","Jun","Mon"
"FALSE",5000,14.9177777777778,4,17,8,7,5,"Sunday","Saturday","Musical","AU","AUD","Dec","Sat"
"FALSE",20500,30,7,17,15,15,13,"Monday","Friday","Musical","US","USD","Jun","Sat"
"FALSE",5e+05,30,10,15,4,4,1,"Saturday","Thursday","Musical","SE","SEK","Oct","Thu"
"FALSE",1e+05,30,11,12,20,20,11,"Friday","Friday","Musical","US","USD","Mar","Wed"
"FALSE",5000,14,7,12,19,19,8,"Friday","Thursday","Musical","US","USD","Jul","Fri"
"FALSE",50000,45,6,16,8,8,15,"Thursday","Wednesday","Musical","US","USD","Jun","Mon"
"FALSE",1500,33.3804976851852,5,12,13,22,19,"Sunday","Monday","Musical","US","USD","Jul","Tue"
"FALSE",40000,59.4938310185185,2,11,12,23,23,"Friday","Tuesday","Musical","US","USD","Mar","Tue"
"FALSE",7500,23.1708564814815,2,17,12,17,17,"Friday","Thursday","Musical","GB","GBP","Sep","Wed"
"FALSE",5500,20,6,17,13,13,6,"Monday","Thursday","Musical","GB","GBP","May","Tue"
"FALSE",1125,30,3,12,8,8,0,"Thursday","Sunday","Musical","US","USD","Jun","Tue"
"FALSE",4800,30,9,12,22,22,19,"Saturday","Tuesday","Musical","US","USD","May","Thu"
"FALSE",50000,60,4,15,19,19,12,"Friday","Saturday","Musical","US","USD","Jun","Mon"
"FALSE",20000,30,3,14,8,8,14,"Tuesday","Tuesday","Musical","US","USD","Jul","Sun"
"FALSE",7500,29.3603472222222,3,13,9,18,17,"Wednesday","Sunday","Musical","GB","GBP","Nov","Tue"
"FALSE",10000,40.317025462963,5,11,10,18,14,"Thursday","Thursday","Musical","US","USD","Jun","Sat"
"FALSE",4500,28.2657986111111,8,15,16,22,17,"Monday","Wednesday","Musical","US","USD","Aug","Mon"
"FALSE",1500,29.2879166666667,2,14,15,22,14,"Thursday","Friday","Musical","US","USD","Aug","Wed"
"FALSE",15000,60,10,7,2,2,20,"Monday","Monday","Musical","US","USD","Nov","Thu"
"FALSE",18000,30,3,15,8,8,17,"Wednesday","Friday","Musical","GB","GBP","May","Mon"
"FALSE",7000,30.9706597222222,4,13,15,15,21,"Monday","Thursday","Musical","US","USD","Mar","Fri"
"FALSE",2500,22.1286805555556,3,19,11,14,14,"Friday","Monday","Musical","US","USD","Jul","Thu"
"FALSE",20000,55.9677777777778,6,20,17,16,16,"Thursday","Tuesday","Musical","DE","EUR","Aug","Thu"
"FALSE",15000,60,4,12,3,3,7,"Tuesday","Wednesday","Musical","GB","GBP","Apr","Fri"
"FALSE",1000,30,3,15,21,21,20,"Wednesday","Monday","Musical","US","USD","Feb","Mon"
"FALSE",5000,30,6,13,13,13,13,"Thursday","Wednesday","Musical","US","USD","Oct","Tue"
"FALSE",30000,34,9,13,14,14,16,"Tuesday","Thursday","Musical","US","USD","Oct","Wed"
"FALSE",700,30,7,14,12,12,22,"Tuesday","Saturday","Musical","US","USD","May","Sun"
"FALSE",10000,30,9,13,11,11,7,"Saturday","Thursday","Musical","GB","GBP","Aug","Thu"
"FALSE",1e+05,30,6,11,1,1,2,"Saturday","Wednesday","Musical","AU","AUD","Jun","Thu"
"FALSE",20000,20,6,15,11,11,10,"Sunday","Thursday","Musical","US","USD","Sep","Mon"
"FALSE",3000,50.3421296296296,4,16,14,22,12,"Friday","Thursday","Musical","CA","CAD","Nov","Thu"
"FALSE",5000,39.6643865740741,7,14,22,14,18,"Tuesday","Monday","Musical","CA","CAD","Dec","Thu"
"FALSE",5000,15,3,16,19,19,8,"Wednesday","Tuesday","Musical","US","USD","Jul","Tue"
"FALSE",6000,46.403587962963,4,12,13,22,6,"Saturday","Monday","Musical","US","USD","Mar","Tue"
"FALSE",7500,60,5,11,20,20,15,"Monday","Saturday","Musical","CA","CAD","Feb","Thu"
"FALSE",30000,33.281875,4,19,19,1,17,"Friday","Saturday","Musical","US","USD","Mar","Sat"
"FALSE",150000,30,4,14,13,13,21,"Sunday","Thursday","Musical","US","USD","Apr","Fri"
"FALSE",7000,29.95875,3,14,23,23,1,"Thursday","Wednesday","Musical","US","USD","Aug","Tue"
"FALSE",10000,27.3743402777778,8,13,8,17,9,"Thursday","Tuesday","Musical","US","USD","Nov","Fri"
"FALSE",2500,30.8440393518519,4,14,5,2,18,"Friday","Sunday","Musical","US","USD","Dec","Tue"
"FALSE",55000,30,3,15,15,15,9,"Wednesday","Wednesday","Musical","US","USD","Jun","Mon"
"FALSE",250,30,3,16,16,16,7,"Thursday","Tuesday","Musical","GB","GBP","Mar","Tue"
"FALSE",8000,29.389537037037,4,12,1,10,10,"Monday","Wednesday","Musical","GB","GBP","Aug","Sun"
"FALSE",2000,31.5811226851852,2,16,16,5,18,"Saturday","Monday","Musical","GB","GBP","Jul","Tue"
"FALSE",10000,60,7,14,13,13,20,"Tuesday","Thursday","Musical","US","USD","Dec","Fri"
"FALSE",30000,30,5,12,16,16,16,"Friday","Tuesday","Musical","US","USD","Jul","Wed"
"FALSE",20000,30,7,14,10,10,8,"Monday","Saturday","Musical","IT","EUR","Nov","Sat"
"FALSE",6600,30.0978472222222,7,25,2,5,6,"Saturday","Monday","Musical","SE","SEK","Jun","Thu"
"FALSE",20000,30,4,15,5,5,11,"Sunday","Monday","Musical","GB","GBP","Nov","Fri"
"FALSE",6000,52.5157638888889,4,15,12,0,15,"Friday","Monday","Musical","US","USD","Nov","Mon"
"FALSE",350000,30,5,12,19,19,15,"Monday","Tuesday","Musical","US","USD","Apr","Sat"
"FALSE",40000,30,4,24,17,17,15,"Tuesday","Monday","Musical","MX","MXN","Jan","Sun"
"FALSE",7000,10.7526388888889,4,12,17,12,11,"Monday","Friday","Musical","US","USD","Jun","Thu"
"FALSE",10000,28.8696296296296,7,15,13,10,16,"Friday","Tuesday","Musical","US","USD","Mar","Thu"
"FALSE",3500,56.8240393518519,5,14,18,14,16,"Wednesday","Thursday","Musical","US","USD","Nov","Tue"
"FALSE",170000,34.0772685185185,5,14,5,7,5,"Wednesday","Monday","Musical","GB","GBP","Nov","Thu"
"FALSE",1000,12.8441666666667,5,12,22,18,6,"Tuesday","Saturday","Musical","US","USD","Jan","Wed"
"FALSE",6000,30,6,13,16,16,12,"Saturday","Wednesday","Musical","US","USD","Jan","Thu"
"FALSE",7000,59.2577430555556,3,13,17,23,16,"Friday","Saturday","Musical","US","USD","Nov","Tue"
"FALSE",900,32.9872106481481,9,6,23,23,22,"Friday","Wednesday","Musical","US","USD","Mar","Sun"
"FALSE",40000,37.4322916666667,6,17,10,21,21,"Friday","Monday","Musical","US","USD","Jan","Wed"
"FALSE",1500,30,3,15,14,14,16,"Tuesday","Thursday","Musical","GB","GBP","Dec","Sun"
"FALSE",8000,46.9749074074074,6,12,7,6,11,"Thursday","Thursday","Musical","GB","GBP","Nov","Sat"
"FALSE",1e+05,30,7,11,2,2,18,"Saturday","Thursday","Musical","US","USD","Feb","Thu"
"FALSE",10500,30,3,11,18,18,11,"Sunday","Tuesday","Musical","US","USD","Feb","Fri"
"FALSE",20000,30,6,13,22,22,19,"Sunday","Friday","Musical","US","USD","May","Fri"
"FALSE",5830,32.0045023148148,3,13,9,9,9,"Saturday","Tuesday","Musical","US","USD","Nov","Tue"
"FALSE",14000,27,6,4,13,13,10,"Tuesday","Monday","Musical","US","USD","Dec","Wed"
"FALSE",6000,30.5725347222222,5,13,22,11,11,"Saturday","Sunday","Musical","US","USD","May","Wed"
"FALSE",1.5e+07,60,7,15,6,6,11,"Wednesday","Sunday","Musical","ES","EUR","Feb","Sat"
"FALSE",125000,32.1793865740741,7,14,19,23,11,"Friday","Friday","Musical","US","USD","Nov","Mon"
"FALSE",60000,60,11,14,14,14,8,"Saturday","Sunday","Musical","GB","GBP","Oct","Tue"
"FALSE",25000,52.0333912037037,9,16,15,15,9,"Thursday","Wednesday","Musical","US","USD","Jun","Mon"
"FALSE",10000,45,1,16,2,2,15,"Sunday","Monday","Musical","NZ","NZD","Mar","Thu"
"FALSE",2000,30,4,13,8,8,11,"Friday","Tuesday","Musical","GB","GBP","Oct","Wed"
"FALSE",4000,30,3,14,11,11,9,"Sunday","Friday","Musical","GB","GBP","Mar","Fri"
"FALSE",1000,45,7,14,10,10,12,"Friday","Sunday","Musical","US","USD","Jan","Tue"
"FALSE",10000,60,6,14,19,19,11,"Sunday","Thursday","Musical","US","USD","Mar","Wed"
"FALSE",5000,30,2,14,14,14,10,"Saturday","Friday","Musical","US","USD","Nov","Thu"
"FALSE",10000,30,9,14,15,15,5,"Wednesday","Thursday","Musical","IT","EUR","Feb","Mon"
"FALSE",2500,30,4,5,10,10,21,"Saturday","Friday","Musical","US","USD","Jul","Thu"
"FALSE",6000,57.6600231481481,6,9,1,17,14,"Friday","Tuesday","Musical","NL","EUR","Jun","Thu"
"FALSE",30000,30,3,15,23,23,21,"Sunday","Wednesday","Musical","US","USD","Mar","Fri"
"FALSE",12000,38.7210185185185,4,17,22,16,19,"Friday","Friday","Musical","US","USD","May","Mon"
"FALSE",6000,20.3685763888889,4,14,23,7,18,"Thursday","Wednesday","Musical","AU","AUD","Dec","Thu"
"FALSE",7500,30,3,12,17,17,13,"Monday","Tuesday","Musical","US","USD","Feb","Sat"
"FALSE",2000,30.322974537037,3,16,11,19,9,"Saturday","Thursday","Musical","US","USD","Nov","Thu"
"FALSE",15000,60,6,14,16,16,17,"Saturday","Monday","Musical","US","USD","Dec","Tue"
"FALSE",50000,57.8124421296296,5,11,4,0,11,"Saturday","Thursday","Musical","US","USD","Dec","Thu"
"FALSE",10000,30.8139467592593,7,15,21,17,11,"Saturday","Monday","Musical","US","USD","Sep","Wed"
"FALSE",25000,30,2,16,13,13,0,"Sunday","Thursday","Musical","US","USD","Mar","Fri"
"FALSE",250000,59.0039351851852,5,14,20,21,21,"Tuesday","Sunday","Musical","US","USD","Apr","Sat"
"FALSE",10000,30.2851967592593,4,13,9,16,16,"Saturday","Tuesday","Musical","US","USD","Jan","Thu"
"TRUE",10000,30,8,12,7,7,10,"Sunday","Tuesday","Web","US","USD","Oct","Fri"
"TRUE",7000,30,9,14,7,7,16,"Thursday","Thursday","Web","GB","GBP","May","Tue"
"TRUE",25000,27.7442476851852,6,8,23,17,12,"Monday","Tuesday","Web","US","USD","Jun","Mon"
"TRUE",10000,34.1945486111111,8,16,7,11,12,"Friday","Tuesday","Web","US","USD","Apr","Sat"
"TRUE",10000,30,6,13,2,2,10,"Thursday","Monday","Web","US","USD","Jan","Tue"
"TRUE",12500,30,5,12,10,10,9,"Wednesday","Tuesday","Web","FR","EUR","Mar","Mon"
"TRUE",1500,30,6,21,3,3,10,"Thursday","Tuesday","Web","GB","GBP","Nov","Tue"
"TRUE",15000,60,3,7,21,21,17,"Monday","Saturday","Web","US","USD","Apr","Thu"
"TRUE",10000,25.4946296296296,1,12,9,21,9,"Friday","Tuesday","Web","US","USD","Apr","Mon"
"TRUE",5000,34.1306828703704,5,13,10,14,19,"Tuesday","Tuesday","Web","US","USD","Dec","Wed"
"TRUE",50000,30,4,16,1,1,6,"Friday","Monday","Web","FR","EUR","May","Wed"
"TRUE",7500,30,8,12,23,23,21,"Wednesday","Wednesday","Web","US","USD","Dec","Mon"
"TRUE",15000,30.1905439814815,5,10,17,22,11,"Wednesday","Monday","Web","US","USD","May","Mon"
"TRUE",1000,17.8709722222222,8,19,5,2,4,"Monday","Wednesday","Web","US","USD","Jun","Thu"
"TRUE",2500,34.0480902777778,6,17,17,19,14,"Tuesday","Tuesday","Web","US","USD","Sep","Wed"
"TRUE",1000,30,7,13,9,9,19,"Thursday","Thursday","Web","US","USD","Apr","Tue"
"TRUE",1560,30,3,20,3,3,3,"Friday","Tuesday","Web","GB","GBP","Sep","Wed"
"TRUE",5000,30,3,14,13,13,14,"Wednesday","Friday","Web","US","USD","May","Mon"
"TRUE",5000,34.9992013888889,6,11,12,12,14,"Thursday","Sunday","Web","US","USD","May","Thu"
"TRUE",600,30,5,11,13,13,12,"Wednesday","Saturday","Web","GB","GBP","Mar","Mon"
"TRUE",30000,23.2094560185185,3,14,11,17,16,"Friday","Thursday","Web","US","USD","May","Wed"
"TRUE",50000,31.660150462963,6,8,10,1,18,"Saturday","Wednesday","Web","US","USD","Sep","Tue"
"TRUE",12000,31.0610532407407,4,14,9,11,7,"Friday","Thursday","Web","GB","GBP","Apr","Tue"
"TRUE",1e+06,35.2460069444444,7,17,8,14,22,"Wednesday","Tuesday","Web","US","USD","May","Wed"
"TRUE",30000,30.3502893518519,2,14,10,19,12,"Friday","Wednesday","Web","US","USD","Jul","Wed"
"TRUE",20000,30,1,8,14,14,15,"Wednesday","Monday","Web","US","USD","Apr","Mon"
"TRUE",10000,21,6,10,22,22,19,"Wednesday","Tuesday","Web","US","USD","Aug","Wed"
"TRUE",50000,30,5,14,14,14,17,"Tuesday","Wednesday","Web","US","USD","Nov","Sun"
"TRUE",24000,21.3491550925926,5,9,12,21,21,"Tuesday","Wednesday","Web","US","USD","Mar","Tue"
"TRUE",1000,60,5,15,3,3,1,"Tuesday","Monday","Web","US","USD","Oct","Fri"
"TRUE",10000,22.0627546296296,8,13,18,20,18,"Tuesday","Saturday","Web","US","USD","Dec","Mon"
"TRUE",22000,30.2059259259259,6,18,11,16,21,"Tuesday","Sunday","Web","US","USD","Nov","Sun"
"TRUE",2500,30,3,12,6,6,8,"Saturday","Tuesday","Web","US","USD","Sep","Thu"
"TRUE",50000,30,8,14,6,6,16,"Wednesday","Tuesday","Web","US","USD","Nov","Mon"
"TRUE",20000,30,11,15,23,23,7,"Tuesday","Thursday","Web","US","USD","Feb","Sun"
"TRUE",7500,30,4,6,16,16,14,"Saturday","Thursday","Web","US","USD","Aug","Thu"
"TRUE",20000,31,6,9,12,12,19,"Thursday","Monday","Web","US","USD","Jul","Mon"
"TRUE",3000,42.5746064814815,8,11,8,22,21,"Wednesday","Saturday","Web","US","USD","Feb","Wed"
"TRUE",3100,34.5697916666667,10,15,23,13,11,"Tuesday","Friday","Web","FR","EUR","May","Tue"
"TRUE",10000,30,4,9,8,8,10,"Thursday","Wednesday","Web","US","USD","Aug","Tue"
"TRUE",2000,58.1822106481481,8,14,17,22,17,"Thursday","Saturday","Web","US","USD","Dec","Tue"
"TRUE",20000,31.9219444444444,8,16,17,16,4,"Sunday","Friday","Web","GB","GBP","Oct","Wed"
"FALSE",1e+05,31,10,19,7,7,6,"Friday","Monday","Web","DE","EUR","Jun","Tue"
"FALSE",50000,60,4,10,16,16,23,"Tuesday","Monday","Web","CA","CAD","Apr","Fri"
"FALSE",10000,30,7,12,21,21,14,"Saturday","Monday","Web","US","USD","May","Thu"
"FALSE",3000,30,4,11,22,22,7,"Saturday","Thursday","Web","US","USD","Jan","Thu"
"FALSE",15000,34.5980555555556,1,13,8,23,17,"Monday","Friday","Web","US","USD","Jul","Tue"
"FALSE",50000,30,2,13,11,11,6,"Friday","Saturday","Web","US","USD","Sep","Wed"
"FALSE",2600,30,6,13,17,17,12,"Wednesday","Friday","Web","US","USD","Jul","Mon"
"FALSE",1e+06,59.9885185185185,1,14,16,15,10,"Tuesday","Wednesday","Web","US","USD","Aug","Fri"
"FALSE",20000,38.2091203703704,4,12,10,15,15,"Friday","Wednesday","Web","IT","EUR","Jun","Tue"
"FALSE",1000,30,2,9,18,18,6,"Wednesday","Saturday","Web","US","USD","Mar","Mon"
"FALSE",10000,60,5,12,8,8,1,"Monday","Friday","Web","AU","AUD","May","Thu"
"FALSE",5000,60,7,14,15,15,9,"Monday","Monday","Web","US","USD","Feb","Thu"
"FALSE",40000,30,1,16,10,10,8,"Wednesday","Monday","Web","CA","CAD","Sep","Mon"
"FALSE",1000,45.0249189814815,2,11,22,23,20,"Friday","Tuesday","Web","US","USD","Feb","Tue"
"FALSE",25000,31.7470138888889,5,10,11,5,13,"Monday","Thursday","Web","US","USD","May","Thu"
"FALSE",5000,26.9707638888889,7,14,21,21,22,"Saturday","Friday","Web","US","USD","Jun","Sun"
"FALSE",60000,18.0746412037037,5,12,13,15,17,"Monday","Saturday","Web","DK","DKK","Jan","Thu"
"FALSE",100,60,3,14,18,18,17,"Saturday","Tuesday","Web","US","USD","Nov","Tue"
"FALSE",8000,36.2818055555556,7,10,16,22,7,"Monday","Wednesday","Web","US","USD","Jul","Sun"
"FALSE",10000,15,4,10,11,11,7,"Saturday","Friday","Web","NL","EUR","Dec","Fri"
"FALSE",4000,33.5684375,5,13,0,14,23,"Monday","Saturday","Web","US","USD","Aug","Wed"
"FALSE",15000,30,2,13,9,9,8,"Tuesday","Thursday","Web","US","USD","Aug","Sun"
"FALSE",15000,18.7584259259259,4,5,19,13,13,"Sunday","Sunday","Web","US","USD","Mar","Tue"
"FALSE",200,30,1,12,15,15,13,"Friday","Monday","Web","NO","NOK","Oct","Wed"
"FALSE",5000,30,10,15,9,9,8,"Thursday","Friday","Web","IT","EUR","Jul","Tue"
"FALSE",50000,30,1,14,14,14,12,"Monday","Saturday","Web","DE","EUR","Jul","Sat"
"FALSE",50000,30,2,16,1,1,19,"Saturday","Thursday","Web","AU","AUD","Oct","Thu"
"FALSE",15550,56.1614236111111,5,22,7,11,0,"Monday","Sunday","Web","US","USD","Nov","Mon"
"FALSE",5000,30,6,15,15,15,5,"Friday","Tuesday","Web","GB","GBP","Feb","Wed"
"FALSE",20000,54.9210532407407,2,13,20,19,20,"Saturday","Friday","Web","US","USD","Aug","Sun"
"FALSE",25000,60,8,13,22,22,13,"Sunday","Wednesday","Web","CA","CAD","Jul","Wed"
"FALSE",12000,45,1,17,15,15,17,"Friday","Friday","Web","US","USD","Nov","Tue"
"FALSE",30000,45,5,14,17,17,19,"Friday","Saturday","Web","US","USD","Jun","Tue"
"FALSE",250,30,1,13,6,6,8,"Sunday","Wednesday","Web","GB","GBP","May","Fri"
"FALSE",3000,45,7,11,16,16,18,"Saturday","Thursday","Web","IT","EUR","Jun","Wed"
"FALSE",30000,30,6,14,0,0,19,"Tuesday","Friday","Web","AU","AUD","Oct","Sun"
"FALSE",6000,25,4,14,13,13,1,"Saturday","Tuesday","Web","CA","CAD","Sep","Tue"
"FALSE",10000,33.2972800925926,10,21,9,16,16,"Monday","Wednesday","Web","US","USD","Sep","Wed"
"FALSE",1000,30,2,8,12,12,14,"Saturday","Tuesday","Web","US","USD","Jun","Thu"
"FALSE",10000,30,3,12,22,22,6,"Tuesday","Friday","Web","AU","AUD","Dec","Sun"
"FALSE",500,25,4,13,21,21,19,"Sunday","Tuesday","Web","US","USD","Jan","Wed"
"FALSE",6000,35.0010532407407,6,15,8,9,18,"Thursday","Friday","Web","US","USD","Jan","Thu"
"FALSE",77777,30,5,16,23,23,23,"Monday","Sunday","Web","US","USD","Aug","Sat"
"FALSE",10000,30,11,15,11,11,8,"Monday","Tuesday","Web","CA","CAD","Oct","Sat"
"FALSE",20000,45,3,12,6,6,23,"Thursday","Sunday","Web","US","USD","Nov","Mon"
"FALSE",15000,42.0622106481481,2,13,21,23,20,"Monday","Wednesday","Web","AU","AUD","Dec","Mon"
"FALSE",20000,55,6,14,13,13,11,"Monday","Thursday","Web","CA","CAD","Apr","Tue"
"FALSE",10000,26.3045486111111,4,12,13,21,20,"Sunday","Thursday","Web","US","USD","May","Tue"
"FALSE",75000,60,6,11,11,11,21,"Tuesday","Tuesday","Web","US","USD","Dec","Fri"
"FALSE",10000,30,6,15,14,14,7,"Sunday","Tuesday","Web","US","USD","Oct","Fri"
"FALSE",25000,20,6,13,19,19,8,"Monday","Tuesday","Web","US","USD","Sep","Tue"
"FALSE",25000,16.0033449074074,1,12,17,17,22,"Sunday","Thursday","Web","GB","GBP","Jun","Fri"
"FALSE",30000,30,7,15,8,8,21,"Saturday","Tuesday","Web","CA","CAD","Dec","Thu"
"FALSE",30000,40,7,16,6,6,17,"Tuesday","Wednesday","Web","GB","GBP","Jan","Thu"
"FALSE",1e+05,60,1,12,11,11,9,"Saturday","Tuesday","Web","US","USD","Jul","Tue"
"FALSE",23875,40.9909606481481,1,12,10,9,8,"Thursday","Tuesday","Web","US","USD","Apr","Fri"
"FALSE",40000,30,5,13,8,8,11,"Saturday","Thursday","Web","US","USD","May","Thu"
"FALSE",15000,30,3,14,10,10,23,"Sunday","Thursday","Web","US","USD","Apr","Fri"
"FALSE",10000,30,1,15,11,11,13,"Wednesday","Tuesday","Web","US","USD","Feb","Mon"
"FALSE",50000,30,1,10,1,1,4,"Friday","Wednesday","Web","DE","EUR","Jun","Wed"
"FALSE",150000,30,1,11,21,21,13,"Wednesday","Tuesday","Web","US","USD","Apr","Mon"
"FALSE",600,50,6,17,14,14,22,"Thursday","Sunday","Web","US","USD","Feb","Wed"
"FALSE",30000,45,1,11,14,14,15,"Saturday","Tuesday","Web","IT","EUR","Feb","Wed"
"FALSE",450000,50,1,10,17,17,8,"Thursday","Saturday","Web","IT","EUR","Jul","Wed"
"FALSE",2500,30,1,12,15,15,14,"Sunday","Thursday","Web","NL","EUR","Jan","Fri"
"FALSE",50000,30,6,11,18,18,13,"Friday","Tuesday","Web","US","USD","Nov","Wed"
"FALSE",10000,30,3,5,20,20,7,"Thursday","Sunday","Web","US","USD","Sep","Tue"
"FALSE",10000,30,4,14,17,17,10,"Saturday","Wednesday","Web","US","USD","Mar","Thu"
"FALSE",600,60,5,17,14,14,14,"Friday","Saturday","Web","US","USD","Dec","Mon"
"FALSE",12000,22,5,14,20,20,12,"Friday","Wednesday","Web","US","USD","Sep","Thu"
"FALSE",40000,60,1,11,17,17,2,"Friday","Friday","Web","US","USD","Oct","Mon"
"FALSE",55000,30,2,9,10,10,8,"Sunday","Thursday","Web","CA","CAD","Dec","Fri"
"FALSE",11400,30,3,13,6,6,16,"Friday","Saturday","Web","GB","GBP","Oct","Wed"
"FALSE",20000,60,1,5,9,9,15,"Monday","Sunday","Web","GB","GBP","Dec","Thu"
"FALSE",38623,30,6,12,8,8,9,"Monday","Sunday","Web","DE","EUR","Nov","Sat"
"FALSE",5000,30,3,11,15,15,13,"Friday","Tuesday","Web","US","USD","Mar","Wed"
"FALSE",10000,60,2,9,16,16,9,"Monday","Wednesday","Web","US","USD","Aug","Thu"
"FALSE",10000,42,2,7,15,15,13,"Tuesday","Wednesday","Web","US","USD","Nov","Tue"
"FALSE",5000,30,5,8,19,19,16,"Saturday","Wednesday","Web","US","USD","May","Thu"
"FALSE",33000,25.9966550925926,4,3,14,14,17,"Sunday","Wednesday","Web","US","USD","Sep","Tue"
"FALSE",10000,30,4,16,14,14,16,"Thursday","Monday","Web","US","USD","Dec","Tue"
"FALSE",24500,36.5367708333333,9,13,16,5,20,"Saturday","Monday","Web","NZ","NZD","Dec","Thu"
"FALSE",2500,30,1,11,14,14,9,"Friday","Tuesday","Web","CA","CAD","Dec","Wed"
"FALSE",85000,30,2,8,13,13,22,"Thursday","Tuesday","Web","US","USD","Jan","Tue"
"FALSE",25000,19.3497337962963,1,12,14,22,13,"Sunday","Friday","Web","US","USD","Jul","Tue"
"FALSE",2500,30,4,14,12,12,15,"Wednesday","Saturday","Web","US","USD","Oct","Mon"
"FALSE",88888,58.9998726851852,7,15,19,19,1,"Saturday","Wednesday","Web","US","USD","Nov","Wed"
"FALSE",11180,30,5,13,5,5,8,"Wednesday","Friday","Web","GB","GBP","Sep","Mon"
"FALSE",60000,30,10,18,11,11,2,"Saturday","Wednesday","Web","DE","EUR","May","Thu"
"FALSE",80000,60,1,13,5,5,9,"Saturday","Thursday","Web","US","USD","Jan","Tue"
"FALSE",5000,60,1,13,9,9,12,"Friday","Friday","Web","US","USD","Mar","Mon"
"FALSE",125000,24,3,7,8,8,2,"Monday","Monday","Web","GB","GBP","Aug","Fri"
"FALSE",12000,30,3,9,14,14,19,"Thursday","Sunday","Web","US","USD","Nov","Tue"
"FALSE",3800,50,2,7,4,4,22,"Thursday","Friday","Web","US","USD","Sep","Wed"
"FALSE",50000,14,3,16,16,16,12,"Friday","Thursday","Web","US","USD","Feb","Fri"
"FALSE",1500,60,1,16,15,15,0,"Sunday","Wednesday","Web","US","USD","Apr","Wed"
"FALSE",2500,30,4,14,3,3,6,"Thursday","Monday","Web","CH","CHF","Jul","Tue"
"FALSE",1000,60,1,10,13,13,8,"Saturday","Tuesday","Web","GB","GBP","Dec","Tue"
"FALSE",3e+05,30,8,13,11,11,5,"Wednesday","Friday","Web","US","USD","Feb","Mon"
"FALSE",12000,30,2,14,9,9,8,"Friday","Tuesday","Web","GB","GBP","May","Wed"
"TRUE",50000,30,4,15,10,10,0,"Saturday","Wednesday","Web","US","USD","Jan","Thu"
"TRUE",3750,60,4,14,17,17,17,"Sunday","Friday","Web","US","USD","Sep","Wed"
"TRUE",10000,30,5,12,20,20,13,"Saturday","Saturday","Web","US","USD","Mar","Thu"
"TRUE",3500,30,8,11,3,3,1,"Friday","Wednesday","Web","US","USD","May","Wed"
"TRUE",5500,55,7,11,15,15,9,"Sunday","Wednesday","Web","US","USD","Nov","Mon"
"TRUE",10000,30,5,14,3,3,10,"Saturday","Thursday","Web","GB","GBP","May","Thu"
"TRUE",70000,46.8515509259259,6,11,22,19,16,"Monday","Saturday","Web","US","USD","Jul","Wed"
"TRUE",3000,30,8,17,6,6,3,"Monday","Saturday","Web","US","USD","Mar","Sat"
"TRUE",2000,30,5,14,8,8,10,"Thursday","Saturday","Web","US","USD","Sep","Tue"
"TRUE",300,20.2306481481481,5,13,20,1,18,"Monday","Thursday","Web","US","USD","Jan","Mon"
"TRUE",15000,29.6773148148148,4,9,4,21,22,"Friday","Thursday","Web","AU","AUD","Sep","Thu"
"TRUE",5000,30,6,15,14,14,20,"Wednesday","Tuesday","Web","US","USD","Jan","Mon"
"TRUE",15000,9,6,14,5,5,10,"Thursday","Tuesday","Web","US","USD","Jun","Tue"
"TRUE",8000,26.0109606481481,3,14,23,23,18,"Friday","Monday","Web","US","USD","Feb","Sun"
"TRUE",6000,30,8,15,11,11,15,"Saturday","Tuesday","Web","GB","GBP","May","Thu"
"TRUE",1000,20.3980092592593,3,11,13,22,16,"Monday","Thursday","Web","US","USD","Jun","Tue"
"TRUE",500,30,4,9,18,18,11,"Wednesday","Sunday","Web","US","USD","Apr","Mon"
"TRUE",23000,33.1300231481481,5,11,15,19,20,"Saturday","Monday","Web","US","USD","Jun","Mon"
"TRUE",5000,30,6,21,2,2,6,"Sunday","Tuesday","Web","FR","EUR","Jun","Fri"
"TRUE",5000,33.3226041666667,7,12,9,16,2,"Tuesday","Tuesday","Web","FR","EUR","May","Thu"
"TRUE",10000,30,4,11,4,4,10,"Wednesday","Monday","Web","NL","EUR","Apr","Mon"
"TRUE",500,30,1,15,13,13,13,"Friday","Tuesday","Web","GB","GBP","Jul","Wed"
"TRUE",5000,30,3,13,9,9,12,"Thursday","Thursday","Web","US","USD","Aug","Tue"
"TRUE",150,30,4,12,17,17,14,"Thursday","Monday","Web","CA","CAD","Mar","Tue"
"TRUE",15000,32,5,12,13,13,15,"Thursday","Sunday","Web","US","USD","Nov","Sun"
"TRUE",25,25,6,16,14,14,20,"Saturday","Thursday","Web","US","USD","Jan","Tue"
"TRUE",500,30,6,11,15,15,12,"Wednesday","Saturday","Web","US","USD","Apr","Mon"
"TRUE",3500,45,4,10,8,8,8,"Thursday","Sunday","Web","US","USD","Oct","Mon"
"TRUE",1,30,3,11,19,19,5,"Saturday","Saturday","Web","US","USD","Feb","Thu"
"TRUE",5000,30,3,13,20,20,15,"Friday","Wednesday","Web","GB","GBP","May","Wed"
"TRUE",100,30,8,13,10,10,17,"Thursday","Sunday","Web","US","USD","May","Tue"
"TRUE",20000,59.6901967592593,5,10,21,14,23,"Thursday","Saturday","Web","US","USD","Mar","Sun"
"TRUE",45000,28,4,16,1,1,23,"Wednesday","Saturday","Web","US","USD","Feb","Wed"
"TRUE",5000,30,7,14,17,17,17,"Saturday","Saturday","Web","US","USD","Jun","Thu"
"TRUE",2500,31.3195717592593,4,14,11,19,5,"Thursday","Thursday","Web","GB","GBP","Feb","Mon"
"TRUE",10000,4,5,16,8,8,9,"Saturday","Thursday","Web","US","USD","Jun","Tue"
"TRUE",22000,30,7,11,16,16,14,"Thursday","Tuesday","Web","US","USD","Feb","Tue"
"TRUE",31500,31,6,16,7,7,10,"Saturday","Tuesday","Web","CA","CAD","Nov","Wed"
"TRUE",4000,27.1422916666667,6,14,12,16,15,"Monday","Tuesday","Web","US","USD","May","Tue"
"TRUE",5000,25.0356597222222,3,17,17,18,18,"Tuesday","Wednesday","Web","CA","CAD","Aug","Fri"
"TRUE",10000,40,6,14,12,12,16,"Tuesday","Tuesday","Web","US","USD","Oct","Thu"
"TRUE",1000,25,2,13,10,10,16,"Monday","Monday","Web","US","USD","Jan","Thu"
"TRUE",1200,30,4,15,16,16,18,"Wednesday","Friday","Web","US","USD","Jul","Mon"
"TRUE",15000,30,6,14,10,10,15,"Wednesday","Wednesday","Web","US","USD","Jul","Mon"
"TRUE",2000,30,2,6,13,13,15,"Monday","Sunday","Web","US","USD","Aug","Sat"
"TRUE",7500,30,8,11,11,11,1,"Friday","Sunday","Web","US","USD","Jun","Wed"
"TRUE",160,5,4,13,10,10,9,"Tuesday","Thursday","Web","US","USD","Jan","Thu"
"TRUE",12000,29.4702893518519,7,10,8,20,14,"Wednesday","Wednesday","Web","US","USD","Nov","Tue"
"TRUE",5000,30,6,18,14,14,8,"Saturday","Thursday","Web","CA","CAD","Jul","Thu"
"TRUE",1500,27.2896296296296,8,12,21,4,22,"Monday","Tuesday","Web","US","USD","Nov","Mon"
"TRUE",13000,30.5745138888889,4,13,7,21,18,"Thursday","Monday","Web","US","USD","Jan","Tue"
"TRUE",5500,40,6,14,16,16,14,"Monday","Sunday","Web","US","USD","Jan","Wed"
"TRUE",80000,30,3,15,9,9,10,"Friday","Thursday","Web","SE","SEK","Jan","Wed"
"TRUE",25000,45,6,15,12,12,11,"Friday","Thursday","Web","US","USD","Aug","Tue"
"TRUE",2500,23.1331018518519,8,6,15,19,11,"Wednesday","Monday","Web","US","USD","Nov","Mon"
"TRUE",8000,21.6103819444444,3,14,8,22,12,"Tuesday","Monday","Web","US","USD","Jan","Tue"
"TRUE",1000,32.9319791666667,5,11,15,13,11,"Saturday","Friday","Web","US","USD","Aug","Mon"
"TRUE",20000,30,2,13,13,13,11,"Sunday","Monday","Web","US","USD","May","Fri"
"TRUE",500,59.997025462963,11,19,15,15,20,"Wednesday","Thursday","Web","US","USD","Sep","Sat"
"TRUE",5000,30,4,15,2,2,9,"Friday","Friday","Web","NL","EUR","Feb","Wed"
"TRUE",10000,30.5769791666667,6,14,8,21,11,"Thursday","Thursday","Web","US","USD","Jun","Tue"
"TRUE",200,21.4979398148148,6,12,9,21,21,"Tuesday","Thursday","Web","US","USD","Nov","Tue"
"TRUE",50000,30,7,11,11,11,20,"Friday","Saturday","Web","US","USD","May","Wed"
"TRUE",6200,30,9,14,15,15,16,"Monday","Sunday","Web","US","USD","Sep","Sat"
"TRUE",5000,30,3,15,20,20,22,"Saturday","Monday","Web","US","USD","May","Thu"
"TRUE",200,10,3,14,18,18,9,"Friday","Sunday","Web","US","USD","Aug","Tue"
"TRUE",700,30,5,13,6,6,13,"Saturday","Sunday","Web","US","USD","May","Thu"
"TRUE",1000,30,7,14,0,0,8,"Sunday","Tuesday","Web","US","USD","May","Fri"
"TRUE",69,30,6,14,12,12,0,"Thursday","Friday","Web","US","USD","Jul","Tue"
"TRUE",50,30,4,10,0,0,18,"Saturday","Tuesday","Web","CA","CAD","Jul","Thu"
"TRUE",2000,30,8,8,1,1,14,"Saturday","Tuesday","Web","US","USD","May","Thu"
"TRUE",500,30,8,14,16,16,10,"Sunday","Sunday","Web","CH","CHF","Apr","Fri"
"TRUE",6500,42.6686111111111,3,16,1,17,7,"Tuesday","Saturday","Web","GB","GBP","May","Tue"
"TRUE",75,60,5,18,13,13,16,"Monday","Sunday","Web","US","USD","Nov","Thu"
"TRUE",500,30,5,13,22,22,22,"Saturday","Thursday","Web","US","USD","Aug","Thu"
"TRUE",10000,31,6,13,11,11,15,"Thursday","Wednesday","Web","US","USD","Nov","Mon"
"TRUE",2494,21,3,15,21,21,22,"Tuesday","Friday","Web","US","USD","Oct","Tue"
"TRUE",48000,31.6588773148148,7,12,10,2,16,"Saturday","Tuesday","Web","US","USD","Aug","Tue"
"TRUE",700,30,2,10,14,14,12,"Thursday","Tuesday","Web","US","USD","Sep","Tue"
"TRUE",30000,30,7,13,12,12,10,"Sunday","Wednesday","Web","US","USD","Jul","Fri"
"TRUE",8500,30,5,14,6,6,14,"Thursday","Friday","Web","US","USD","Sep","Tue"
"TRUE",20000,45,4,20,13,13,16,"Friday","Thursday","Web","US","USD","Aug","Tue"
"TRUE",4000,60,2,12,12,12,1,"Saturday","Wednesday","Web","DK","DKK","Sep","Tue"
"TRUE",500,43.0025462962963,5,16,9,9,9,"Monday","Saturday","Web","US","USD","Aug","Sun"
"TRUE",10000,29.9091898148148,7,17,21,19,21,"Wednesday","Tuesday","Web","US","USD","Jan","Mon"
"TRUE",400,30,3,13,1,1,13,"Wednesday","Saturday","Web","US","USD","Oct","Mon"
"TRUE",70000,60,4,6,11,11,2,"Monday","Wednesday","Web","DK","DKK","Dec","Thu"
"TRUE",100,30,3,19,2,2,17,"Thursday","Thursday","Web","US","USD","Jul","Tue"
"TRUE",200,30,2,14,23,23,15,"Friday","Saturday","Web","US","USD","Jun","Wed"
"TRUE",600,20,6,15,11,11,19,"Monday","Tuesday","Web","US","USD","May","Tue"
"TRUE",30000,30.4372337962963,6,14,11,22,13,"Friday","Friday","Web","US","USD","Sep","Wed"
"TRUE",15000,40,8,14,3,3,2,"Sunday","Saturday","Web","AU","AUD","Feb","Tue"
"TRUE",1000,30,6,13,16,16,2,"Friday","Thursday","Web","US","USD","Dec","Wed"
"TRUE",3000,30,4,10,22,22,19,"Thursday","Monday","Web","US","USD","Aug","Tue"
"TRUE",4000,30,7,12,8,8,7,"Saturday","Tuesday","Web","FR","EUR","Jul","Thu"
"TRUE",5000,30,7,13,2,2,7,"Sunday","Tuesday","Web","IT","EUR","Nov","Fri"
"TRUE",40000,30,9,14,12,12,13,"Wednesday","Thursday","Web","US","USD","Jul","Mon"
"TRUE",8250,39.2865509259259,8,16,12,19,16,"Sunday","Friday","Web","US","USD","Sep","Wed"
"TRUE",20,30,3,12,16,16,23,"Friday","Saturday","Web","US","USD","Jun","Wed"
"TRUE",2500,40,2,10,4,4,4,"Sunday","Monday","Web","GB","GBP","Jan","Tue"
"TRUE",500,30,3,15,10,10,22,"Tuesday","Monday","Web","US","USD","May","Sun"
"TRUE",2500,30,9,12,13,13,2,"Saturday","Friday","Web","US","USD","Mar","Thu"
"TRUE",25000,30,5,14,14,14,17,"Saturday","Wednesday","Web","DE","EUR","Jun","Thu"
"TRUE",2500,30,8,16,13,13,13,"Thursday","Sunday","Web","CA","CAD","Nov","Tue"
"TRUE",30000,30,7,9,17,17,12,"Friday","Saturday","Web","US","USD","Oct","Wed"
"TRUE",10000,30,6,12,8,8,9,"Friday","Tuesday","Web","US","USD","Nov","Wed"
"TRUE",4000,30,6,14,12,12,7,"Thursday","Wednesday","Web","FR","EUR","Oct","Tue"
"TRUE",125,30,6,15,7,7,11,"Sunday","Saturday","Web","US","USD","Apr","Fri"
"TRUE",1500,30,3,12,19,19,23,"Thursday","Thursday","Web","AU","AUD","Aug","Tue"
"TRUE",2500,30,8,14,11,11,17,"Saturday","Saturday","Web","GB","GBP","Aug","Thu"
"TRUE",4000,30,6,16,21,21,11,"Monday","Friday","Web","US","USD","Mar","Sat"
"TRUE",1500,30,1,12,14,14,4,"Wednesday","Saturday","Web","DK","DKK","Mar","Mon"
"TRUE",4500,45,6,12,18,18,20,"Thursday","Saturday","Web","US","USD","Mar","Mon"
"TRUE",25000,28.9755787037037,6,11,5,5,21,"Tuesday","Sunday","Web","AU","AUD","Nov","Mon"
"TRUE",5000,33.1053009259259,2,8,15,18,13,"Thursday","Saturday","Web","US","USD","Aug","Sat"
"TRUE",3500,45,3,13,12,12,17,"Monday","Thursday","Web","GB","GBP","Mar","Fri"
"TRUE",50000,35,9,11,12,12,19,"Tuesday","Tuesday","Web","US","USD","Nov","Tue"
"TRUE",5000,30,10,14,17,17,12,"Saturday","Wednesday","Web","US","USD","Sep","Thu"
"TRUE",10000,30,2,15,8,8,13,"Saturday","Thursday","Web","US","USD","Feb","Thu"
"TRUE",90,30,3,15,12,12,22,"Wednesday","Saturday","Web","US","USD","Jul","Mon"
"TRUE",5000,45,7,13,14,14,10,"Saturday","Tuesday","Web","US","USD","Sep","Wed"
"TRUE",10000,30,9,17,0,0,19,"Sunday","Wednesday","Web","US","USD","Aug","Fri"
"TRUE",50,15,7,9,10,10,4,"Friday","Thursday","Web","NL","EUR","Jul","Thu"
"TRUE",15000,31,7,10,9,9,18,"Monday","Sunday","Web","US","USD","Jan","Fri"
"TRUE",5000,30,2,13,7,7,5,"Saturday","Wednesday","Web","GB","GBP","Nov","Thu"
"TRUE",21000,21,3,10,13,13,18,"Thursday","Monday","Web","US","USD","Aug","Thu"
"TRUE",1000,21.0137615740741,3,14,10,10,3,"Thursday","Tuesday","Web","US","USD","Jun","Thu"
"TRUE",15000,27.7389351851852,3,12,0,18,17,"Wednesday","Wednesday","Web","GB","GBP","Nov","Thu"
"TRUE",25000,30,7,9,5,5,14,"Wednesday","Monday","Web","US","USD","Jul","Mon"
"TRUE",1200,10.2675925925926,5,14,16,22,16,"Sunday","Thursday","Web","US","USD","Jun","Thu"
"TRUE",10000,37.1461689814815,3,7,19,22,13,"Sunday","Tuesday","Web","US","USD","Jan","Fri"
"TRUE",18000,60,8,9,17,17,12,"Friday","Monday","Web","US","USD","Jun","Mon"
"TRUE",911,60,4,13,13,13,19,"Friday","Sunday","Web","US","USD","Jan","Mon"
"TRUE",42,30,8,16,21,21,3,"Wednesday","Sunday","Web","GB","GBP","Jul","Mon"
"TRUE",2500,40,7,19,2,2,4,"Saturday","Monday","Web","IT","EUR","Sep","Mon"
"TRUE",10000,30,6,12,11,11,16,"Sunday","Friday","Web","US","USD","Jun","Fri"
"TRUE",10000,60,6,16,16,16,12,"Tuesday","Thursday","Web","US","USD","Aug","Fri"
"TRUE",5000,46.3684606481482,8,17,15,0,16,"Thursday","Thursday","Web","US","USD","Aug","Sat"
"TRUE",50000,30,5,11,12,12,10,"Friday","Tuesday","Web","US","USD","Jun","Wed"
"TRUE",10000,30,4,10,16,16,18,"Saturday","Monday","Web","US","USD","Aug","Thu"
"TRUE",3500,28,6,11,12,12,21,"Wednesday","Wednesday","Web","US","USD","Dec","Wed"
"TRUE",40000,36.3478125,3,7,14,22,9,"Wednesday","Friday","Web","US","USD","Mar","Tue"
"TRUE",750,28.2600810185185,6,13,17,0,21,"Friday","Tuesday","Web","US","USD","Feb","Thu"
"TRUE",10000,30,7,3,7,7,13,"Thursday","Thursday","Web","US","USD","Sep","Tue"
"TRUE",2000,60,6,10,23,23,0,"Friday","Monday","Web","AU","AUD","Dec","Mon"
"TRUE",25000,29.1150231481481,6,12,11,14,5,"Thursday","Friday","Web","CA","CAD","Feb","Wed"
"TRUE",1,60,2,12,9,9,8,"Saturday","Wednesday","Web","US","USD","Nov","Tue"
"TRUE",10000,36.3963310185185,8,15,10,20,21,"Wednesday","Wednesday","Web","US","USD","Nov","Tue"
"TRUE",20000,34.9987962962963,7,9,23,23,17,"Sunday","Monday","Web","US","USD","Mar","Sun"
"TRUE",1000,30,3,13,9,9,19,"Friday","Monday","Web","US","USD","Oct","Wed"
"TRUE",25000,35.4070949074074,4,8,14,0,3,"Wednesday","Tuesday","Web","US","USD","Feb","Tue"
"TRUE",20000,33.9872337962963,6,23,13,13,10,"Monday","Wednesday","Web","FR","EUR","Apr","Tue"
"TRUE",100,14,3,13,11,11,17,"Sunday","Thursday","Web","US","USD","Jul","Sun"
"TRUE",5500,32,6,14,11,11,20,"Tuesday","Tuesday","Web","US","USD","Aug","Fri"
"TRUE",2500,23.1475578703704,1,9,15,18,8,"Thursday","Tuesday","Web","US","USD","Oct","Tue"
"TRUE",500,30,4,13,12,12,11,"Wednesday","Wednesday","Web","CA","CAD","Jun","Mon"
"TRUE",2500,33.2972453703704,5,13,15,22,16,"Friday","Monday","Web","US","USD","Jan","Sun"
"TRUE",10000,30,2,17,1,1,10,"Friday","Tuesday","Web","GB","GBP","Jan","Wed"
"TRUE",700,60,5,9,20,20,19,"Saturday","Friday","Web","US","USD","Dec","Tue"
"TRUE",66,30,2,19,15,15,11,"Friday","Friday","Web","CA","CAD","Sep","Wed"
"TRUE",10000,30,8,13,14,14,14,"Monday","Monday","Web","US","USD","Jul","Sat"
"TRUE",500,35.409224537037,1,14,10,20,11,"Thursday","Wednesday","Web","US","USD","Jun","Thu"
"TRUE",5,32.1544560185185,3,12,19,22,19,"Tuesday","Wednesday","Web","US","USD","May","Fri"
"TRUE",150,5,3,8,15,15,9,"Saturday","Sunday","Web","US","USD","Jan","Mon"
"TRUE",3333,30,6,20,15,15,11,"Thursday","Tuesday","Web","CH","CHF","Sep","Tue"
"TRUE",5000,30,2,11,18,18,8,"Saturday","Wednesday","Web","CA","CAD","Jan","Thu"
"TRUE",16000,30,10,14,13,13,13,"Friday","Saturday","Web","GB","GBP","Nov","Wed"
"TRUE",300,45,4,17,14,14,11,"Friday","Monday","Web","US","USD","Dec","Tue"
"TRUE",50,60,6,6,14,14,8,"Saturday","Sunday","Web","DE","EUR","Sep","Tue"
"TRUE",500,52,6,15,11,11,7,"Monday","Monday","Web","FR","EUR","Oct","Fri"
"TRUE",60000,45,6,11,11,11,13,"Saturday","Tuesday","Web","US","USD","Nov","Wed"
"TRUE",1000,31,4,14,21,21,22,"Wednesday","Saturday","Web","US","USD","Apr","Sun"
"TRUE",600,30,1,15,21,21,20,"Thursday","Tuesday","Web","US","USD","Mar","Tue"
"TRUE",12,22,2,13,18,18,17,"Wednesday","Monday","Web","AU","AUD","Mar","Tue"
"TRUE",500,20,7,12,13,13,7,"Monday","Monday","Web","GB","GBP","Sep","Tue"
"TRUE",7000,32.0149652777778,7,12,1,1,21,"Saturday","Monday","Web","US","USD","Mar","Tue"
"TRUE",15000,24.5215393518519,1,15,7,19,7,"Monday","Wednesday","Web","US","USD","Apr","Fri"
"TRUE",10,30,2,12,18,18,8,"Sunday","Thursday","Web","AU","AUD","Feb","Fri"
"TRUE",3800,30,6,14,11,11,9,"Wednesday","Friday","Web","FR","EUR","Apr","Mon"
"TRUE",5000,30,4,18,11,11,12,"Thursday","Tuesday","Web","US","USD","Aug","Tue"
"FALSE",16000,32.8888888888889,7,9,12,10,5,"Saturday","Thursday","Web","US","USD","Jul","Mon"
"FALSE",40000,35.0434606481481,7,11,10,12,14,"Thursday","Monday","Web","US","USD","Sep","Thu"
"FALSE",22000,30,8,14,18,18,9,"Wednesday","Wednesday","Web","US","USD","Jun","Mon"
"FALSE",20000,30,6,12,16,16,20,"Friday","Tuesday","Web","US","USD","Sep","Wed"
"FALSE",60000,30,8,10,12,12,18,"Friday","Monday","Web","US","USD","May","Wed"
"FALSE",25000,30,9,8,6,6,20,"Thursday","Saturday","Web","US","USD","Sep","Tue"
"FALSE",50000,43.9815625,7,6,10,10,12,"Friday","Tuesday","Web","US","USD","Apr","Wed"
"FALSE",12000,40,6,16,17,17,12,"Monday","Wednesday","Web","CA","CAD","Aug","Wed"
"FALSE",11000,45,2,10,17,17,16,"Friday","Wednesday","Web","US","USD","Jan","Tue"
"FALSE",60000,31.2182407407407,7,17,17,22,14,"Thursday","Sunday","Web","US","USD","Jan","Mon"
"FALSE",1e+05,55.3651736111111,7,10,14,23,12,"Thursday","Friday","Web","CA","CAD","Nov","Fri"
"FALSE",3600,38.1517592592593,4,12,13,16,3,"Sunday","Saturday","Web","GB","GBP","Mar","Thu"
"FALSE",8000,30,8,13,1,1,21,"Friday","Tuesday","Web","US","USD","Sep","Wed"
"FALSE",5000,30,6,15,10,10,10,"Thursday","Thursday","Web","US","USD","Jan","Tue"
"FALSE",3200,30,1,6,14,14,17,"Saturday","Monday","Web","US","USD","Aug","Thu"
"FALSE",35000,11.715775462963,4,7,7,0,11,"Wednesday","Monday","Web","US","USD","Oct","Fri"
"FALSE",19000,39,3,15,20,20,0,"Monday","Thursday","Web","US","USD","Aug","Thu"
"FALSE",15000,30,3,14,4,4,4,"Sunday","Wednesday","Web","DE","EUR","Oct","Fri"
"FALSE",18000,30,7,18,18,18,23,"Saturday","Wednesday","Web","US","USD","Dec","Thu"
"FALSE",35000,30,3,4,16,16,18,"Friday","Thursday","Web","US","USD","Jul","Wed"
"FALSE",2500,30,4,13,16,16,22,"Wednesday","Wednesday","Web","AU","AUD","Jun","Mon"
"FALSE",3000,30,3,10,20,20,15,"Thursday","Tuesday","Web","US","USD","Jun","Tue"
"FALSE",75000,60,8,12,18,18,16,"Sunday","Monday","Web","US","USD","Nov","Wed"
"FALSE",3e+05,31,5,13,10,10,10,"Thursday","Wednesday","Web","DE","EUR","Aug","Mon"
"FALSE",25000,60,3,5,9,9,16,"Friday","Thursday","Web","US","USD","Oct","Mon"
"FALSE",8000,30,6,13,13,13,11,"Wednesday","Sunday","Web","US","USD","Feb","Mon"
"FALSE",3000,30,7,8,10,10,7,"Saturday","Thursday","Web","NZ","NZD","Sep","Thu"
"FALSE",15000,31,2,11,23,23,23,"Thursday","Tuesday","Web","US","USD","Jan","Mon"
"FALSE",50000,29.9986342592593,5,16,4,4,13,"Thursday","Saturday","Web","IT","EUR","Nov","Tue"
"FALSE",10000,35.3948263888889,2,11,22,8,7,"Friday","Tuesday","Web","US","USD","Jul","Thu"
"FALSE",10000,30,6,14,18,18,1,"Sunday","Friday","Web","GB","GBP","Feb","Fri"
"FALSE",63800,35,6,13,2,2,17,"Tuesday","Thursday","Web","US","USD","Aug","Tue"
"FALSE",20000,60,1,9,13,13,15,"Sunday","Tuesday","Web","CA","CAD","Nov","Wed"
"FALSE",35000,25.0459375,7,15,9,11,12,"Monday","Tuesday","Web","US","USD","Aug","Thu"
"FALSE",3500,30,3,14,15,15,14,"Wednesday","Thursday","Web","US","USD","Oct","Mon"
"FALSE",35000,25,2,12,7,7,12,"Saturday","Monday","Web","AU","AUD","Dec","Tue"
"FALSE",4000,30,5,12,20,20,18,"Saturday","Saturday","Web","GB","GBP","Oct","Thu"
"FALSE",55000,45,2,13,14,14,12,"Monday","Monday","Web","GB","GBP","Jun","Fri"
"FALSE",150000,30,1,7,9,9,3,"Wednesday","Friday","Web","FR","EUR","Aug","Mon"
"FALSE",10000,30,2,13,17,17,16,"Saturday","Thursday","Web","US","USD","Mar","Thu"
"FALSE",1e+05,60,6,12,8,8,17,"Sunday","Sunday","Web","US","USD","Jul","Wed"
"FALSE",1000,60,10,21,3,3,6,"Sunday","Friday","Web","DE","EUR","Aug","Wed"
"FALSE",10000,60,4,13,16,16,11,"Tuesday","Friday","Web","US","USD","Jul","Fri"
"FALSE",15000,60,4,15,23,23,17,"Sunday","Wednesday","Web","US","USD","Feb","Wed"
"FALSE",1500,60,1,17,11,11,9,"Thursday","Sunday","Web","FR","EUR","Jul","Sun"
"FALSE",125,2.25283564814815,1,12,12,19,21,"Wednesday","Thursday","Web","US","USD","Apr","Mon"
"FALSE",5000,30,1,16,13,13,18,"Wednesday","Saturday","Web","GB","GBP","Jul","Mon"
"FALSE",1000,30,7,14,15,15,2,"Wednesday","Wednesday","Web","US","USD","Jul","Mon"
"FALSE",11000,30,1,13,9,9,9,"Monday","Tuesday","Web","US","USD","Oct","Sat"
"FALSE",30000,30,7,12,23,23,13,"Wednesday","Sunday","Web","GB","GBP","Aug","Mon"
"FALSE",15000,15,8,14,16,16,15,"Friday","Wednesday","Web","US","USD","Jul","Thu"
"FALSE",2500,50,3,15,9,9,22,"Thursday","Monday","Web","US","USD","Mar","Wed"
"FALSE",25000,30.0158564814815,9,16,13,14,18,"Wednesday","Thursday","Web","CA","CAD","Jun","Mon"
"FALSE",9999,30,7,15,18,18,17,"Saturday","Sunday","Web","US","USD","Jul","Thu"
"FALSE",34250,48.0903935185185,4,14,20,22,12,"Sunday","Friday","Web","US","USD","Jul","Mon"
"FALSE",2000,30,7,9,11,11,19,"Wednesday","Sunday","Web","US","USD","Mar","Mon"
"FALSE",40000,29.185625,1,14,7,12,10,"Wednesday","Saturday","Web","US","USD","Sep","Tue"
"FALSE",25000,30,3,7,20,20,7,"Tuesday","Tuesday","Web","US","USD","Jan","Sun"
"FALSE",6000,45,7,13,16,16,4,"Wednesday","Wednesday","Web","IT","EUR","Dec","Sun"
"FALSE",50000,40,5,10,6,6,4,"Sunday","Monday","Web","US","USD","May","Tue"
"FALSE",1500,30,7,11,12,12,10,"Wednesday","Sunday","Web","US","USD","Aug","Mon"
"FALSE",50000,30,4,15,18,18,13,"Wednesday","Thursday","Web","US","USD","Jun","Mon"
"FALSE",177000,40,2,11,19,19,12,"Saturday","Monday","Web","US","USD","Feb","Mon"
"FALSE",20000,16.220474537037,7,15,1,7,2,"Thursday","Tuesday","Web","AU","AUD","Jul","Tue"
"FALSE",60000,30,5,11,10,10,6,"Wednesday","Monday","Web","FR","EUR","May","Mon"
"FALSE",3000,60,1,12,18,18,17,"Tuesday","Friday","Web","CA","CAD","Aug","Fri"
"FALSE",50000,33.6301041666667,4,8,10,1,17,"Monday","Saturday","Web","US","USD","Jul","Tue"
"FALSE",8000,30,4,10,10,10,9,"Thursday","Thursday","Web","US","USD","Jul","Tue"
"FALSE",5e+05,30,1,6,15,15,18,"Wednesday","Tuesday","Web","CA","CAD","Aug","Mon"
"FALSE",40000,30,6,12,4,4,22,"Wednesday","Tuesday","Web","US","USD","Oct","Mon"
"FALSE",5000,30,3,22,12,12,22,"Sunday","Tuesday","Web","US","USD","Aug","Fri"
"FALSE",5000,30,5,14,8,8,5,"Sunday","Friday","Web","NL","EUR","Jun","Fri"
"FALSE",6930,30,1,10,14,14,15,"Wednesday","Thursday","Web","US","USD","Jul","Mon"
"FALSE",20000,30,5,14,12,12,23,"Wednesday","Tuesday","Web","US","USD","Jan","Mon"
"FALSE",12500,30,8,14,5,5,17,"Wednesday","Friday","Web","US","USD","Mar","Mon"
"FALSE",10000,60,8,16,4,4,14,"Sunday","Sunday","Web","NL","EUR","Aug","Wed"
"FALSE",20000,30,7,15,10,10,7,"Wednesday","Thursday","Web","US","USD","Jul","Mon"
"FALSE",5000,28.3884722222222,5,13,15,1,11,"Friday","Wednesday","Web","NL","EUR","Sep","Thu"
"FALSE",1000,30,3,4,7,7,10,"Sunday","Wednesday","Web","NO","NOK","Nov","Fri"
"FALSE",15000,30,3,11,16,16,21,"Thursday","Friday","Web","NZ","NZD","May","Tue"
"FALSE",5e+05,60,6,16,15,15,17,"Tuesday","Monday","Web","US","USD","Jun","Fri"
"FALSE",30000,30,2,12,8,8,9,"Sunday","Tuesday","Web","US","USD","Dec","Fri"
"FALSE",2500,30,8,19,15,15,13,"Wednesday","Saturday","Web","US","USD","Aug","Mon"
"FALSE",280000,45,5,10,11,11,9,"Saturday","Wednesday","Web","IT","EUR","Feb","Wed"
"FALSE",2000,30,9,12,16,16,13,"Thursday","Sunday","Web","US","USD","Aug","Tue"
"FALSE",5000,60,4,14,14,14,5,"Friday","Friday","Web","NL","EUR","Sep","Mon"
"FALSE",20000,29.9633449074074,3,14,16,15,16,"Wednesday","Thursday","Web","AU","AUD","Feb","Mon"
"FALSE",1500,45,5,11,12,12,23,"Thursday","Saturday","Web","US","USD","Apr","Mon"
"FALSE",135000,30,8,14,11,11,14,"Thursday","Thursday","Web","US","USD","Jul","Tue"
"FALSE",1000,30,5,11,10,10,23,"Friday","Monday","Web","US","USD","Dec","Wed"
"FALSE",1e+05,30,2,11,12,12,9,"Thursday","Tuesday","Web","US","USD","Aug","Tue"
"FALSE",3000,31,6,16,22,22,11,"Saturday","Sunday","Web","US","USD","Mar","Wed"
"FALSE",1500,50.1765625,6,16,15,19,7,"Friday","Monday","Web","US","USD","Jun","Thu"
"FALSE",7500,30,11,20,11,11,14,"Wednesday","Saturday","Web","US","USD","Nov","Mon"
"FALSE",25000,30,8,14,18,18,21,"Thursday","Wednesday","Web","US","USD","Jan","Tue"
"FALSE",25000,30,5,15,15,15,13,"Wednesday","Wednesday","Web","US","USD","Feb","Mon"
"FALSE",90000,30,4,11,16,16,3,"Sunday","Friday","Web","DK","DKK","Apr","Fri"
"FALSE",25000,30,1,14,13,13,9,"Sunday","Tuesday","Web","GB","GBP","Aug","Fri"
"FALSE",65000,30,3,5,9,9,3,"Wednesday","Monday","Web","US","USD","May","Mon"
"FALSE",80000,30,3,13,18,18,23,"Friday","Sunday","Web","CA","CAD","Feb","Wed"
"FALSE",90000,30,5,10,17,17,0,"Sunday","Sunday","Web","US","USD","May","Fri"
"FALSE",2500,60,1,14,12,12,11,"Tuesday","Monday","Web","US","USD","Jun","Fri"
"FALSE",250000,45,3,19,10,10,0,"Thursday","Wednesday","Web","MX","MXN","Nov","Mon"
"FALSE",18000,30,4,13,14,14,15,"Friday","Tuesday","Web","CA","CAD","Aug","Wed"
"FALSE",1500000,30,6,14,14,14,10,"Thursday","Saturday","Web","DE","EUR","Oct","Tue"
"FALSE",5000,30,3,15,12,12,11,"Friday","Tuesday","Web","US","USD","Jul","Wed"
"FALSE",3000,30,2,13,12,12,13,"Sunday","Tuesday","Web","GB","GBP","Nov","Fri"
"FALSE",9500,30,7,14,14,14,11,"Friday","Monday","Web","NL","EUR","Nov","Wed"
"FALSE",500,30,2,18,10,10,20,"Wednesday","Sunday","Web","CA","CAD","Feb","Mon"
"FALSE",120000,30,3,11,11,11,11,"Sunday","Friday","Web","CA","CAD","Apr","Fri"
"FALSE",5000,30,4,13,16,16,17,"Friday","Monday","Web","GB","GBP","Dec","Wed"
"FALSE",30000,34.9995717592593,7,13,20,20,12,"Tuesday","Wednesday","Web","US","USD","Jul","Tue"
"FALSE",55000,31.1336342592593,4,16,16,20,19,"Friday","Tuesday","Web","US","USD","Aug","Tue"
"FALSE",34000,30.9951967592593,6,12,11,11,22,"Friday","Monday","Web","US","USD","Mar","Tue"
"FALSE",25000,30,6,11,13,13,14,"Thursday","Sunday","Web","US","USD","Aug","Tue"
"FALSE",5000,30,4,5,9,9,3,"Friday","Friday","Web","GB","GBP","Jun","Wed"
"FALSE",10000,59.1730671296296,2,14,18,22,8,"Saturday","Friday","Web","US","USD","Jun","Wed"
"FALSE",800,30,2,12,13,13,11,"Sunday","Tuesday","Web","US","USD","Jul","Fri"
"FALSE",600,30,2,14,5,5,5,"Saturday","Monday","Web","AU","AUD","Sep","Thu"
"FALSE",20000,30,3,9,19,19,18,"Sunday","Monday","Web","US","USD","Oct","Fri"
"FALSE",5000,60,4,13,15,15,10,"Friday","Thursday","Web","US","USD","Mar","Mon"
"FALSE",2500,30,1,11,15,15,13,"Friday","Monday","Web","US","USD","Jul","Wed"
"FALSE",30000,60,1,11,10,10,17,"Monday","Wednesday","Web","US","USD","Sep","Thu"
"FALSE",5000,30,10,14,18,18,2,"Wednesday","Tuesday","Web","US","USD","Feb","Mon"
"FALSE",8000,10,4,8,12,12,15,"Friday","Monday","Web","US","USD","Jul","Tue"
"FALSE",20000,30,3,12,0,0,22,"Sunday","Wednesday","Web","US","USD","May","Fri"
"FALSE",5000,30,5,16,14,14,22,"Sunday","Saturday","Web","US","USD","Dec","Fri"
"FALSE",6900,30,6,14,17,17,16,"Thursday","Saturday","Web","US","USD","Oct","Tue"
"FALSE",220000,30,8,16,3,3,6,"Thursday","Monday","Web","DE","EUR","Oct","Tue"
"FALSE",15000,60,4,13,1,1,0,"Tuesday","Thursday","Web","DE","EUR","May","Fri"
"FALSE",10000,30,1,16,16,16,17,"Thursday","Friday","Web","US","USD","Jan","Tue"
"FALSE",1e+05,60,2,13,7,7,19,"Monday","Monday","Web","US","USD","Dec","Thu"
"FALSE",8000,60,3,13,14,14,6,"Tuesday","Monday","Web","US","USD","Apr","Fri"
"FALSE",27500,30,1,13,10,10,7,"Monday","Thursday","Web","GB","GBP","Jan","Sat"
"FALSE",20000,30,1,15,15,15,16,"Friday","Friday","Web","US","USD","Jun","Wed"
"FALSE",150000,30,7,13,14,14,10,"Wednesday","Wednesday","Web","US","USD","Jul","Mon"
"FALSE",10000,30,1,12,16,16,13,"Monday","Sunday","Web","GB","GBP","May","Sat"
"FALSE",388000,30,6,12,7,7,19,"Thursday","Monday","Web","US","USD","Dec","Tue"
"FALSE",10000,30,4,13,14,14,11,"Sunday","Tuesday","Web","US","USD","Dec","Fri"
"FALSE",1e+08,60,3,13,16,16,16,"Monday","Thursday","Web","US","USD","Jun","Thu"
"FALSE",220,30,7,20,20,20,15,"Thursday","Tuesday","Web","FR","EUR","May","Tue"
"FALSE",10000,60,3,12,16,16,13,"Monday","Thursday","Web","US","USD","Sep","Thu"
"FALSE",3000,60,4,18,0,0,21,"Friday","Sunday","Web","US","USD","Mar","Mon"
"FALSE",24000,30,7,11,20,20,11,"Monday","Thursday","Web","US","USD","Apr","Sat"
"FALSE",225000,30,1,18,12,12,12,"Thursday","Thursday","Web","DE","EUR","Sep","Tue"
"FALSE",250000,30,4,13,19,19,8,"Thursday","Thursday","Web","US","USD","Apr","Tue"
"FALSE",10000,30,4,16,14,14,13,"Wednesday","Thursday","Web","CA","CAD","Jun","Mon"
"FALSE",15000,60,9,12,11,11,10,"Saturday","Thursday","Web","US","USD","Jul","Tue"
"FALSE",500,30,1,9,21,21,21,"Saturday","Thursday","Web","NZ","NZD","Apr","Thu"
"FALSE",74000,40,6,13,18,18,19,"Sunday","Wednesday","Web","US","USD","May","Tue"
"FALSE",25000,30,6,13,13,13,8,"Sunday","Thursday","Web","US","USD","Aug","Fri"
"FALSE",50000,60,1,14,12,12,23,"Monday","Wednesday","Web","CA","CAD","Jun","Thu"
"FALSE",12000,30,1,20,17,17,15,"Sunday","Sunday","Web","US","USD","Aug","Fri"
"FALSE",10000,40,5,7,10,10,11,"Wednesday","Tuesday","Web","US","USD","Dec","Fri"
"FALSE",5600,30,7,16,5,5,4,"Sunday","Friday","Web","AU","AUD","Oct","Fri"
"FALSE",192000,31.3697106481481,2,10,17,2,15,"Saturday","Monday","Web","US","USD","Apr","Tue"
"FALSE",6000,30,6,12,15,15,1,"Wednesday","Sunday","Web","AU","AUD","Mar","Mon"
"FALSE",1e+05,30,3,3,14,14,14,"Friday","Thursday","Web","US","USD","Jun","Wed"
"FALSE",14371,37.0728819444444,3,13,19,21,11,"Sunday","Thursday","Web","US","USD","Jul","Fri"
"FALSE",20000,60,3,4,20,20,9,"Sunday","Tuesday","Web","SG","SGD","Sep","Wed"
"FALSE",125000,60,2,12,17,17,3,"Saturday","Saturday","Web","US","USD","Jan","Tue"
"FALSE",500,20.4225694444444,5,14,21,8,20,"Tuesday","Monday","Web","US","USD","Jan","Tue"
"FALSE",20000,28,1,13,9,9,11,"Monday","Thursday","Web","GB","GBP","Apr","Mon"
"FALSE",93500,60,6,13,16,16,14,"Saturday","Monday","Web","US","USD","Mar","Tue"
"FALSE",15800,54,2,16,16,16,10,"Saturday","Thursday","Web","CA","CAD","May","Mon"
"FALSE",400,22,8,16,12,12,17,"Wednesday","Thursday","Web","US","USD","Jul","Tue"
"FALSE",4000,30,8,16,18,18,20,"Friday","Friday","Web","US","USD","Feb","Wed"
"FALSE",5000,40.4664583333333,3,15,14,1,13,"Sunday","Sunday","Web","US","USD","Jul","Mon"
"FALSE",1206,30,2,12,14,14,12,"Friday","Tuesday","Web","ES","EUR","Sep","Wed"
"FALSE",80000,30,5,10,15,15,6,"Thursday","Thursday","Web","DK","DKK","Dec","Tue"
"FALSE",36000,28.7811921296296,5,14,10,5,14,"Wednesday","Friday","Web","FR","EUR","Jun","Tue"
"FALSE",50000,30,2,13,23,23,21,"Saturday","Friday","Web","US","USD","Dec","Thu"
"FALSE",8600,30,1,12,18,18,13,"Friday","Wednesday","Web","US","USD","Dec","Wed"
"FALSE",25000,35,6,12,12,12,15,"Tuesday","Monday","Web","GB","GBP","Mar","Tue"
"FALSE",9000,20,5,14,17,17,12,"Wednesday","Saturday","Web","GB","GBP","Jan","Thu"
"FALSE",9000,21,5,12,23,23,12,"Wednesday","Sunday","Web","CA","CAD","Apr","Wed"
"FALSE",3000,20,4,12,17,17,16,"Monday","Saturday","Web","US","USD","Dec","Tue"
"FALSE",5000,20,8,14,19,19,9,"Sunday","Saturday","Web","GB","GBP","Aug","Mon"
"FALSE",20,30,7,14,9,9,17,"Sunday","Monday","Web","US","USD","Aug","Fri"
"FALSE",2e+05,45,8,12,13,13,5,"Monday","Thursday","Web","IT","EUR","Sep","Fri"
"FALSE",10000,30,6,12,15,15,18,"Wednesday","Friday","Web","GB","GBP","Jan","Mon"
"FALSE",15000,45,1,11,7,7,12,"Friday","Tuesday","Web","US","USD","Jul","Tue"
"FALSE",10000,30,1,14,7,7,11,"Saturday","Tuesday","Web","NL","EUR","Apr","Thu"
"FALSE",20000,43.2290509259259,8,7,12,18,17,"Saturday","Sunday","Web","US","USD","Nov","Fri"
"FALSE",5000,30,5,13,10,10,4,"Monday","Friday","Web","GB","GBP","Sep","Sat"
"FALSE",150000,45,6,13,8,8,13,"Saturday","Monday","Web","DK","DKK","Nov","Wed"
"FALSE",1500,30,6,14,17,17,20,"Saturday","Tuesday","Web","AU","AUD","Feb","Thu"
"FALSE",2500,15,7,9,12,12,9,"Saturday","Friday","Web","US","USD","Feb","Fri"
"FALSE",3600,30,1,15,14,14,11,"Monday","Wednesday","Web","US","USD","Apr","Sat"
"FALSE",3000,38.6967939814815,1,9,18,11,16,"Sunday","Thursday","Web","US","USD","Jul","Wed"
"FALSE",20000,31.2894560185185,6,12,19,2,0,"Thursday","Wednesday","Web","AU","AUD","Feb","Sun"
"FALSE",5000,30,7,13,16,16,21,"Sunday","Tuesday","Web","US","USD","May","Fri"
"FALSE",26000,30,4,12,23,23,19,"Sunday","Monday","Web","US","USD","Jan","Fri"
"FALSE",2000,30,6,11,15,15,9,"Thursday","Tuesday","Web","GB","GBP","Jul","Tue"
"FALSE",5000,60,4,14,14,14,12,"Sunday","Saturday","Web","US","USD","Mar","Wed"
"FALSE",3800,30,2,12,20,20,19,"Friday","Wednesday","Web","NZ","NZD","Jul","Wed"
"FALSE",2500,30,1,12,14,14,13,"Tuesday","Sunday","Web","US","USD","Jan","Sun"
"FALSE",100,30,2,12,12,12,14,"Thursday","Monday","Web","GB","GBP","Aug","Tue"
"FALSE",5000,21,2,11,17,17,16,"Wednesday","Wednesday","Web","US","USD","May","Wed"
"FALSE",250000,30,8,8,13,13,15,"Tuesday","Saturday","Web","CA","CAD","Aug","Sun"
"FALSE",10000,30,4,9,5,5,10,"Saturday","Monday","Web","ES","EUR","Feb","Thu"
"FALSE",3500,60,7,10,14,14,21,"Tuesday","Sunday","Web","US","USD","Oct","Fri"
"FALSE",20000,30,5,14,12,12,18,"Sunday","Wednesday","Web","GB","GBP","Aug","Fri"
"FALSE",75000,45,7,18,18,18,10,"Thursday","Wednesday","Web","GB","GBP","Jul","Mon"
"FALSE",1000,30,4,14,14,14,21,"Thursday","Tuesday","Web","NZ","NZD","Oct","Tue"
"FALSE",2500,9.91730324074074,2,14,17,16,8,"Friday","Sunday","Web","GB","GBP","Sep","Tue"
"FALSE",20000,45,5,11,20,20,20,"Saturday","Tuesday","Web","US","USD","Jan","Wed"
"FALSE",1100,30,1,12,11,11,13,"Wednesday","Tuesday","Web","US","USD","Jun","Mon"
"FALSE",4500,30,3,10,0,0,21,"Monday","Tuesday","Web","US","USD","Aug","Sat"
"FALSE",300,60,5,16,23,23,23,"Friday","Monday","Web","US","USD","Apr","Mon"
"FALSE",10000,28.6274652777778,4,7,19,11,16,"Saturday","Thursday","Web","US","USD","Feb","Fri"
"FALSE",7500,30,5,13,6,6,11,"Saturday","Thursday","Web","US","USD","Jun","Thu"
"FALSE",1e+05,30,6,14,10,10,14,"Thursday","Sunday","Web","US","USD","Jun","Tue"
"FALSE",10000,60,7,13,10,10,3,"Friday","Tuesday","Web","IE","EUR","Nov","Mon"
"FALSE",5000,30,6,16,4,4,9,"Sunday","Monday","Web","GB","GBP","Jan","Fri"
"FALSE",5000,40,4,14,9,9,4,"Sunday","Thursday","Web","IT","EUR","Jun","Tue"
"FALSE",150000,30,3,15,6,6,21,"Sunday","Monday","Web","US","USD","Jan","Fri"
"FALSE",50000,29.9874768518519,3,15,19,18,14,"Saturday","Monday","Web","US","USD","Jan","Thu"
"FALSE",14000,30,8,11,9,9,14,"Saturday","Wednesday","Web","US","USD","Jun","Thu"
"FALSE",67000,30,1,10,4,4,7,"Sunday","Friday","Web","GB","GBP","Nov","Fri"
"FALSE",4000,30,2,10,1,1,15,"Thursday","Thursday","Web","US","USD","Aug","Tue"
"FALSE",25000,60,5,14,12,12,18,"Friday","Tuesday","Web","GB","GBP","Oct","Mon"
"FALSE",150000,45,11,5,5,5,5,"Thursday","Wednesday","Web","CH","CHF","May","Mon"
"FALSE",3400,30,8,17,9,9,11,"Sunday","Tuesday","Web","GB","GBP","Jul","Fri"
"FALSE",30000,35,9,17,15,15,16,"Monday","Friday","Web","FR","EUR","Jun","Mon"
"FALSE",35000,30,2,15,16,16,12,"Thursday","Friday","Web","US","USD","Aug","Tue"
"FALSE",2000,17.5698842592593,4,15,4,18,3,"Monday","Friday","Web","GB","GBP","Jul","Fri"
"FALSE",36000,30,5,6,3,3,3,"Wednesday","Tuesday","Web","DK","DKK","Apr","Mon"
"FALSE",40000,60,7,22,10,10,10,"Monday","Sunday","Web","DK","DKK","Mar","Thu"
"FALSE",10000,25,5,12,16,16,17,"Tuesday","Thursday","Web","US","USD","Dec","Fri"
"FALSE",57000,30,8,14,13,13,20,"Friday","Tuesday","Web","US","USD","Jun","Wed"
"FALSE",25000,30,6,18,16,16,8,"Thursday","Tuesday","Web","GB","GBP","Jul","Tue"
"FALSE",1000,30,4,14,14,14,12,"Thursday","Tuesday","Web","US","USD","Jul","Tue"
"FALSE",10000,35,6,17,6,6,8,"Tuesday","Thursday","Web","GB","GBP","Sep","Tue"
"FALSE",1e+05,30,5,13,4,4,15,"Thursday","Tuesday","Web","NO","NOK","Sep","Tue"
"FALSE",20000,30,9,14,9,9,17,"Thursday","Tuesday","Web","GB","GBP","Feb","Tue"
"FALSE",5000,30,1,13,13,13,14,"Saturday","Saturday","Web","US","USD","Feb","Thu"
"FALSE",7500,30,2,15,14,14,13,"Friday","Friday","Web","US","USD","Feb","Wed"
"FALSE",50000,60,7,15,9,9,9,"Saturday","Monday","Web","US","USD","Jun","Tue"
"FALSE",25000,30,1,14,15,15,13,"Wednesday","Tuesday","Web","US","USD","Aug","Mon"
"FALSE",50000,30.6189583333333,7,14,9,0,11,"Thursday","Friday","Web","US","USD","May","Mon"
"FALSE",10000,60,8,14,16,16,20,"Tuesday","Wednesday","Web","US","USD","Jul","Fri"
"FALSE",143000,40.043599537037,5,5,0,1,1,"Wednesday","Monday","Web","DK","DKK","Mar","Fri"
"FALSE",300,18,6,13,14,14,12,"Saturday","Monday","Web","US","USD","Jul","Tue"
"FALSE",25000,30,6,11,12,12,15,"Thursday","Thursday","Web","US","USD","Feb","Tue"
"FALSE",150000,44.6834606481481,8,17,18,11,13,"Saturday","Monday","Web","US","USD","Nov","Wed"
"FALSE",200,30,3,14,18,18,15,"Tuesday","Wednesday","Web","US","USD","Jul","Sun"
"FALSE",52000,30,3,5,19,19,9,"Friday","Tuesday","Web","US","USD","Aug","Wed"
"FALSE",90000,30,2,14,12,12,17,"Thursday","Wednesday","Web","CA","CAD","Aug","Tue"
"FALSE",3000,30,6,12,9,9,14,"Wednesday","Friday","Web","US","USD","Jan","Mon"
"FALSE",3000,31,6,12,20,20,17,"Thursday","Wednesday","Web","US","USD","Oct","Mon"
"FALSE",5550,30,2,19,11,11,22,"Thursday","Monday","Web","US","USD","Jul","Tue"
"FALSE",3200,30,6,13,21,21,11,"Thursday","Saturday","Web","US","USD","Feb","Tue"
"FALSE",10000,30,7,11,18,18,9,"Wednesday","Saturday","Web","CA","CAD","Dec","Mon"
"FALSE",21000,31,2,15,13,13,22,"Sunday","Wednesday","Web","US","USD","Sep","Thu"
"FALSE",25000,30,6,12,7,7,8,"Thursday","Tuesday","Web","US","USD","Jun","Tue"
"FALSE",50000,30,4,22,0,0,10,"Friday","Sunday","Web","FR","EUR","May","Wed"
"FALSE",800,30,5,14,15,15,11,"Sunday","Wednesday","Web","US","USD","Jun","Fri"
"FALSE",10000,30,1,10,9,9,10,"Friday","Friday","Web","GB","GBP","Apr","Wed"
"FALSE",2000,30,2,11,12,12,16,"Sunday","Wednesday","Web","US","USD","May","Fri"
"FALSE",5000,20,3,13,11,11,18,"Monday","Monday","Web","US","USD","Jul","Tue"
"FALSE",30000,30,9,14,10,10,12,"Thursday","Monday","Web","GB","GBP","Nov","Tue"
"FALSE",10000,58.9955208333333,1,9,23,23,13,"Thursday","Monday","Web","US","USD","Jul","Mon"
"FALSE",15000,30,5,10,20,20,20,"Tuesday","Wednesday","Web","US","USD","Aug","Sun"
"FALSE",7500,33.1799768518519,1,16,9,14,12,"Tuesday","Friday","Web","DE","EUR","Dec","Thu"
"FALSE",4000,30,8,14,10,10,15,"Thursday","Tuesday","Web","US","USD","Jun","Tue"
"FALSE",8e+05,30,3,12,16,16,19,"Friday","Tuesday","Web","US","USD","Aug","Wed"
"FALSE",150000,60,6,18,15,15,12,"Saturday","Friday","Web","US","USD","Jan","Tue"
"FALSE",5000,60,2,15,16,16,11,"Friday","Sunday","Web","CA","CAD","Jun","Mon"
"FALSE",10000,60,4,10,18,18,2,"Friday","Sunday","Web","GB","GBP","Jul","Mon"
"FALSE",20000,30,1,16,5,5,9,"Sunday","Wednesday","Web","NL","EUR","Sep","Fri"
"FALSE",3000,11,7,17,10,10,10,"Friday","Tuesday","Web","IT","EUR","Dec","Mon"
"FALSE",35000,60,5,15,17,17,17,"Friday","Thursday","Web","CA","CAD","Jul","Mon"
"FALSE",50000,30,3,12,22,22,23,"Friday","Wednesday","Web","CA","CAD","Oct","Wed"
"FALSE",6600,30,2,11,8,8,8,"Sunday","Wednesday","Web","US","USD","Jul","Fri"
"FALSE",7000,30,2,7,15,15,22,"Friday","Monday","Web","US","USD","Mar","Wed"
"FALSE",10000,30,5,10,11,11,11,"Thursday","Monday","Web","DE","EUR","Jun","Tue"
"FALSE",11000,35,3,10,14,14,23,"Monday","Friday","Web","GB","GBP","Jun","Mon"
"FALSE",35000,30,4,8,13,13,14,"Saturday","Thursday","Web","NL","EUR","Oct","Thu"
"FALSE",125000,30,8,12,7,7,16,"Thursday","Monday","Web","US","USD","Mar","Tue"
"FALSE",15000,16,5,13,11,11,15,"Saturday","Sunday","Web","US","USD","Aug","Thu"
"FALSE",6000,45,2,9,5,5,21,"Friday","Sunday","Web","CA","CAD","Feb","Tue"
"FALSE",20000,30,3,13,13,13,3,"Thursday","Sunday","Web","AU","AUD","Feb","Tue"
"FALSE",600,30,2,18,11,11,1,"Wednesday","Wednesday","Web","US","USD","Feb","Mon"
"FALSE",30000,30,6,11,13,13,14,"Thursday","Wednesday","Web","US","USD","Feb","Tue"
"FALSE",85000,31.015462962963,2,15,4,5,15,"Friday","Thursday","Web","NL","EUR","Mar","Tue"
"FALSE",15000,30,3,15,2,2,6,"Friday","Friday","Web","US","USD","Mar","Wed"
"FALSE",8300,30,1,14,8,8,11,"Wednesday","Monday","Web","GB","GBP","Feb","Mon"
"FALSE",25000,45,3,13,11,11,14,"Saturday","Monday","Web","US","USD","Apr","Wed"
"FALSE",9000,35,3,11,11,11,6,"Tuesday","Tuesday","Web","GB","GBP","May","Tue"
"FALSE",2900,30,1,12,6,6,13,"Thursday","Tuesday","Web","US","USD","Sep","Tue"
"FALSE",2000,30,5,18,18,18,2,"Wednesday","Tuesday","Web","GB","GBP","Oct","Mon"
"FALSE",15000,30,6,16,13,13,9,"Thursday","Monday","Web","US","USD","Jul","Tue"
"FALSE",5000,27.4667013888889,2,8,13,1,11,"Monday","Tuesday","Web","US","USD","Nov","Mon"
"FALSE",20000,45,2,15,8,8,11,"Saturday","Monday","Web","US","USD","May","Wed"
"FALSE",48000,30,4,17,14,14,9,"Saturday","Monday","Web","NL","EUR","Oct","Thu"
"FALSE",27000,30,8,7,11,11,10,"Wednesday","Saturday","Web","US","USD","Mar","Mon"
"FALSE",150000,40,2,13,11,11,10,"Saturday","Tuesday","Web","US","USD","Mar","Mon"
"FALSE",25000,30,5,13,19,19,3,"Thursday","Monday","Web","US","USD","Aug","Tue"
"FALSE",3500,11.6736458333333,2,11,10,2,2,"Monday","Friday","Web","US","USD","Dec","Wed"
"FALSE",2e+05,30,4,16,4,4,20,"Sunday","Thursday","Web","US","USD","Aug","Fri"
"FALSE",5e+05,60,5,13,12,12,18,"Tuesday","Tuesday","Web","US","USD","Feb","Fri"
"FALSE",50000,30,2,13,14,14,9,"Saturday","Tuesday","Web","US","USD","Jul","Thu"
"FALSE",20000,29.5450694444444,3,12,2,16,9,"Wednesday","Thursday","Web","GB","GBP","Nov","Tue"
"FALSE",5000,18.1924074074074,1,13,5,10,1,"Sunday","Monday","Web","GB","GBP","Dec","Wed"
"FALSE",2500,30,7,10,11,11,13,"Sunday","Monday","Web","US","USD","Aug","Fri"
"FALSE",10000,14,3,16,12,12,13,"Thursday","Sunday","Web","FR","EUR","Aug","Thu"
"FALSE",2500,12.228275462963,7,11,17,23,16,"Saturday","Saturday","Web","CA","CAD","Feb","Mon"
"FALSE",25000,30,4,13,6,6,5,"Sunday","Friday","Web","US","USD","Feb","Fri"
"FALSE",1145,7,5,14,15,15,11,"Tuesday","Friday","Web","US","USD","Apr","Tue"
"FALSE",5000,31,5,10,3,3,6,"Friday","Saturday","Web","GB","GBP","Aug","Tue"
"FALSE",20000,60,6,13,3,3,12,"Friday","Wednesday","Web","US","USD","Nov","Mon"
"FALSE",2300,24.14125,6,13,15,19,10,"Wednesday","Friday","Web","US","USD","Nov","Sun"
"FALSE",25000,60,6,12,15,15,18,"Sunday","Monday","Web","US","USD","Jul","Wed"
"FALSE",77000,60,3,9,21,21,16,"Monday","Sunday","Web","AU","AUD","Jan","Thu"
"FALSE",150000,50,4,15,1,1,5,"Wednesday","Tuesday","Web","DE","EUR","May","Tue"
"FALSE",30000,60,7,16,17,17,23,"Monday","Saturday","Web","US","USD","Mar","Thu"
"FALSE",10000,30,3,11,7,7,6,"Wednesday","Monday","Web","GB","GBP","Mar","Mon"
"FALSE",30000,30,1,13,17,17,21,"Sunday","Sunday","Web","US","USD","Mar","Fri"
"FALSE",10000,24.7902199074074,6,14,16,11,3,"Sunday","Tuesday","Web","DE","EUR","May","Wed"
"FALSE",1e+05,32.0944907407407,5,12,4,6,3,"Thursday","Friday","Web","GB","GBP","Feb","Sun"
"FALSE",45000,60,1,13,16,16,20,"Monday","Wednesday","Web","US","USD","May","Thu"
"FALSE",5000,36.5839351851852,1,13,3,18,23,"Sunday","Friday","Web","US","USD","Jun","Sat"
"FALSE",3000,30,1,10,9,9,2,"Saturday","Thursday","Web","FR","EUR","Jul","Thu"
"FALSE",20000,58.8444328703704,3,14,13,10,11,"Friday","Saturday","Web","US","USD","Jul","Tue"
"FALSE",10000,30,1,16,14,14,0,"Sunday","Wednesday","Web","US","USD","Sep","Fri"
"FALSE",1000,30,1,13,16,16,14,"Wednesday","Sunday","Web","US","USD","Dec","Mon"
"FALSE",28000,30,5,12,9,9,12,"Thursday","Thursday","Web","US","USD","Dec","Tue"
"FALSE",10000,31.0122453703704,7,9,10,11,5,"Tuesday","Saturday","Web","GB","GBP","Feb","Sat"
"FALSE",5000,30,4,15,2,2,12,"Wednesday","Wednesday","Web","US","USD","Aug","Mon"
"FALSE",600,20,3,11,13,13,18,"Tuesday","Tuesday","Web","GB","GBP","Jul","Wed"
"FALSE",30000,28.6439699074074,3,13,7,22,14,"Sunday","Tuesday","Web","US","USD","Aug","Sun"
"FALSE",50000,20,8,15,6,6,8,"Thursday","Thursday","Web","GB","GBP","Sep","Fri"
"FALSE",10000,20.478125,7,19,13,0,0,"Tuesday","Tuesday","Web","FR","EUR","Jun","Tue"
"FALSE",9000,30,7,10,12,12,12,"Wednesday","Saturday","Web","US","USD","Jan","Mon"
"FALSE",150000,30,1,13,18,18,20,"Wednesday","Thursday","Web","US","USD","Feb","Mon"
"FALSE",1000,11.5554976851852,4,15,10,0,10,"Saturday","Saturday","Web","US","USD","Jan","Mon"
"FALSE",25000,30,1,6,12,12,14,"Friday","Friday","Web","US","USD","Jan","Wed"
"FALSE",3500,30,6,22,19,19,18,"Wednesday","Monday","Web","NL","EUR","Apr","Mon"
"FALSE",30000,30,3,14,12,12,15,"Sunday","Tuesday","Web","US","USD","Nov","Fri"
"FALSE",120000,27.0238888888889,1,14,10,10,10,"Sunday","Friday","Web","IE","EUR","Jun","Mon"
"FALSE",1000,30,5,13,14,14,21,"Wednesday","Sunday","Web","US","USD","Jun","Mon"
"FALSE",125000,60,5,14,15,15,14,"Wednesday","Friday","Web","AU","AUD","Jun","Sat"
"FALSE",5000,30,8,16,11,11,17,"Saturday","Saturday","Web","US","USD","Aug","Thu"
"FALSE",1500,30,4,12,18,18,17,"Monday","Saturday","Web","CA","CAD","Jun","Sat"
"FALSE",75000,33.411875,5,18,14,23,10,"Sunday","Thursday","Web","US","USD","Nov","Tue"
"FALSE",1000,30,5,13,15,15,22,"Friday","Saturday","Web","US","USD","Jul","Wed"
"FALSE",10000,60,4,13,15,15,14,"Saturday","Tuesday","Web","US","USD","Jan","Tue"
"FALSE",5000,30,6,11,23,23,17,"Wednesday","Monday","Web","US","USD","Jul","Mon"
"FALSE",20000,60,6,14,8,8,7,"Saturday","Wednesday","Web","FR","EUR","Sep","Tue"
"FALSE",2000,60,3,7,18,18,0,"Friday","Monday","Web","AU","AUD","Aug","Mon"
"FALSE",15000,60,3,13,18,18,20,"Monday","Tuesday","Web","US","USD","Jan","Thu"
"FALSE",35000,30,6,12,6,6,16,"Saturday","Monday","Web","US","USD","Apr","Thu"
"FALSE",150000,29.7752314814815,2,14,14,8,7,"Thursday","Tuesday","Web","GB","GBP","Jul","Tue"
"FALSE",4000,49.2956944444444,7,15,9,16,15,"Tuesday","Thursday","Web","DE","EUR","Dec","Tue"
"FALSE",1000,45,3,13,14,14,8,"Saturday","Saturday","Web","US","USD","Jul","Wed"
"FALSE",3500,7.1527662037037,5,14,16,20,3,"Tuesday","Tuesday","Web","US","USD","Nov","Tue"
"FALSE",500,30,6,15,19,19,1,"Wednesday","Wednesday","Web","US","USD","Jul","Mon"
"FALSE",3000,30,5,14,14,14,13,"Friday","Tuesday","Web","GB","GBP","Feb","Wed"
"FALSE",10000,26.1494560185185,5,13,7,11,8,"Tuesday","Friday","Web","US","USD","Jun","Thu"
"FALSE",1e+05,60,3,16,14,14,14,"Friday","Tuesday","Web","US","USD","Jul","Mon"
"FALSE",8600,30,5,12,9,9,10,"Sunday","Monday","Web","US","USD","Feb","Fri"
"FALSE",1e+05,31.2488541666667,12,16,14,20,20,"Friday","Tuesday","Web","US","USD","Mar","Tue"
"FALSE",12000,30.4959490740741,1,12,10,22,15,"Thursday","Monday","Web","US","USD","May","Tue"
"FALSE",100,10.0209953703704,7,14,22,22,21,"Friday","Monday","Web","CA","CAD","Oct","Tue"
"FALSE",15000,30,5,15,9,9,3,"Friday","Tuesday","Web","AU","AUD","Jul","Wed"
"FALSE",6500,30,1,13,5,5,12,"Saturday","Thursday","Web","GB","GBP","Aug","Thu"
"FALSE",8000,30,5,13,14,14,18,"Friday","Monday","Web","US","USD","Jan","Wed"
"FALSE",25000,30,7,9,21,21,16,"Saturday","Monday","Web","CA","CAD","Mar","Thu"
"FALSE",3000,30.5856944444444,6,19,2,17,2,"Wednesday","Tuesday","Web","IT","EUR","Dec","Mon"
"FALSE",25000,29.1221875,7,8,13,16,16,"Friday","Saturday","Web","US","USD","Dec","Thu"
"FALSE",1400000,31.5975578703704,8,11,2,17,7,"Monday","Thursday","Web","AT","EUR","Dec","Fri"
"FALSE",4000,38.4675347222222,7,16,8,20,21,"Thursday","Sunday","Web","US","USD","Jul","Mon"
"FALSE",3e+05,60,1,15,5,5,4,"Monday","Tuesday","Web","AU","AUD","Jul","Thu"
"FALSE",27000,30,7,14,14,14,14,"Sunday","Monday","Web","US","USD","Feb","Fri"
"FALSE",500,30,3,15,15,15,16,"Sunday","Wednesday","Web","US","USD","Jul","Fri"
"FALSE",250000,30,3,12,22,22,0,"Saturday","Saturday","Web","US","USD","Mar","Thu"
"FALSE",250,30,4,13,14,14,14,"Thursday","Monday","Web","US","USD","Jul","Tue"
"FALSE",2500,14,5,15,2,2,5,"Friday","Thursday","Web","GB","GBP","Mar","Fri"
"FALSE",10000,30,9,13,15,15,14,"Wednesday","Sunday","Web","US","USD","Aug","Mon"
"FALSE",5000,60,6,15,15,15,12,"Friday","Wednesday","Web","US","USD","Aug","Mon"
"FALSE",15000,30,4,14,0,0,15,"Sunday","Sunday","Web","GB","GBP","Sep","Fri"
"FALSE",5000,30,5,7,4,4,1,"Friday","Saturday","Web","AU","AUD","Sep","Wed"
"FALSE",30000,40,9,16,3,3,19,"Sunday","Sunday","Web","US","USD","Feb","Tue"
"FALSE",50000,30,1,13,10,10,20,"Monday","Friday","Web","US","USD","Jul","Sat"
"FALSE",250000,28,5,14,9,9,13,"Tuesday","Sunday","Web","GB","GBP","Aug","Tue"
"FALSE",200,21.2738425925926,3,11,10,16,16,"Wednesday","Monday","Web","US","USD","Mar","Wed"
"FALSE",35000,30,6,9,9,9,7,"Thursday","Friday","Web","FR","EUR","Nov","Tue"
"FALSE",15000,30,3,10,7,7,7,"Sunday","Monday","Web","US","USD","Nov","Fri"
"FALSE",1500,18.1324421296296,3,11,12,16,16,"Tuesday","Thursday","Web","GB","GBP","Jul","Fri"
"FALSE",10000,30,6,11,2,2,22,"Sunday","Thursday","Web","US","USD","May","Fri"
"FALSE",8e+05,30,1,11,5,5,6,"Wednesday","Thursday","Web","NO","NOK","Apr","Mon"
"FALSE",20000,60,2,13,1,1,7,"Tuesday","Monday","Web","US","USD","Aug","Fri"
"FALSE",2000,30,5,13,23,23,14,"Tuesday","Friday","Web","US","USD","May","Sun"
"FALSE",40000,50,8,15,7,7,12,"Friday","Wednesday","Web","GB","GBP","Feb","Thu"
"FALSE",5000,30,2,6,12,12,12,"Wednesday","Friday","Web","IT","EUR","Sep","Mon"
"FALSE",40000,18,6,20,15,15,3,"Saturday","Tuesday","Web","NO","NOK","Apr","Tue"
"FALSE",5700,30,4,10,23,23,13,"Wednesday","Saturday","Web","BE","EUR","Jun","Mon"
"FALSE",1500,30,6,10,10,10,19,"Friday","Monday","Web","GB","GBP","Jul","Wed"
"FALSE",25000,30,6,12,7,7,23,"Thursday","Friday","Web","US","USD","Aug","Tue"
"FALSE",13000,30,3,7,16,16,3,"Monday","Thursday","Web","NL","EUR","Sep","Sat"
"FALSE",7000,32.1669212962963,7,13,13,18,7,"Tuesday","Monday","Web","US","USD","Sep","Fri"
"FALSE",5000,31,7,13,21,21,21,"Thursday","Thursday","Web","US","USD","Feb","Mon"
"FALSE",2700,15,2,8,7,7,15,"Thursday","Saturday","Web","CA","CAD","Mar","Wed"
"FALSE",25000,60,8,14,11,11,6,"Tuesday","Thursday","Web","GB","GBP","Jul","Fri"
"FALSE",60000,60,1,16,15,15,11,"Sunday","Monday","Web","CA","CAD","Aug","Wed"
"FALSE",500,30,6,16,13,13,20,"Wednesday","Sunday","Web","US","USD","Sep","Mon"
"FALSE",94000,51.2023032407407,4,13,7,11,17,"Wednesday","Wednesday","Web","US","USD","Nov","Mon"
"FALSE",3500,30,6,7,16,16,14,"Saturday","Tuesday","Web","AT","EUR","Jun","Thu"
"FALSE",35800,30,2,14,8,8,9,"Friday","Friday","Web","US","USD","Nov","Wed"
"FALSE",45000,30,8,11,20,20,21,"Monday","Wednesday","Web","US","USD","Jun","Sat"
"FALSE",17500,30,7,15,16,16,12,"Thursday","Saturday","Web","US","USD","Mar","Tue"
"FALSE",1e+06,30,11,12,23,23,15,"Thursday","Tuesday","Web","CA","CAD","Aug","Tue"
"FALSE",1000,30,1,11,19,19,19,"Friday","Tuesday","Web","US","USD","Aug","Wed"
"FALSE",50000,30,1,12,12,12,15,"Wednesday","Thursday","Web","CA","CAD","Dec","Mon"
"FALSE",5500,30.1271643518519,7,13,11,14,14,"Friday","Tuesday","Web","US","USD","May","Wed"
"FALSE",50000,40,1,14,23,23,23,"Friday","Tuesday","Web","US","USD","May","Sun"
"FALSE",10000,32,1,18,17,17,15,"Tuesday","Tuesday","Web","US","USD","Oct","Fri"
"FALSE",250000,30,8,14,15,15,23,"Sunday","Thursday","Web","US","USD","Jan","Fri"
"FALSE",70000,30,8,19,7,7,14,"Friday","Wednesday","Web","US","USD","Mar","Wed"
"FALSE",3000,30,3,13,15,15,12,"Wednesday","Sunday","Web","US","USD","Feb","Mon"
"FALSE",32000,22.515474537037,7,15,13,1,12,"Friday","Friday","Web","US","USD","Dec","Wed"
"FALSE",20000,30,4,16,21,21,12,"Wednesday","Monday","Web","US","USD","Sep","Mon"
"FALSE",3000,30,8,17,0,0,11,"Sunday","Wednesday","Web","US","USD","Apr","Fri"
"FALSE",3330,30,6,12,11,11,16,"Wednesday","Monday","Web","US","USD","Jun","Mon"
"FALSE",55000,20,3,14,11,11,4,"Thursday","Friday","Web","DK","DKK","Dec","Fri"
"FALSE",15000,30,2,13,10,10,10,"Friday","Monday","Web","CA","CAD","Aug","Wed"
"FALSE",1500,35,2,15,12,12,14,"Saturday","Wednesday","Web","US","USD","Jul","Sat"
"FALSE",350000,60,1,17,16,16,11,"Monday","Tuesday","Web","US","USD","Jul","Thu"
"FALSE",11000,45,2,14,12,12,11,"Saturday","Tuesday","Web","CA","CAD","Jul","Wed"
"FALSE",5000,30,1,15,13,13,21,"Thursday","Friday","Web","US","USD","Apr","Tue"
"FALSE",12000,40,3,14,11,11,18,"Sunday","Sunday","Web","US","USD","Mar","Tue"
"FALSE",500,60,2,14,6,6,13,"Tuesday","Saturday","Web","GB","GBP","Jul","Fri"
"FALSE",8000,30,1,14,13,13,14,"Wednesday","Friday","Web","US","USD","Mar","Mon"
"FALSE",15000,31,1,8,10,10,17,"Sunday","Tuesday","Web","US","USD","Nov","Thu"
"FALSE",160000,35,6,14,19,19,20,"Monday","Friday","Web","US","USD","Mar","Mon"
"FALSE",75000,35,7,16,3,3,15,"Thursday","Monday","Web","GB","GBP","Mar","Thu"
"FALSE",6000,30,3,16,15,15,10,"Sunday","Tuesday","Web","US","USD","Jul","Fri"
"FALSE",2000,60,5,15,19,19,22,"Monday","Friday","Web","US","USD","Oct","Thu"
"FALSE",35000,30,5,11,18,18,13,"Friday","Thursday","Web","US","USD","Oct","Wed"
"FALSE",250000,60,1,4,23,23,13,"Sunday","Wednesday","Web","US","USD","Jun","Wed"
"FALSE",6900,30,7,14,17,17,20,"Sunday","Wednesday","Web","US","USD","Dec","Fri"
"FALSE",2e+05,30,3,14,15,15,11,"Thursday","Saturday","Web","US","USD","Jan","Tue"
"FALSE",10000,30,6,16,17,17,17,"Wednesday","Friday","Web","US","USD","Aug","Mon"
"FALSE",15000,30,7,11,11,11,10,"Friday","Wednesday","Web","GB","GBP","Jun","Wed"
"FALSE",6000,30,2,15,3,3,3,"Friday","Friday","Web","GB","GBP","Oct","Wed"
"FALSE",4000,15,4,9,10,10,10,"Thursday","Tuesday","Web","US","USD","Mar","Wed"
"FALSE",50000,44.3390277777778,7,16,15,0,6,"Friday","Thursday","Web","US","USD","Sep","Tue"
"FALSE",25000,30,7,15,7,7,17,"Thursday","Friday","Web","US","USD","Oct","Tue"
"FALSE",25000,34,8,13,10,10,13,"Tuesday","Tuesday","Web","US","USD","Nov","Wed"
"FALSE",15000,30,3,10,18,18,4,"Friday","Tuesday","Web","AU","AUD","Sep","Wed"
"FALSE",10000,31,6,12,15,15,20,"Thursday","Tuesday","Web","CA","CAD","May","Mon"
"FALSE",3000,22.0774884259259,2,12,18,19,19,"Saturday","Thursday","Web","US","USD","Jan","Fri"
"FALSE",10000,30,6,16,16,16,1,"Thursday","Thursday","Web","US","USD","Sep","Tue"
"FALSE",25000,30,1,10,11,11,12,"Monday","Friday","Web","US","USD","Feb","Sat"
"FALSE",20000,30,7,11,12,12,12,"Saturday","Friday","Web","US","USD","Feb","Thu"
"FALSE",40000,30,5,11,12,12,11,"Wednesday","Saturday","Web","IT","EUR","Sep","Mon"
"FALSE",2e+05,15,10,20,11,11,10,"Tuesday","Thursday","Web","US","USD","Jun","Mon"
"FALSE",2000,38.7660185185185,1,15,23,18,18,"Monday","Friday","Web","CA","CAD","May","Thu"
"FALSE",10,30,6,10,12,12,15,"Tuesday","Saturday","Web","AU","AUD","Oct","Sun"
"FALSE",10000,30,5,15,14,14,12,"Thursday","Friday","Web","IE","EUR","Mar","Tue"
"FALSE",68632,28,5,14,11,11,18,"Tuesday","Saturday","Web","CA","CAD","Nov","Tue"
"FALSE",15000,30,3,11,17,17,13,"Saturday","Tuesday","Web","US","USD","Oct","Thu"
"FALSE",10000,30,1,11,9,9,16,"Thursday","Wednesday","Web","US","USD","Jul","Tue"
"FALSE",40000,30,6,15,14,14,10,"Wednesday","Sunday","Web","US","USD","Apr","Mon"
"FALSE",1000,30,4,16,12,12,17,"Friday","Sunday","Web","US","USD","Jul","Wed"
"FALSE",1500,20,8,11,4,4,7,"Wednesday","Monday","Web","AU","AUD","Mar","Thu"
"FALSE",75000,30,7,14,17,17,14,"Wednesday","Wednesday","Web","US","USD","Feb","Mon"
"FALSE",10000,30,9,14,15,15,2,"Saturday","Friday","Web","GB","GBP","May","Thu"
"FALSE",1000,39.0416550925926,2,12,5,6,4,"Monday","Friday","Web","GB","GBP","May","Thu"
"FALSE",10000,26.997974537037,2,13,15,15,15,"Tuesday","Wednesday","Web","US","USD","Mar","Wed"
"FALSE",1375000,30,9,14,18,18,2,"Saturday","Saturday","Web","HK","HKD","Dec","Thu"
"FALSE",5000,30,3,9,8,8,15,"Monday","Friday","Web","GB","GBP","Nov","Sat"
"FALSE",50000,45,7,10,1,1,12,"Thursday","Thursday","Web","CA","CAD","Apr","Mon"
"FALSE",3000,35,1,16,2,2,3,"Friday","Saturday","Web","ES","EUR","Feb","Fri"
"FALSE",15000,30,9,14,12,12,7,"Monday","Monday","Web","GB","GBP","Jun","Sat"
"FALSE",2000,30,1,10,8,8,15,"Thursday","Tuesday","Web","US","USD","Aug","Tue"
"FALSE",200,60,2,11,1,1,8,"Saturday","Monday","Web","IT","EUR","Jul","Tue"
"FALSE",25000,35,5,11,11,11,13,"Tuesday","Sunday","Web","US","USD","Jan","Tue"
"FALSE",2000,30,7,16,10,10,22,"Sunday","Wednesday","Web","US","USD","Dec","Fri"
"FALSE",4800,30,6,13,6,6,16,"Friday","Tuesday","Web","GB","GBP","Nov","Wed"
"FALSE",10500,30,5,13,23,23,15,"Friday","Sunday","Web","US","USD","Oct","Wed"
"FALSE",1e+05,30,4,10,0,0,23,"Friday","Tuesday","Web","NL","EUR","Jun","Wed"
"FALSE",25000,30,2,13,0,0,21,"Wednesday","Thursday","Web","AU","AUD","Jun","Mon"
"FALSE",6000,40,1,9,16,16,9,"Tuesday","Tuesday","Web","US","USD","Oct","Thu"
"FALSE",5000,60,6,14,11,11,9,"Saturday","Thursday","Web","US","USD","Aug","Tue"
"FALSE",1e+05,30,1,16,11,11,3,"Friday","Tuesday","Web","GB","GBP","Jul","Wed"
"FALSE",10000,30,8,15,12,12,6,"Friday","Wednesday","Web","US","USD","Dec","Wed"
"FALSE",10000,30,4,14,14,14,1,"Sunday","Wednesday","Web","US","USD","Sep","Fri"
"FALSE",60000,60,6,14,3,3,8,"Tuesday","Tuesday","Web","NL","EUR","Jun","Fri"
"FALSE",10000,30,4,13,18,18,6,"Thursday","Saturday","Web","US","USD","Aug","Tue"
"FALSE",30000,30,5,9,11,11,8,"Friday","Sunday","Web","DE","EUR","Jun","Wed"
"FALSE",50000,30,7,13,18,18,2,"Tuesday","Friday","Web","GB","GBP","Aug","Sun"
"FALSE",50,30,3,10,16,16,14,"Sunday","Wednesday","Web","US","USD","Jul","Fri"
"FALSE",600,30,1,6,14,14,18,"Sunday","Wednesday","Web","US","USD","Aug","Fri"
"FALSE",15000,30,8,22,10,10,9,"Thursday","Tuesday","Web","DE","EUR","Feb","Tue"
"FALSE",3500,30,4,14,17,17,3,"Thursday","Sunday","Web","AU","AUD","Aug","Tue"
"FALSE",35000,30,6,17,8,8,20,"Friday","Wednesday","Web","CA","CAD","Oct","Wed"
"FALSE",1200,30,3,16,16,16,21,"Saturday","Saturday","Web","US","USD","Jan","Thu"
"FALSE",1000,30,6,14,7,7,20,"Tuesday","Sunday","Web","AU","AUD","Mar","Sun"
"FALSE",15000,31.4800810185185,7,14,8,20,11,"Friday","Wednesday","Web","US","USD","Oct","Tue"
"FALSE",10,30,4,14,10,10,21,"Friday","Saturday","Web","US","USD","Jul","Wed"
"FALSE",10000,30,1,9,21,21,15,"Saturday","Tuesday","Web","US","USD","Feb","Thu"
"FALSE",50000,30,8,12,15,15,11,"Saturday","Thursday","Web","US","USD","Feb","Thu"
"FALSE",20000,30,7,14,6,6,6,"Wednesday","Monday","Web","AU","AUD","Feb","Mon"
"FALSE",2000,30,1,13,4,4,4,"Thursday","Friday","Web","US","USD","Aug","Tue"
"FALSE",2000,30,6,14,11,11,19,"Wednesday","Saturday","Web","US","USD","Apr","Mon"
"FALSE",2500000,30,5,13,17,17,10,"Wednesday","Tuesday","Web","SE","SEK","Dec","Mon"
"FALSE",3000,28.1271296296296,8,16,9,13,18,"Wednesday","Thursday","Web","US","USD","Jul","Wed"
"FALSE",5999,25.5693402777778,6,16,11,1,12,"Saturday","Friday","Web","US","USD","Oct","Mon"
"FALSE",7000,45,5,3,10,10,15,"Friday","Friday","Web","CA","CAD","Apr","Tue"
"FALSE",4000,30,6,15,15,15,18,"Wednesday","Sunday","Web","GB","GBP","Jul","Mon"
"FALSE",35000,60,3,11,18,18,6,"Sunday","Tuesday","Web","FR","EUR","Jun","Wed"
"FALSE",10000,30,7,11,13,13,14,"Thursday","Friday","Web","US","USD","Sep","Tue"
"FALSE",3e+05,45,5,12,10,10,10,"Thursday","Sunday","Web","US","USD","Jun","Mon"
"FALSE",5000,45,3,17,19,19,9,"Saturday","Tuesday","Web","US","USD","Jun","Wed"
"FALSE",2000,30,6,15,12,12,8,"Thursday","Friday","Web","GB","GBP","Mar","Tue"
"FALSE",15000,30,6,13,11,11,16,"Friday","Sunday","Web","US","USD","Jul","Wed"
"FALSE",25000,30,9,9,11,11,11,"Friday","Tuesday","Web","US","USD","Jul","Wed"
"FALSE",8500,30,1,17,18,18,5,"Wednesday","Monday","Web","GB","GBP","Jun","Mon"
"FALSE",50000,45.1065393518519,3,22,20,22,20,"Thursday","Tuesday","Web","US","USD","Nov","Mon"
"FALSE",50000,60,8,15,11,11,18,"Monday","Monday","Web","US","USD","Jun","Thu"
"FALSE",5000,30,6,16,8,8,14,"Tuesday","Tuesday","Web","US","USD","May","Sun"
"FALSE",500,54.9921180555556,4,15,10,10,13,"Tuesday","Sunday","Web","GB","GBP","Aug","Wed"
"FALSE",1000,30,7,14,15,15,17,"Sunday","Tuesday","Web","US","USD","Jun","Fri"
"FALSE",250000,60,5,13,16,16,12,"Friday","Saturday","Web","US","USD","Nov","Mon"
"FALSE",500,30,4,17,18,18,17,"Sunday","Thursday","Web","US","USD","Jul","Fri"
"FALSE",5000,30,6,13,0,0,14,"Saturday","Tuesday","Web","US","USD","Jul","Thu"
"FALSE",1000,30,9,11,15,15,6,"Saturday","Wednesday","Web","GB","GBP","Aug","Thu"
"FALSE",5000,45,9,18,18,18,12,"Friday","Sunday","Web","CA","CAD","Jul","Tue"
"FALSE",5000,50,7,13,7,7,16,"Friday","Monday","Web","CH","CHF","Feb","Thu"
"FALSE",5000,30,6,10,12,12,11,"Thursday","Tuesday","Web","US","USD","May","Tue"
"FALSE",90000,14,6,15,19,19,21,"Thursday","Tuesday","Web","AU","AUD","Dec","Thu"
"FALSE",900,20,4,13,15,15,17,"Monday","Tuesday","Web","US","USD","Jan","Tue"
"FALSE",4000,60,1,14,18,18,15,"Sunday","Tuesday","Web","CA","CAD","Jun","Wed"
"FALSE",10000,60,2,13,11,11,9,"Sunday","Saturday","Web","IT","EUR","Sep","Wed"
"FALSE",1200,30,1,15,18,18,17,"Sunday","Friday","Web","AU","AUD","Mar","Fri"
"FALSE",50000,25,3,11,14,14,16,"Monday","Tuesday","Web","US","USD","Dec","Thu"
"FALSE",10000,40,3,9,14,14,11,"Sunday","Monday","Web","US","USD","Jan","Tue"
"FALSE",1100,20,6,18,19,19,18,"Monday","Wednesday","Web","AU","AUD","Feb","Tue"
"FALSE",10000,30,1,9,10,10,12,"Friday","Monday","Web","US","USD","Sep","Wed"
"FALSE",50000,59,1,11,16,16,14,"Thursday","Monday","Web","US","USD","Jun","Mon"
"FALSE",10000,40,6,16,10,10,2,"Sunday","Friday","Web","FR","EUR","Mar","Tue"
"FALSE",25000,31,9,11,13,13,19,"Friday","Thursday","Web","US","USD","Dec","Tue"
"FALSE",350000,30,4,11,0,0,15,"Sunday","Wednesday","Web","DE","EUR","Jan","Fri"
"FALSE",40000,30,1,11,12,12,22,"Saturday","Wednesday","Web","CA","CAD","Dec","Thu"
"FALSE",45000,60,3,9,7,7,20,"Friday","Monday","Web","US","USD","Nov","Mon"
"FALSE",50,10,5,15,12,12,14,"Saturday","Friday","Web","US","USD","Jul","Wed"
"FALSE",45000,30,1,13,14,14,3,"Sunday","Friday","Web","NL","EUR","Jun","Fri"
"FALSE",13000,30,4,12,14,14,9,"Saturday","Tuesday","Web","US","USD","Aug","Thu"
"FALSE",600,29.9996180555556,3,12,9,9,13,"Friday","Wednesday","Web","US","USD","Aug","Wed"
"FALSE",50000,60,2,11,17,17,6,"Friday","Saturday","Web","AU","AUD","Aug","Mon"
"FALSE",14000,31,8,14,14,14,19,"Monday","Monday","Web","NL","EUR","Aug","Fri"
"FALSE",53700,28.9759375,7,15,16,16,9,"Saturday","Wednesday","Web","US","USD","Jul","Fri"
"FALSE",1000,60,4,15,8,8,12,"Monday","Tuesday","Web","US","USD","Aug","Thu"
"FALSE",30000,30,8,16,5,5,9,"Thursday","Wednesday","Web","GB","GBP","Mar","Tue"
"FALSE",1000,7,8,7,4,4,2,"Sunday","Wednesday","Web","US","USD","Nov","Sun"
"FALSE",47000,21,5,15,8,8,15,"Wednesday","Friday","Web","US","USD","May","Wed"
"FALSE",20000,60,1,16,11,11,18,"Sunday","Thursday","Web","US","USD","Jun","Wed"
"FALSE",18480,39,6,17,13,13,2,"Friday","Tuesday","Web","US","USD","Jun","Mon"
"FALSE",25000,30,4,10,4,4,5,"Thursday","Tuesday","Web","GB","GBP","Nov","Tue"
"FALSE",3000,30,6,15,15,15,18,"Saturday","Tuesday","Web","GB","GBP","Jul","Thu"
"FALSE",9450,35,5,12,12,12,16,"Wednesday","Thursday","Web","GB","GBP","Aug","Wed"
"FALSE",19000,45,5,13,13,13,10,"Saturday","Monday","Web","US","USD","Jul","Wed"
"FALSE",5000,29.9312847222222,6,10,13,12,18,"Friday","Saturday","Web","GB","GBP","May","Wed"
"FALSE",15000,35,6,15,15,15,18,"Friday","Sunday","Web","US","USD","Oct","Fri"
"FALSE",250000,30,1,3,7,7,8,"Friday","Monday","Web","US","USD","Aug","Wed"
"FALSE",35000,60,5,13,16,16,9,"Tuesday","Friday","Web","GB","GBP","Feb","Fri"
"FALSE",5000,60,7,15,14,14,15,"Sunday","Saturday","Web","US","USD","Aug","Wed"
"FALSE",1e+05,60,7,12,18,18,9,"Thursday","Sunday","Web","US","USD","Jul","Sun"
"FALSE",10000,30,10,14,19,19,14,"Saturday","Monday","Web","US","USD","Jul","Thu"
"FALSE",5000,30,7,13,10,10,17,"Thursday","Thursday","Web","IT","EUR","Dec","Tue"
"FALSE",960,24,2,13,14,14,15,"Friday","Sunday","Web","US","USD","Oct","Tue"
"FALSE",16500,60,6,12,0,0,19,"Saturday","Tuesday","Web","AU","AUD","Jun","Tue"
"FALSE",1000,30,4,13,12,12,20,"Sunday","Wednesday","Web","US","USD","Aug","Fri"
"FALSE",5000,30,5,12,6,6,9,"Thursday","Friday","Web","FR","EUR","Apr","Tue"
"FALSE",20000,60,4,14,8,8,14,"Friday","Thursday","Web","CA","CAD","Nov","Mon"
"FALSE",200,30,4,12,18,18,12,"Thursday","Wednesday","Web","US","USD","Sep","Tue"
"FALSE",25000,36.3960648148148,5,13,8,17,13,"Sunday","Sunday","Web","GB","GBP","Aug","Sat"
"FALSE",1500,30,3,17,9,9,15,"Thursday","Saturday","Web","US","USD","Jan","Tue"
"FALSE",15000,30,7,15,15,15,17,"Saturday","Sunday","Web","US","USD","Dec","Thu"
"FALSE",40000,30,5,10,6,6,14,"Wednesday","Thursday","Web","US","USD","Jan","Mon"
"FALSE",8000,30,3,12,6,6,8,"Thursday","Thursday","Web","NL","EUR","Sep","Tue"
"FALSE",55000,20,1,14,8,8,7,"Wednesday","Saturday","Web","US","USD","Apr","Thu"
"FALSE",1000,30,2,8,0,0,20,"Tuesday","Monday","Web","US","USD","Sep","Sun"
"FALSE",25000,30,7,13,9,9,21,"Thursday","Thursday","Web","SG","SGD","Nov","Tue"
"FALSE",1e+05,21,1,10,15,15,1,"Monday","Sunday","Web","AU","AUD","Feb","Mon"
"FALSE",6000,30,3,13,9,9,10,"Friday","Wednesday","Web","US","USD","Jun","Wed"
"FALSE",250000,35.5356597222222,8,17,22,10,23,"Thursday","Sunday","Web","US","USD","Nov","Wed"
"FALSE",6000,30,7,14,8,8,13,"Sunday","Sunday","Web","US","USD","Dec","Fri"
"FALSE",3500,30,3,13,13,13,21,"Thursday","Thursday","Web","US","USD","Jul","Tue"
"FALSE",1000,10,9,17,9,9,20,"Saturday","Monday","Web","US","USD","Jul","Wed"
"FALSE",35000,60,1,7,13,13,14,"Wednesday","Friday","Web","US","USD","Jul","Sat"
"FALSE",78000,19.3917939814815,5,18,13,22,16,"Tuesday","Thursday","Web","US","USD","Nov","Thu"
"FALSE",10000,60,1,15,23,23,23,"Thursday","Thursday","Web","US","USD","Feb","Sun"
"FALSE",35000,30,6,13,16,16,11,"Friday","Wednesday","Web","GB","GBP","Jul","Wed"
"FALSE",1000,30,4,12,11,11,10,"Wednesday","Friday","Web","GB","GBP","Aug","Mon"
"FALSE",2500,30,3,10,21,21,2,"Friday","Wednesday","Web","US","USD","Jul","Wed"
"FALSE",12000,50,7,14,17,17,23,"Wednesday","Wednesday","Web","US","USD","Dec","Tue"
"FALSE",800,30,3,10,16,16,15,"Friday","Wednesday","Web","US","USD","May","Wed"
"FALSE",150000,45,2,13,20,20,17,"Tuesday","Thursday","Web","US","USD","Jul","Sat"
"FALSE",5000,30,5,9,21,21,22,"Wednesday","Saturday","Web","US","USD","Jul","Mon"
"FALSE",20000,30,2,12,15,15,5,"Sunday","Monday","Web","ES","EUR","May","Fri"
"FALSE",6300,30,8,13,12,12,11,"Saturday","Wednesday","Web","US","USD","Aug","Thu"
"FALSE",475,30,3,12,20,20,9,"Thursday","Monday","Web","US","USD","Apr","Tue"
"FALSE",50,30,6,14,15,15,18,"Sunday","Thursday","Web","US","USD","Jul","Fri"
"FALSE",3000,45,9,16,9,9,13,"Thursday","Saturday","Web","GB","GBP","Feb","Mon"
"FALSE",12000,60,8,14,10,10,5,"Tuesday","Friday","Web","GB","GBP","Aug","Fri"
"FALSE",30000,30,2,12,21,21,1,"Saturday","Wednesday","Web","US","USD","Nov","Thu"
"FALSE",135000,45,6,16,18,18,21,"Monday","Thursday","Web","US","USD","Feb","Fri"
"FALSE",5200,21,6,14,18,18,17,"Tuesday","Saturday","Web","US","USD","Feb","Tue"
"FALSE",100,30,1,20,15,15,7,"Friday","Tuesday","Web","CA","CAD","Jul","Wed"
"FALSE",1e+05,45,6,13,16,16,11,"Thursday","Monday","Web","DK","DKK","Oct","Mon"
"FALSE",6000,30,5,13,16,16,15,"Friday","Wednesday","Web","US","USD","Dec","Wed"
"FALSE",78000,60,5,14,15,15,11,"Friday","Saturday","Web","US","USD","Jul","Mon"
"FALSE",75000,58,6,12,11,11,9,"Tuesday","Friday","Web","US","USD","Aug","Sun"
"FALSE",10000,47.1574074074074,7,13,15,19,18,"Tuesday","Tuesday","Web","US","USD","Apr","Thu"
"FALSE",15000,23.1802662037037,5,13,12,17,14,"Friday","Tuesday","Web","US","USD","Feb","Wed"
"FALSE",12000,30,1,9,18,18,12,"Wednesday","Friday","Web","US","USD","Jun","Mon"
"FALSE",250000,32,2,15,0,0,11,"Saturday","Thursday","Web","GB","GBP","Sep","Tue"
"FALSE",18000,60,4,11,6,6,6,"Saturday","Tuesday","Web","US","USD","Jun","Tue"
"FALSE",10000,30,5,8,7,7,19,"Sunday","Sunday","Web","SE","SEK","Dec","Fri"
"FALSE",400,30,3,14,18,18,16,"Thursday","Monday","Web","US","USD","Apr","Tue"
"FALSE",8000,30,2,7,6,6,2,"Thursday","Tuesday","Web","US","USD","Dec","Tue"
"FALSE",8200,20,2,8,7,7,8,"Sunday","Sunday","Web","IT","EUR","Oct","Mon"
"FALSE",2000,30,2,14,10,10,7,"Wednesday","Friday","Web","US","USD","May","Mon"
"FALSE",50000,30,5,15,10,10,18,"Tuesday","Saturday","Web","US","USD","Mar","Sun"
"FALSE",1e+05,30,3,16,8,8,13,"Wednesday","Friday","Web","NL","EUR","Apr","Mon"
"FALSE",1e+05,60,4,13,11,11,11,"Monday","Tuesday","Web","US","USD","May","Thu"
"FALSE",1300,30,4,7,16,16,11,"Sunday","Tuesday","Web","GB","GBP","May","Fri"
"FALSE",5000,20,5,7,12,12,16,"Sunday","Sunday","Web","CA","CAD","Dec","Mon"
"FALSE",5000,30,2,10,19,19,17,"Sunday","Wednesday","Web","US","USD","Feb","Fri"
"FALSE",25000,10,6,12,15,15,9,"Monday","Thursday","Web","US","USD","Jul","Fri"
"FALSE",15000,30,7,3,11,11,12,"Thursday","Thursday","Web","NL","EUR","Sep","Tue"
"FALSE",60000,30,7,13,15,15,13,"Friday","Friday","Web","GB","GBP","Apr","Wed"
"FALSE",20000,30,4,13,11,11,9,"Thursday","Monday","Web","CA","CAD","Jul","Tue"
"FALSE",30000,45,2,15,11,11,0,"Monday","Sunday","Web","US","USD","Jul","Fri"
"FALSE",1000,53.0015046296296,4,13,2,2,2,"Wednesday","Friday","Web","GB","GBP","Aug","Sat"
"FALSE",15000,30,4,13,17,17,14,"Sunday","Monday","Web","US","USD","Aug","Fri"
"FALSE",12250,60,5,13,15,15,8,"Friday","Tuesday","Web","US","USD","Jul","Mon"
"FALSE",40000,21,6,10,10,10,18,"Tuesday","Monday","Web","US","USD","Mar","Tue"
"FALSE",1e+05,30,6,15,6,6,5,"Tuesday","Tuesday","Web","US","USD","Jul","Sun"
"FALSE",50000,19.0295486111111,1,12,13,14,14,"Sunday","Friday","Web","US","USD","Sep","Tue"
"FALSE",5000,30,1,15,14,14,10,"Wednesday","Thursday","Web","US","USD","Aug","Mon"
"FALSE",5000,25,4,12,3,3,11,"Sunday","Tuesday","Web","US","USD","Jan","Wed"
"FALSE",10000,45,8,21,16,16,16,"Monday","Tuesday","Web","US","USD","Aug","Fri"
"FALSE",3000,30,5,16,20,20,12,"Friday","Tuesday","Web","CA","CAD","Mar","Wed"
"FALSE",300,30,3,6,7,7,16,"Tuesday","Friday","Web","GB","GBP","Oct","Sun"
"FALSE",75000,30,8,9,10,10,17,"Saturday","Wednesday","Web","US","USD","Sep","Thu"
"FALSE",15000,16.2825462962963,8,15,16,22,19,"Wednesday","Saturday","Web","US","USD","Jul","Mon"
"FALSE",17500,30,4,17,14,14,0,"Sunday","Friday","Web","US","USD","Jan","Fri"
"FALSE",75000,30,1,13,10,10,10,"Thursday","Friday","Web","US","USD","Feb","Tue"
"FALSE",240000,42,7,13,17,17,12,"Sunday","Sunday","Web","US","USD","Jul","Sun"
"FALSE",77000,60,6,13,16,16,5,"Saturday","Tuesday","Web","CA","CAD","Mar","Tue"
"FALSE",30000,30,5,13,10,10,18,"Wednesday","Friday","Web","US","USD","Jun","Mon"
"FALSE",18000,29.1608796296296,4,9,12,16,7,"Tuesday","Friday","Web","GB","GBP","Nov","Mon"
"FALSE",5000,14,6,14,15,15,13,"Wednesday","Tuesday","Web","US","USD","Jul","Wed"
"FALSE",3000,30,6,14,9,9,17,"Thursday","Monday","Web","CA","CAD","Dec","Tue"
"FALSE",500,30,1,11,8,8,7,"Wednesday","Monday","Web","US","USD","Apr","Mon"
"FALSE",2000,42.6063541666667,3,12,2,16,16,"Saturday","Friday","Web","US","USD","Jan","Sat"
"FALSE",50000,30,6,13,15,15,22,"Sunday","Tuesday","Web","CA","CAD","Feb","Fri"
"FALSE",350000,30,6,12,3,3,6,"Friday","Wednesday","Web","SE","SEK","Dec","Wed"
"FALSE",50000,30,5,12,18,18,9,"Wednesday","Sunday","Web","US","USD","Jun","Mon"
"FALSE",25000,30,1,13,9,9,11,"Friday","Tuesday","Web","US","USD","Sep","Wed"
"FALSE",20000,26.987974537037,6,12,20,20,18,"Sunday","Wednesday","Web","US","USD","Aug","Mon"
"FALSE",20000,32.405,6,8,9,18,6,"Sunday","Thursday","Web","GB","GBP","Feb","Wed"
"FALSE",2000,60,1,9,10,10,8,"Saturday","Friday","Web","US","USD","Mar","Tue"
"FALSE",15000,30,6,11,23,23,23,"Saturday","Sunday","Web","NL","EUR","Nov","Thu"
"FALSE",6000,30,2,10,2,2,19,"Friday","Monday","Web","US","USD","Aug","Wed"
"FALSE",5400,30,5,16,13,13,15,"Friday","Monday","Web","US","USD","Feb","Wed"
"FALSE",1500,30,1,7,9,9,10,"Saturday","Monday","Web","NL","EUR","May","Thu"
"FALSE",9000,21.886875,3,15,14,12,17,"Friday","Monday","Web","US","USD","Aug","Thu"
"FALSE",10000,30,1,13,3,3,10,"Thursday","Monday","Web","GB","GBP","Jun","Tue"
"FALSE",1e+05,28,1,12,15,15,4,"Thursday","Wednesday","Web","NL","EUR","Jun","Thu"
"FALSE",1e+05,30,6,11,11,11,8,"Friday","Friday","Web","CA","CAD","Jul","Wed"
"FALSE",2500,33,5,10,7,7,7,"Tuesday","Tuesday","Web","US","USD","May","Thu"
"FALSE",10000,33,1,14,17,17,20,"Monday","Wednesday","Web","NZ","NZD","Jul","Wed"
"FALSE",8000,30,3,12,20,20,23,"Saturday","Thursday","Web","CA","CAD","Mar","Thu"
"FALSE",2500,47.3594212962963,7,17,14,22,18,"Saturday","Monday","Web","US","USD","Jun","Mon"
"FALSE",500,16.4123842592593,8,16,14,0,19,"Sunday","Thursday","Web","US","USD","Aug","Thu"
"FALSE",30000,18.4742476851852,5,12,11,22,10,"Friday","Friday","Web","US","USD","Oct","Mon"
"FALSE",70000,40,6,8,21,21,1,"Monday","Thursday","Web","AU","AUD","Aug","Wed"
"FALSE",3000,60,6,11,10,10,7,"Tuesday","Saturday","Web","GB","GBP","Dec","Fri"
"FALSE",2000,45,4,7,18,18,15,"Sunday","Thursday","Web","US","USD","Jul","Thu"
"FALSE",575000,60,6,11,0,0,22,"Sunday","Thursday","Web","US","USD","Oct","Wed"
"FALSE",13000,30,2,8,19,19,18,"Friday","Tuesday","Web","US","USD","Jun","Wed"
"FALSE",10000,30,5,10,15,15,16,"Friday","Tuesday","Web","US","USD","Jul","Wed"
"FALSE",6500,30,3,14,12,12,13,"Friday","Monday","Web","US","USD","Jul","Wed"
"FALSE",16000,30,3,11,9,9,4,"Wednesday","Monday","Web","ES","EUR","May","Mon"
"FALSE",100,30,5,14,11,11,16,"Thursday","Friday","Web","US","USD","Jul","Tue"
"FALSE",160000,30,5,12,22,22,13,"Wednesday","Thursday","Web","US","USD","Jun","Mon"
"FALSE",7e+05,45,3,16,15,15,11,"Thursday","Thursday","Web","US","USD","Jul","Mon"
"FALSE",5500,30,7,14,12,12,3,"Thursday","Wednesday","Web","GB","GBP","Jul","Tue"
"FALSE",19200,29.907349537037,6,13,19,17,22,"Tuesday","Wednesday","Web","US","USD","Aug","Sun"
"FALSE",1000,30,6,16,23,23,22,"Monday","Saturday","Web","US","USD","Nov","Sat"
"FALSE",8000,40,5,9,10,10,4,"Saturday","Monday","Web","IT","EUR","Dec","Mon"
"FALSE",3500,30,6,20,10,10,19,"Saturday","Saturday","Web","US","USD","Aug","Thu"
"FALSE",80000,30,7,16,8,8,18,"Friday","Thursday","Web","US","USD","Oct","Wed"
"FALSE",5000,33.2939236111111,3,13,16,23,22,"Wednesday","Wednesday","Web","US","USD","Oct","Fri"
"FALSE",25000,30,2,17,16,16,13,"Saturday","Friday","Web","US","USD","Oct","Thu"
"FALSE",2e+05,60,1,12,0,0,5,"Saturday","Thursday","Web","AU","AUD","Jul","Tue"
"FALSE",40000,30,6,7,16,16,5,"Wednesday","Friday","Web","NZ","NZD","Jun","Mon"
"FALSE",20000,32,7,12,23,23,17,"Tuesday","Saturday","Web","US","USD","Dec","Fri"
"FALSE",15000,22.8803356481481,5,9,7,5,10,"Friday","Monday","Web","BE","EUR","Nov","Wed"
"FALSE",14000,22.007974537037,1,17,4,4,4,"Wednesday","Monday","Web","US","USD","Sep","Tue"
"FALSE",7110,30,6,17,18,18,0,"Friday","Sunday","Web","CA","CAD","Mar","Wed"
"FALSE",30000,30,5,12,13,13,13,"Friday","Thursday","Web","US","USD","Aug","Wed"
"FALSE",10000,60,6,18,23,23,9,"Friday","Saturday","Web","AU","AUD","Aug","Mon"
"FALSE",12000,29.4532986111111,2,16,12,22,19,"Wednesday","Friday","Web","US","USD","Sep","Tue"
"FALSE",85000,30.9783333333333,10,11,14,14,13,"Monday","Sunday","Web","US","USD","Oct","Fri"
"FALSE",3500,60,5,8,23,23,21,"Tuesday","Tuesday","Web","US","USD","Mar","Fri"
"FALSE",150000,35,3,11,9,9,10,"Tuesday","Tuesday","Web","US","USD","Mar","Tue"
"FALSE",75000,25,7,15,15,15,12,"Tuesday","Tuesday","Web","US","USD","Jan","Fri"
"FALSE",25000,30,1,12,9,9,12,"Sunday","Tuesday","Web","US","USD","Oct","Fri"
"FALSE",1900,31,9,17,11,11,21,"Saturday","Saturday","Web","IT","EUR","Oct","Wed"
"FALSE",700,18,2,10,17,17,0,"Sunday","Tuesday","Web","US","USD","Jul","Wed"
"FALSE",50000,55.9041319444444,1,7,2,0,0,"Thursday","Friday","Web","US","USD","Nov","Thu"
"FALSE",30000,32.1176851851852,6,13,23,1,16,"Friday","Wednesday","Web","US","USD","Jun","Sun"
"FALSE",45000,41.9039351851852,4,11,15,13,10,"Sunday","Friday","Web","DE","EUR","Oct","Sun"
"FALSE",55000,55.5196643518519,8,16,14,2,21,"Friday","Monday","Web","AU","AUD","Feb","Fri"
"FALSE",2000,21,7,14,13,13,22,"Sunday","Tuesday","Web","US","USD","Jan","Sun"
"FALSE",6000,20,6,11,16,16,19,"Sunday","Sunday","Web","US","USD","Mar","Mon"
"FALSE",95000,30.0913541666667,3,11,14,16,8,"Sunday","Saturday","Web","IT","EUR","Dec","Fri"
"FALSE",5000,30,3,8,12,12,15,"Friday","Sunday","Web","CA","CAD","Feb","Wed"
"FALSE",2000,31.1332638888889,6,15,10,14,6,"Monday","Monday","Web","DE","EUR","Aug","Fri"
"FALSE",10000,30,6,13,3,3,4,"Wednesday","Sunday","Web","GB","GBP","Jan","Mon"
"FALSE",8000,30,3,15,11,11,6,"Thursday","Wednesday","Web","IT","EUR","Oct","Tue"
"FALSE",60000,30,1,8,3,3,6,"Saturday","Friday","Web","GB","GBP","Jul","Thu"
"FALSE",150000,60,7,13,13,13,1,"Saturday","Wednesday","Web","GB","GBP","May","Tue"
"FALSE",1000,30,3,13,14,14,13,"Monday","Saturday","Web","GB","GBP","May","Sat"
"FALSE",175000,60,1,16,15,15,20,"Friday","Monday","Web","US","USD","Oct","Mon"
"FALSE",30000,35,4,15,14,14,13,"Monday","Monday","Web","US","USD","Feb","Mon"
"FALSE",500,30,5,16,9,9,21,"Thursday","Wednesday","Web","US","USD","Jul","Tue"
"FALSE",20000,35,6,10,14,14,13,"Tuesday","Saturday","Web","GB","GBP","Dec","Tue"
"FALSE",4500,23,3,14,21,21,21,"Wednesday","Monday","Web","US","USD","May","Mon"
"FALSE",50000,30,7,15,16,16,21,"Thursday","Friday","Web","US","USD","Jun","Tue"
"FALSE",3000,30,1,13,18,18,16,"Thursday","Sunday","Web","US","USD","Jul","Tue"
"FALSE",25000,60,5,12,4,4,7,"Saturday","Tuesday","Web","US","USD","Dec","Tue"
"FALSE",375000,60,2,15,18,18,22,"Sunday","Wednesday","Web","US","USD","Aug","Wed"
"FALSE",750000,30,5,11,16,16,14,"Saturday","Tuesday","Web","CA","CAD","Aug","Thu"
"FALSE",90000,30,3,16,11,11,12,"Sunday","Thursday","Web","CA","CAD","Feb","Fri"
"FALSE",95000,30,8,9,19,19,20,"Thursday","Wednesday","Web","US","USD","Sep","Tue"
"FALSE",2500,31.5306712962963,7,12,10,22,16,"Saturday","Tuesday","Web","US","USD","Jul","Wed"
"FALSE",5000,35.7328240740741,8,12,7,1,9,"Saturday","Friday","Web","US","USD","Jan","Fri"
"FALSE",3500,30,4,15,13,13,12,"Wednesday","Sunday","Web","GB","GBP","Aug","Mon"
"FALSE",3000,60,9,19,13,13,7,"Monday","Monday","Web","GB","GBP","Aug","Thu"
"FALSE",150000,30,2,5,18,18,7,"Wednesday","Friday","Web","AU","AUD","Jul","Mon"
"FALSE",10000,30,5,11,20,20,4,"Thursday","Friday","Web","US","USD","Jun","Tue"
"FALSE",3000,30,1,11,11,11,10,"Monday","Saturday","Web","CA","CAD","Feb","Sat"
"FALSE",2e+05,33,8,15,23,23,10,"Friday","Monday","Web","US","USD","Apr","Sun"
"FALSE",3500,27.9991550925926,1,3,20,20,9,"Tuesday","Wednesday","Web","US","USD","Sep","Tue"
"FALSE",4500,45,1,17,12,12,1,"Monday","Thursday","Web","US","USD","Jul","Fri"
"FALSE",40000,60,1,6,17,17,20,"Friday","Thursday","Web","AU","AUD","Jun","Mon"
"FALSE",20000,30,7,15,14,14,9,"Thursday","Wednesday","Web","US","USD","Jan","Tue"
"FALSE",3200,30,2,7,19,19,14,"Sunday","Friday","Web","US","USD","Nov","Fri"
"FALSE",1000,60,3,15,19,19,17,"Saturday","Saturday","Web","US","USD","Aug","Tue"
"FALSE",220000,51,6,13,5,5,6,"Friday","Wednesday","Web","US","USD","Aug","Wed"
"FALSE",20000,30,9,16,17,17,17,"Sunday","Monday","Web","GB","GBP","Jun","Fri"
"FALSE",10000,29.0363657407407,3,13,0,1,14,"Tuesday","Friday","Web","US","USD","Mar","Mon"
"FALSE",45000,30,4,13,7,7,4,"Wednesday","Tuesday","Web","GB","GBP","Nov","Mon"
"FALSE",10000,30,5,12,4,4,8,"Friday","Tuesday","Web","GB","GBP","Sep","Wed"
"FALSE",10000,60,6,12,12,12,23,"Monday","Wednesday","Web","US","USD","Mar","Thu"
"FALSE",20000,30,4,12,4,4,7,"Friday","Sunday","Web","US","USD","Apr","Wed"
"FALSE",35750,34.3459606481482,1,12,14,22,12,"Friday","Tuesday","Web","US","USD","Jul","Sat"
"FALSE",2000,30,2,5,15,15,2,"Tuesday","Thursday","Web","US","USD","Jul","Sun"
"FALSE",20000,30,5,10,16,16,4,"Wednesday","Wednesday","Web","US","USD","Sep","Mon"
"FALSE",10000,45,4,14,10,10,10,"Monday","Thursday","Web","IT","EUR","Dec","Fri"
"FALSE",7500,21,2,17,11,11,9,"Wednesday","Wednesday","Web","US","USD","Apr","Wed"
"FALSE",5e+05,45,3,14,21,21,0,"Monday","Monday","Web","AU","AUD","May","Fri"
"FALSE",4000,30,3,13,16,16,19,"Thursday","Wednesday","Web","US","USD","Mar","Tue"
"FALSE",50000,45,3,16,15,15,14,"Thursday","Tuesday","Web","US","USD","Mar","Mon"
"FALSE",10000,20,3,13,10,10,16,"Sunday","Saturday","Web","US","USD","Nov","Mon"
"FALSE",1250,30,5,12,12,12,5,"Monday","Thursday","Web","US","USD","May","Sat"
"FALSE",300,30,3,17,11,11,10,"Sunday","Friday","Web","CA","CAD","Jul","Fri"
"FALSE",20000,30,4,12,10,10,11,"Saturday","Wednesday","Web","US","USD","Oct","Thu"
"FALSE",34500,30,6,14,10,10,8,"Wednesday","Thursday","Web","US","USD","Feb","Mon"
"FALSE",20000,30,4,12,9,9,5,"Thursday","Sunday","Web","CH","CHF","Jun","Tue"
"FALSE",9000,30,1,13,16,16,1,"Saturday","Wednesday","Web","US","USD","Mar","Thu"
"FALSE",2000,30,9,18,14,14,14,"Thursday","Tuesday","Web","CA","CAD","May","Tue"
"FALSE",10000,30,5,17,23,23,11,"Wednesday","Sunday","Web","CA","CAD","Jul","Mon"
"FALSE",3500,30,3,10,19,19,16,"Saturday","Tuesday","Web","US","USD","Jul","Thu"
"FALSE",40000,30,6,11,21,21,14,"Wednesday","Sunday","Web","US","USD","Aug","Mon"
"FALSE",30000,21,5,14,11,11,21,"Monday","Thursday","Web","US","USD","Feb","Mon"
"FALSE",5000,30,4,13,11,11,19,"Wednesday","Thursday","Web","US","USD","Jul","Mon"
"FALSE",8000,60,4,16,10,10,23,"Saturday","Tuesday","Web","CA","CAD","Jul","Tue"
"FALSE",40000,30,2,16,20,20,18,"Wednesday","Monday","Web","CA","CAD","Feb","Mon"
"FALSE",20000,28.3560069444444,7,12,12,21,13,"Thursday","Wednesday","Web","US","USD","Jul","Thu"
"FALSE",2000,60,2,8,14,14,16,"Tuesday","Wednesday","Web","US","USD","May","Fri"
"FALSE",100,60,5,12,13,13,16,"Saturday","Friday","Web","US","USD","Sep","Tue"
"FALSE",25000,30,2,12,15,15,20,"Saturday","Wednesday","Web","US","USD","Feb","Thu"
"FALSE",10900,20,5,13,23,23,14,"Wednesday","Tuesday","Web","US","USD","Mar","Thu"
"FALSE",14750,35,7,25,18,18,12,"Monday","Wednesday","Web","DE","EUR","Nov","Mon"
"FALSE",50000,30,4,12,21,21,22,"Friday","Wednesday","Web","US","USD","Nov","Wed"
"FALSE",30000,30,1,13,11,11,15,"Friday","Sunday","Web","GB","GBP","Dec","Wed"
"FALSE",80000,30,5,15,14,14,1,"Friday","Tuesday","Web","US","USD","Sep","Wed"
"FALSE",3800,46.9980555555556,1,20,12,12,6,"Tuesday","Wednesday","Web","GB","GBP","Aug","Thu"
"FALSE",54850,28,7,19,2,2,23,"Wednesday","Wednesday","Web","US","USD","Sep","Wed"
"FALSE",5000,13.1454050925926,3,10,3,6,6,"Sunday","Saturday","Web","AU","AUD","Dec","Mon"
"FALSE",5000,21,7,13,16,16,13,"Wednesday","Sunday","Web","US","USD","May","Wed"
"FALSE",28000,45,5,11,15,15,0,"Thursday","Friday","Web","US","USD","May","Mon"
"FALSE",75000,30,1,9,22,22,0,"Saturday","Monday","Web","US","USD","Aug","Thu"
"FALSE",5000,30,4,13,14,14,11,"Wednesday","Saturday","Web","US","USD","Dec","Mon"
"FALSE",5555,30,8,14,3,3,5,"Saturday","Tuesday","Web","DE","EUR","Aug","Thu"
"FALSE",4000,60,4,15,12,12,22,"Monday","Wednesday","Web","US","USD","Apr","Thu"
"FALSE",10000,32.8139236111111,9,16,10,6,21,"Monday","Monday","Web","GB","GBP","Jan","Wed"
"FALSE",5300,31.3494675925926,3,13,8,17,17,"Sunday","Sunday","Web","US","USD","May","Thu"
"FALSE",21000,30,6,10,14,14,6,"Wednesday","Thursday","Web","US","USD","Sep","Mon"
"FALSE",25000,30,5,12,9,9,15,"Friday","Saturday","Web","US","USD","Oct","Wed"
"FALSE",1000,25,7,12,21,21,21,"Friday","Saturday","Web","CA","CAD","Nov","Mon"
"FALSE",10000,60,3,16,19,19,8,"Friday","Monday","Web","US","USD","Sep","Mon"
"FALSE",20000,26.9637152777778,9,14,16,15,22,"Tuesday","Sunday","Web","US","USD","Apr","Wed"
"FALSE",60000,60,2,12,17,17,12,"Thursday","Tuesday","Web","US","USD","Nov","Sun"
"FALSE",30000,30,7,13,19,19,12,"Thursday","Thursday","Web","US","USD","Oct","Tue"
"FALSE",80000,30,5,7,11,11,17,"Thursday","Tuesday","Web","US","USD","Oct","Tue"
"FALSE",7500,10.2108912037037,7,14,13,19,12,"Monday","Thursday","Web","US","USD","Jul","Fri"
"FALSE",50000,60,5,12,17,17,13,"Monday","Wednesday","Web","US","USD","Feb","Thu"
"FALSE",900,30,6,12,22,22,11,"Friday","Monday","Web","US","USD","Sep","Wed"
"FALSE",5000,30,4,14,3,3,21,"Thursday","Thursday","Web","AU","AUD","Oct","Tue"
"FALSE",500,30,1,16,20,20,22,"Wednesday","Tuesday","Web","US","USD","Apr","Mon"
"FALSE",50000,30,1,13,11,11,8,"Thursday","Monday","Web","IT","EUR","Jan","Tue"
"FALSE",10000,7,5,18,18,18,8,"Monday","Monday","Web","US","USD","Apr","Mon"
"FALSE",30000,30,6,9,10,10,16,"Thursday","Sunday","Web","GB","GBP","Jun","Tue"
"FALSE",500,38.9978472222222,8,13,21,21,18,"Monday","Monday","Web","US","USD","Feb","Thu"
"FALSE",35000,30,8,17,10,10,11,"Wednesday","Tuesday","Web","CA","CAD","Jul","Mon"
"FALSE",22000,37.2895023148148,7,12,19,1,15,"Thursday","Saturday","Web","US","USD","Nov","Mon"
"FALSE",300,60,1,13,12,12,21,"Sunday","Tuesday","Web","US","USD","Apr","Wed"
"FALSE",250000,60,2,6,14,14,20,"Friday","Tuesday","Web","MX","MXN","Dec","Mon"
"FALSE",3500,30,6,12,11,11,13,"Sunday","Wednesday","Web","US","USD","Aug","Fri"
"FALSE",25000,30,2,14,7,7,21,"Wednesday","Tuesday","Web","US","USD","Sep","Mon"
"FALSE",5000,30,9,14,9,9,7,"Wednesday","Monday","Web","CA","CAD","Feb","Mon"
"FALSE",30000,60,10,19,4,4,14,"Sunday","Wednesday","Web","DE","EUR","Jul","Wed"
"FALSE",10000,30,5,14,13,13,19,"Wednesday","Saturday","Web","US","USD","Mar","Mon"
"FALSE",25000,30,1,15,3,3,10,"Wednesday","Saturday","Web","GB","GBP","Apr","Mon"
"FALSE",10000,30,3,10,18,18,12,"Saturday","Tuesday","Web","CA","CAD","Mar","Thu"
"FALSE",200,30,5,11,17,17,4,"Sunday","Thursday","Web","GB","GBP","Dec","Fri"
"FALSE",50000,30,5,13,10,10,16,"Monday","Saturday","Web","US","USD","Oct","Sat"
"FALSE",50000,45,9,11,12,12,8,"Saturday","Thursday","Web","US","USD","Oct","Wed"
"FALSE",5000,34.0099189814815,5,11,12,12,12,"Monday","Thursday","Web","US","USD","Aug","Tue"
"FALSE",700,26.0860763888889,6,13,19,21,20,"Friday","Sunday","Web","US","USD","Oct","Sun"
"FALSE",500,21.9234143518519,3,16,15,14,12,"Wednesday","Friday","Web","US","USD","Dec","Tue"
"FALSE",5000,58.3728587962963,3,14,22,7,7,"Friday","Sunday","Web","US","USD","Sep","Tue"
"FALSE",10000,30,4,14,13,13,17,"Wednesday","Friday","Web","FR","EUR","Jan","Mon"
"FALSE",35000,30,7,14,10,10,7,"Thursday","Saturday","Web","US","USD","Jul","Tue"
"FALSE",5220,30,1,12,13,13,17,"Sunday","Monday","Web","US","USD","Sep","Fri"
"FALSE",29000,38,5,12,11,11,16,"Friday","Sunday","Web","US","USD","Nov","Tue"
"FALSE",5000,36.4300694444444,1,7,11,22,12,"Friday","Tuesday","Web","US","USD","Aug","Thu"
"FALSE",10000,58.4392013888889,5,14,6,16,15,"Sunday","Sunday","Web","US","USD","Dec","Fri"
"FALSE",1000,30,6,14,22,22,18,"Wednesday","Monday","Web","US","USD","Aug","Mon"
"FALSE",75000,59,5,5,15,15,10,"Sunday","Thursday","Web","US","USD","May","Thu"
"FALSE",50000,30,3,12,2,2,22,"Tuesday","Wednesday","Web","US","USD","Jul","Sun"
"FALSE",1500,15,7,16,19,19,12,"Tuesday","Monday","Web","CA","CAD","Apr","Mon"
"FALSE",29000,30,6,11,12,12,1,"Tuesday","Monday","Web","US","USD","Feb","Sun"
"FALSE",2500,50,1,17,19,19,21,"Monday","Tuesday","Web","GB","GBP","Apr","Sun"
"FALSE",10000,30,2,13,8,8,6,"Monday","Friday","Web","GB","GBP","Jul","Sat"
"FALSE",2e+05,30,4,11,11,11,12,"Saturday","Wednesday","Web","US","USD","May","Thu"
"FALSE",9500,28,8,17,10,10,12,"Thursday","Tuesday","Web","CA","CAD","Oct","Thu"
"FALSE",10000,30,7,11,3,3,16,"Tuesday","Monday","Web","CA","CAD","Nov","Sun"
"FALSE",1e+05,45,3,9,1,1,9,"Sunday","Wednesday","Web","GB","GBP","Apr","Thu"
"FALSE",11200,30,3,14,15,15,15,"Sunday","Wednesday","Web","GB","GBP","Dec","Fri"
"FALSE",5000,20,2,14,14,14,14,"Sunday","Wednesday","Web","US","USD","Jul","Mon"
"FALSE",1e+05,30,1,17,15,15,9,"Saturday","Wednesday","Web","US","USD","May","Thu"
"FALSE",1900,29.9039699074074,3,14,8,6,8,"Thursday","Friday","Web","GB","GBP","Aug","Tue"
"FALSE",6000,25,1,9,16,16,13,"Friday","Thursday","Web","DE","EUR","Nov","Mon"
"FALSE",50000,60,4,8,20,20,12,"Friday","Thursday","Web","CA","CAD","Sep","Mon"
"FALSE",5000,30,2,8,19,19,17,"Thursday","Monday","Web","US","USD","Aug","Tue"
"FALSE",30000,38,5,7,2,2,2,"Sunday","Monday","Web","IT","EUR","Feb","Thu"
"FALSE",55,30,4,13,19,19,1,"Friday","Wednesday","Web","US","USD","Apr","Wed"
"FALSE",2000,30,3,18,9,9,9,"Sunday","Thursday","Web","US","USD","Aug","Fri"
"FALSE",500,30,7,12,15,15,6,"Thursday","Monday","Web","GB","GBP","Mar","Tue"
"FALSE",15500,60,3,14,15,15,9,"Friday","Saturday","Web","US","USD","Apr","Mon"
"FALSE",10000,21,1,9,16,16,20,"Tuesday","Friday","Web","US","USD","Jan","Tue"
"FALSE",1000,30,1,12,2,2,2,"Saturday","Monday","Web","GB","GBP","Apr","Thu"
"FALSE",35000,31.582662037037,1,18,5,19,23,"Monday","Wednesday","Web","US","USD","Aug","Fri"
"FALSE",250000,40,4,17,23,23,6,"Tuesday","Monday","Web","US","USD","Dec","Thu"
"FALSE",3e+05,30,1,10,21,21,17,"Saturday","Wednesday","Web","US","USD","Jul","Thu"
"FALSE",15000,29,4,15,7,7,6,"Thursday","Friday","Web","GB","GBP","Jul","Wed"
"FALSE",15000,30,1,14,15,15,7,"Tuesday","Sunday","Web","GB","GBP","Sep","Sun"
"FALSE",3500,10,1,8,14,14,11,"Saturday","Tuesday","Web","NL","EUR","May","Wed"
"FALSE",18000,45,5,15,15,15,17,"Saturday","Wednesday","Web","US","USD","Oct","Wed"
"FALSE",20000,30,8,11,6,6,11,"Wednesday","Sunday","Web","US","USD","Aug","Mon"
"FALSE",50000,30,3,13,21,21,16,"Wednesday","Monday","Web","US","USD","Aug","Mon"
"FALSE",1500,30,3,13,10,10,12,"Friday","Sunday","Web","IE","EUR","Nov","Wed"
"FALSE",15000,28.4362037037037,6,12,15,2,1,"Tuesday","Sunday","Web","US","USD","Dec","Mon"
"FALSE",50000,30,3,16,20,20,23,"Wednesday","Monday","Web","US","USD","May","Mon"
"FALSE",5000,40,3,12,15,15,17,"Saturday","Friday","Web","US","USD","Sep","Mon"
"FALSE",3500,30.3445138888889,4,11,14,22,11,"Thursday","Thursday","Web","US","USD","Oct","Tue"
"FALSE",3000,30,1,10,11,11,4,"Wednesday","Saturday","Web","CH","CHF","Feb","Mon"
"FALSE",8000,30,9,16,20,20,7,"Thursday","Monday","Web","FR","EUR","May","Tue"
"FALSE",30000,24.6867708333333,8,17,0,16,15,"Saturday","Thursday","Web","US","USD","Mar","Wed"
"FALSE",25000,30,9,14,22,22,12,"Tuesday","Thursday","Web","CA","CAD","Feb","Sun"
"FALSE",5000,19.6770138888889,2,15,13,6,10,"Sunday","Thursday","Web","GB","GBP","Aug","Mon"
"FALSE",30000,30,2,12,13,13,11,"Friday","Friday","Web","US","USD","Apr","Wed"
"FALSE",3500,50,6,12,20,20,22,"Wednesday","Monday","Web","US","USD","Jul","Tue"
"FALSE",1000,34.2709027777778,5,8,17,0,13,"Monday","Monday","Web","US","USD","Apr","Mon"
"FALSE",10000,30,2,7,11,11,16,"Thursday","Monday","Web","US","USD","Oct","Tue"
"FALSE",10000,30,3,15,19,19,10,"Thursday","Tuesday","Web","US","USD","Mar","Tue"
"FALSE",650,30,6,13,10,10,21,"Saturday","Friday","Web","GB","GBP","Feb","Thu"
"FALSE",1000,30,4,13,11,11,11,"Friday","Tuesday","Web","US","USD","Aug","Wed"
"FALSE",2500000,60,8,12,19,19,22,"Tuesday","Thursday","Web","US","USD","Mar","Fri"
"FALSE",1000,20,1,16,11,11,9,"Sunday","Friday","Web","GB","GBP","Jul","Mon"
"FALSE",4000,25,4,12,18,18,9,"Saturday","Monday","Web","IE","EUR","Oct","Tue"
"FALSE",10000,30,6,12,22,22,14,"Wednesday","Saturday","Web","AU","AUD","Aug","Mon"
"FALSE",10000,15,5,15,6,6,3,"Thursday","Sunday","Web","IT","EUR","Mar","Wed"
"FALSE",40000,30,5,12,13,13,12,"Saturday","Tuesday","Web","US","USD","Sep","Thu"
"FALSE",50000,15,8,15,10,10,16,"Thursday","Wednesday","Web","CA","CAD","Apr","Wed"
"FALSE",5000,30,6,12,12,12,9,"Thursday","Monday","Web","ES","EUR","Nov","Tue"
"FALSE",250,60,2,13,17,17,12,"Monday","Wednesday","Web","CA","CAD","Oct","Thu"
"FALSE",60000,30,7,16,12,12,21,"Thursday","Sunday","Web","US","USD","Jul","Tue"
"FALSE",3e+05,30,1,7,2,2,4,"Thursday","Wednesday","Web","FR","EUR","Jan","Tue"
"FALSE",12000,60,7,15,11,11,21,"Saturday","Friday","Web","US","USD","Feb","Tue"
"FALSE",25000,30,5,13,14,14,3,"Thursday","Wednesday","Web","DK","DKK","Nov","Tue"
"FALSE",10000,31,6,8,13,13,16,"Thursday","Monday","Web","GB","GBP","Jun","Mon"
"FALSE",1e+05,33.5740393518519,8,16,12,1,20,"Sunday","Monday","Web","US","USD","Nov","Mon"
"FALSE",50000,30,10,11,9,9,8,"Saturday","Tuesday","Web","FR","EUR","Jul","Thu"
"FALSE",55000,45,1,8,9,9,10,"Tuesday","Thursday","Web","FR","EUR","Sep","Sat"
"FALSE",25000,30,1,7,11,11,10,"Sunday","Thursday","Web","US","USD","Sep","Fri"
"FALSE",1e+07,59.4288657407407,4,11,2,12,12,"Tuesday","Friday","Web","GB","GBP","Nov","Sat"
"FALSE",8000,28.5645833333333,1,24,10,0,22,"Friday","Tuesday","Web","ES","EUR","Oct","Thu"
"FALSE",22000,35,7,19,7,7,5,"Monday","Saturday","Web","US","USD","Oct","Mon"
"FALSE",25000,30,1,10,12,12,10,"Friday","Wednesday","Web","GB","GBP","Dec","Wed"
"FALSE",1e+05,31.7992592592593,2,18,10,5,3,"Sunday","Sunday","Web","ES","EUR","Dec","Wed"
"FALSE",3000,30,4,15,14,14,2,"Sunday","Friday","Web","US","USD","Jun","Fri"
"FALSE",8000,15,2,20,13,13,7,"Tuesday","Sunday","Web","FR","EUR","Nov","Mon"
"FALSE",7000,30,1,13,8,8,2,"Friday","Sunday","Web","ES","EUR","Apr","Wed"
"FALSE",39000,59.9180092592593,6,4,15,13,13,"Friday","Saturday","Web","GB","GBP","Feb","Mon"
"FALSE",120000,30,4,12,0,0,17,"Friday","Saturday","Web","US","USD","Jul","Wed"
"FALSE",75000,60,3,13,10,10,23,"Saturday","Tuesday","Web","US","USD","Sep","Tue"
"FALSE",15000,60,5,10,16,16,15,"Tuesday","Wednesday","Web","US","USD","Jun","Fri"
"FALSE",50000,30,2,11,11,11,23,"Thursday","Sunday","Web","US","USD","May","Tue"
"FALSE",50000,40,1,13,20,20,15,"Saturday","Wednesday","Web","US","USD","Dec","Mon"
"FALSE",50000,30,3,14,16,16,20,"Sunday","Saturday","Web","CA","CAD","Nov","Fri"
"FALSE",30000,30,2,17,14,14,3,"Saturday","Thursday","Web","GB","GBP","Apr","Thu"
"FALSE",40000,60,5,15,18,18,13,"Saturday","Tuesday","Web","US","USD","Sep","Tue"
"FALSE",12500,60,4,7,9,9,22,"Wednesday","Sunday","Web","US","USD","Oct","Sat"
"FALSE",3000,30,6,13,18,18,22,"Wednesday","Sunday","Web","US","USD","Jun","Mon"
"FALSE",10000,23.8321064814815,4,9,18,14,18,"Monday","Wednesday","Web","US","USD","Dec","Fri"
"FALSE",10000,30,2,15,5,5,4,"Thursday","Tuesday","Web","US","USD","Nov","Tue"
"FALSE",52500,40,1,9,8,8,11,"Tuesday","Wednesday","Web","DE","EUR","Jul","Thu"
"FALSE",10000,30,3,15,6,6,8,"Thursday","Sunday","Web","US","USD","Dec","Tue"
"FALSE",30000,60,1,20,9,9,9,"Friday","Thursday","Web","MX","MXN","Nov","Mon"
"FALSE",60000,60,5,15,14,14,20,"Saturday","Friday","Web","CA","CAD","Jul","Tue"
"FALSE",7500,34.5121064814815,8,14,11,23,11,"Sunday","Tuesday","Web","US","USD","Nov","Mon"
"FALSE",100,30,4,9,16,16,15,"Wednesday","Thursday","Web","IT","EUR","Mar","Mon"
"FALSE",30000,30,7,10,12,12,10,"Wednesday","Wednesday","Web","IE","EUR","Jan","Mon"
"FALSE",2500,30,7,15,20,20,10,"Wednesday","Tuesday","Web","US","USD","Sep","Mon"
"FALSE",50000,30,4,12,12,12,14,"Thursday","Monday","Web","US","USD","Apr","Tue"
"FALSE",1e+05,30,5,15,13,13,14,"Wednesday","Thursday","Web","US","USD","Jan","Mon"
"FALSE",150000,30,7,14,6,6,4,"Friday","Sunday","Web","IT","EUR","Jun","Wed"
"FALSE",20000,30,2,12,12,12,7,"Wednesday","Thursday","Web","GB","GBP","Jul","Mon"
"FALSE",50000,39.1667476851852,9,18,14,19,16,"Friday","Thursday","Web","US","USD","Apr","Mon"
"FALSE",250000,30,1,15,2,2,20,"Saturday","Saturday","Web","AU","AUD","Jun","Thu"
"FALSE",1000,30,2,11,16,16,21,"Wednesday","Friday","Web","US","USD","Nov","Mon"
"FALSE",10000,30,1,12,0,0,15,"Friday","Monday","Web","US","USD","Sep","Wed"
"FALSE",3000,30,4,15,18,18,11,"Sunday","Sunday","Web","US","USD","Jan","Fri"
"FALSE",1500,30,5,8,11,11,14,"Sunday","Sunday","Web","ES","EUR","Aug","Fri"
"FALSE",1000,30,6,14,9,9,15,"Thursday","Thursday","Web","US","USD","Dec","Tue"
"FALSE",4000,30,7,15,10,10,22,"Friday","Monday","Web","US","USD","Aug","Wed"
"FALSE",150000,60,5,14,15,15,14,"Saturday","Wednesday","Web","US","USD","Sep","Tue"
"FALSE",50000,60,8,7,9,9,4,"Saturday","Thursday","Web","IT","EUR","Nov","Tue"
"FALSE",3000,30,1,9,10,10,12,"Wednesday","Wednesday","Web","US","USD","Feb","Mon"
"FALSE",50000,30,1,5,13,13,19,"Wednesday","Friday","Web","FR","EUR","Jul","Mon"
"FALSE",25000,30,1,14,10,10,5,"Thursday","Friday","Web","NO","NOK","Jun","Tue"
"FALSE",2000,30,12,11,11,11,7,"Thursday","Sunday","Web","GB","GBP","Dec","Tue"
"FALSE",3750,30,4,8,8,8,13,"Saturday","Wednesday","Web","US","USD","Oct","Thu"
"FALSE",20000,30,6,17,15,15,5,"Wednesday","Tuesday","Web","US","USD","May","Mon"
"FALSE",80000,59.9810648148148,2,7,16,15,15,"Monday","Thursday","Web","US","USD","Oct","Thu"
"FALSE",60000,30,1,14,12,12,16,"Friday","Monday","Web","GB","GBP","Nov","Wed"
"FALSE",10000,30,4,13,21,21,1,"Wednesday","Friday","Web","NL","EUR","Nov","Mon"
"FALSE",50000,50,3,13,10,10,8,"Saturday","Wednesday","Web","IT","EUR","Feb","Fri"
"FALSE",12000,30,7,18,21,21,14,"Thursday","Thursday","Web","US","USD","Dec","Tue"
"FALSE",5000,30,4,15,8,8,9,"Wednesday","Friday","Web","US","USD","Feb","Mon"
"FALSE",20000,30,7,11,10,10,11,"Saturday","Wednesday","Web","BE","EUR","Oct","Thu"
"FALSE",5000,30,7,13,12,12,14,"Friday","Tuesday","Web","US","USD","May","Wed"
"FALSE",8000,60,7,19,15,15,8,"Sunday","Wednesday","Web","DE","EUR","Nov","Wed"
"FALSE",500,30,5,14,21,21,0,"Thursday","Friday","Web","US","USD","Sep","Tue"
"FALSE",50000,30,1,12,15,15,8,"Saturday","Thursday","Web","US","USD","Sep","Thu"
"FALSE",8000,40,1,9,11,11,12,"Sunday","Thursday","Web","US","USD","Apr","Tue"
"FALSE",5000,30,7,15,21,21,23,"Sunday","Thursday","Web","US","USD","Feb","Fri"
"FALSE",10000,20,6,9,22,22,14,"Thursday","Wednesday","Web","AU","AUD","Apr","Fri"
"FALSE",30000,60,4,9,14,14,9,"Sunday","Tuesday","Web","DE","EUR","Aug","Wed"
"FALSE",10000,30,3,13,15,15,20,"Wednesday","Friday","Web","US","USD","Mar","Mon"
"FALSE",5000,60,3,15,15,15,14,"Tuesday","Tuesday","Web","US","USD","Dec","Fri"
"FALSE",42000,30,4,18,13,13,16,"Saturday","Tuesday","Web","US","USD","May","Thu"
"FALSE",4000,34.971400462963,3,14,2,2,5,"Tuesday","Saturday","Web","US","USD","May","Tue"
"FALSE",50000,30,6,10,12,12,2,"Thursday","Friday","Web","US","USD","Feb","Tue"
"FALSE",500,30,5,10,19,19,3,"Friday","Tuesday","Web","AU","AUD","Feb","Wed"
"FALSE",30000,30,6,14,7,7,15,"Thursday","Tuesday","Web","US","USD","Jul","Tue"
"FALSE",1,27.1519328703704,3,12,7,10,10,"Friday","Sunday","Web","US","USD","Jul","Sat"
"FALSE",25000,30,4,15,10,10,13,"Thursday","Sunday","Web","CA","CAD","Aug","Tue"
"FALSE",20000,25.7569675925926,4,11,0,18,18,"Monday","Monday","Web","US","USD","Mar","Thu"
"FALSE",68000,32.8679050925926,9,16,21,18,14,"Friday","Wednesday","Web","US","USD","Oct","Sun"
"FALSE",20000,60,4,15,14,14,10,"Tuesday","Tuesday","Web","IT","EUR","Aug","Fri"
"FALSE",50000,30,2,9,13,13,10,"Sunday","Thursday","Web","US","USD","Jan","Fri"
"FALSE",1000,30,4,14,3,3,7,"Friday","Wednesday","Web","GB","GBP","Oct","Wed"
"FALSE",55000,5,6,14,18,18,7,"Wednesday","Thursday","Web","US","USD","May","Fri"
"FALSE",5000,16,5,11,19,19,3,"Wednesday","Friday","Web","AU","AUD","Oct","Mon"
"FALSE",16000,30,1,17,13,13,7,"Thursday","Saturday","Web","NL","EUR","Sep","Tue"
"FALSE",3000,30,1,16,1,1,23,"Saturday","Sunday","Web","AU","AUD","Dec","Thu"
"FALSE",660,30,1,9,15,15,17,"Sunday","Thursday","Web","US","USD","Dec","Fri"
"FALSE",8000,30,2,11,10,10,21,"Wednesday","Wednesday","Web","GB","GBP","Nov","Mon"
"FALSE",3000,30,1,11,16,16,14,"Wednesday","Sunday","Web","GB","GBP","Apr","Mon"
"FALSE",5000,30,4,14,10,10,15,"Sunday","Monday","Web","US","USD","Sep","Fri"
"FALSE",475000,44,1,2,11,11,12,"Sunday","Friday","Web","DK","DKK","Mar","Fri"
"FALSE",5000,30,1,13,11,11,22,"Friday","Saturday","Web","US","USD","Oct","Wed"
"FALSE",4500,30,6,5,4,4,3,"Friday","Tuesday","Web","NL","EUR","Aug","Wed"
"FALSE",10000,35.4040972222222,4,14,13,22,20,"Saturday","Wednesday","Web","US","USD","Aug","Sat"
"FALSE",5000,35,10,15,10,10,11,"Monday","Friday","Web","CA","CAD","Sep","Mon"
"FALSE",8000,30,3,12,20,20,9,"Thursday","Monday","Web","US","USD","Sep","Tue"
"FALSE",25000,15,1,4,15,15,5,"Tuesday","Friday","Web","US","USD","Mar","Mon"
"FALSE",250000,30,2,15,23,23,17,"Friday","Tuesday","Web","US","USD","Dec","Wed"
"FALSE",100,30,7,14,1,1,13,"Sunday","Sunday","Web","GB","GBP","Aug","Fri"
"FALSE",22800,30,6,12,16,16,18,"Friday","Saturday","Web","US","USD","Nov","Wed"
"FALSE",10000,45,2,12,12,12,3,"Monday","Sunday","Web","US","USD","Aug","Fri"
"FALSE",25000,30,7,14,15,15,1,"Thursday","Friday","Web","GB","GBP","Oct","Tue"
"FALSE",30000,30,4,14,18,18,19,"Wednesday","Sunday","Web","US","USD","Jun","Mon"
"FALSE",1500000,60,6,14,0,0,15,"Wednesday","Friday","Web","US","USD","Aug","Sat"
"FALSE",7500,29,5,16,7,7,13,"Wednesday","Tuesday","Web","US","USD","Feb","Tue"
"FALSE",5000,30,5,15,8,8,13,"Friday","Tuesday","Web","US","USD","Jun","Wed"
"FALSE",1000,30,8,13,19,19,16,"Sunday","Tuesday","Web","US","USD","Dec","Fri"
"FALSE",3000,30,1,11,11,11,22,"Saturday","Wednesday","Web","GB","GBP","May","Thu"
"FALSE",50000,30,3,12,18,18,19,"Friday","Tuesday","Web","US","USD","Oct","Wed"
"FALSE",20000,59.1075810185185,1,14,3,6,11,"Thursday","Monday","Web","IT","EUR","Jan","Mon"
"FALSE",3000,30,6,13,14,14,13,"Wednesday","Friday","Web","US","USD","Jun","Mon"
"FALSE",50000,35,1,13,4,4,18,"Thursday","Wednesday","Web","GB","GBP","Oct","Thu"
"FALSE",3000,45,9,16,18,18,9,"Saturday","Saturday","Web","US","USD","Nov","Wed"
"FALSE",10000,60,1,10,18,18,10,"Friday","Monday","Web","US","USD","Sep","Mon"
"FALSE",25000,30,6,14,15,15,3,"Wednesday","Monday","Web","GB","GBP","Aug","Mon"
"FALSE",2000,30,3,15,10,10,13,"Friday","Monday","Web","GB","GBP","May","Wed"
"FALSE",8000,30,2,8,9,9,16,"Friday","Thursday","Web","US","USD","Apr","Wed"
"FALSE",50000,60,3,8,18,18,19,"Friday","Sunday","Web","US","USD","Feb","Mon"
"FALSE",12000,31,1,9,12,12,9,"Friday","Thursday","Web","US","USD","Aug","Tue"
"FALSE",5000,43.1446064814815,3,12,19,22,17,"Friday","Wednesday","Web","CA","CAD","Aug","Thu"
"FALSE",8000,30,4,13,11,11,13,"Thursday","Monday","Web","US","USD","Oct","Tue"
"FALSE",10000,60,2,3,10,10,15,"Sunday","Monday","Web","IT","EUR","Feb","Wed"
"FALSE",30000,54.9495486111111,5,13,15,14,17,"Monday","Thursday","Web","US","USD","Oct","Tue"
"FALSE",60000,25,1,12,20,20,20,"Sunday","Tuesday","Web","US","USD","Aug","Wed"
"FALSE",25000,45,11,20,10,10,3,"Saturday","Wednesday","Web","FR","EUR","Jun","Wed"
"FALSE",50000,30,7,15,19,19,18,"Thursday","Wednesday","Web","GB","GBP","Sep","Tue"
"FALSE",5000,42.5095486111111,6,10,2,14,15,"Friday","Thursday","Web","GB","GBP","Mar","Fri"
"FALSE",16000,45,8,15,21,21,17,"Sunday","Saturday","Web","US","USD","Sep","Thu"
"FALSE",50000,30,6,7,17,17,17,"Wednesday","Wednesday","Web","US","USD","Jan","Mon"
"FALSE",25000,30,6,11,8,8,8,"Wednesday","Tuesday","Web","US","USD","Jul","Mon"
"FALSE",10000,60,3,14,18,18,16,"Monday","Wednesday","Web","US","USD","Feb","Thu"
"FALSE",30000,35,6,10,19,19,13,"Monday","Thursday","Web","US","USD","Jan","Mon"
"FALSE",10000,60,4,11,13,13,15,"Saturday","Wednesday","Web","US","USD","Sep","Tue"
"FALSE",660,45,1,8,10,10,8,"Friday","Monday","Web","ES","EUR","Oct","Tue"
"FALSE",5000,45,3,16,23,23,15,"Friday","Thursday","Web","US","USD","Sep","Tue"
"FALSE",5500,30,3,11,11,11,16,"Saturday","Tuesday","Web","GB","GBP","Jun","Thu"
"FALSE",5000,30,6,23,14,14,12,"Friday","Saturday","Web","FR","EUR","Apr","Wed"
"FALSE",13200,30,9,12,11,11,21,"Friday","Wednesday","Web","US","USD","Apr","Wed"
"FALSE",5000,30,5,12,16,16,18,"Saturday","Tuesday","Web","US","USD","Dec","Thu"
"FALSE",128550,30,9,18,17,17,10,"Thursday","Monday","Web","CA","CAD","Oct","Tue"
"FALSE",25000,30,2,14,22,22,20,"Thursday","Tuesday","Web","US","USD","Oct","Tue"
"FALSE",5000,17.5394212962963,2,14,21,10,22,"Sunday","Sunday","Web","US","USD","Aug","Wed"
"FALSE",500,30,2,15,17,17,23,"Friday","Thursday","Web","BE","EUR","Dec","Wed"
"FALSE",4000,30,6,13,16,16,19,"Thursday","Monday","Web","US","USD","Mar","Tue"
"FALSE",35000,30,6,18,21,21,4,"Wednesday","Wednesday","Web","AU","AUD","Oct","Mon"
"FALSE",2500,30,5,14,18,18,16,"Friday","Monday","Web","US","USD","Oct","Wed"
"FALSE",2e+05,60,1,6,16,16,9,"Tuesday","Friday","Web","CA","CAD","Jul","Fri"
"FALSE",550,20,8,19,11,11,7,"Tuesday","Monday","Web","FR","EUR","Mar","Wed"
"FALSE",15000,60,2,14,7,7,8,"Sunday","Friday","Web","US","USD","Apr","Wed"
"FALSE",10000,14,2,18,9,9,3,"Monday","Sunday","Web","GB","GBP","Nov","Mon"
"FALSE",75000,60,8,16,20,20,13,"Sunday","Thursday","Web","US","USD","Apr","Wed"
"FALSE",25000,30,5,8,14,14,9,"Tuesday","Tuesday","Web","US","USD","Aug","Sun"
"FALSE",15000,30,4,13,12,12,19,"Sunday","Wednesday","Web","AU","AUD","Jan","Fri"
"FALSE",305000,30,1,11,8,8,16,"Monday","Sunday","Web","US","USD","Sep","Sat"
"FALSE",10000,60,3,4,8,8,16,"Tuesday","Thursday","Web","US","USD","Apr","Fri"
"FALSE",1,30,3,12,18,18,21,"Tuesday","Thursday","Web","US","USD","Mar","Sun"
"FALSE",27500,45,8,15,15,15,8,"Thursday","Thursday","Web","US","USD","Dec","Mon"
"FALSE",15000,60,1,10,21,21,19,"Friday","Friday","Web","AU","AUD","Jul","Mon"
"FALSE",20000,30,4,15,10,10,0,"Wednesday","Saturday","Web","GB","GBP","Sep","Mon"
"FALSE",5000,30,7,13,13,13,16,"Friday","Sunday","Web","US","USD","May","Wed"
"FALSE",6e+05,30,5,14,11,11,8,"Wednesday","Friday","Web","US","USD","Aug","Mon"
"FALSE",75000,30,2,15,5,5,5,"Friday","Friday","Web","FR","EUR","Aug","Wed"
"FALSE",10000,30,1,12,14,14,13,"Saturday","Tuesday","Web","US","USD","Nov","Thu"
"FALSE",25000,60,3,12,11,11,14,"Friday","Wednesday","Web","CA","CAD","Jul","Mon"
"FALSE",50000,60,3,14,6,6,5,"Saturday","Tuesday","Web","AU","AUD","Aug","Tue"
"FALSE",10000,30,1,13,3,3,7,"Friday","Saturday","Web","US","USD","Jan","Wed"
"FALSE",30000,30,9,14,9,9,12,"Thursday","Tuesday","Web","US","USD","Jun","Tue"
"FALSE",1e+05,32.8273842592593,1,13,15,11,20,"Tuesday","Monday","Web","US","USD","Aug","Thu"
"FALSE",10000,30,6,17,3,3,15,"Sunday","Wednesday","Web","CH","CHF","Nov","Fri"
"FALSE",5000,60,2,14,22,22,18,"Sunday","Thursday","Web","US","USD","Aug","Wed"
"FALSE",12000,60,8,14,22,22,14,"Tuesday","Thursday","Web","US","USD","Sep","Fri"
"FALSE",15000,30,1,5,17,17,9,"Wednesday","Monday","Web","US","USD","Feb","Mon"
"FALSE",10000,30,2,23,7,7,6,"Thursday","Tuesday","Web","SE","SEK","Jan","Tue"
"FALSE",1200,30,5,14,16,16,8,"Sunday","Thursday","Web","US","USD","Apr","Fri"
"FALSE",8000,29.1397337962963,2,11,20,0,17,"Sunday","Thursday","Web","US","USD","Apr","Fri"
"FALSE",125000,30,3,11,14,14,19,"Friday","Wednesday","Web","US","USD","Sep","Wed"
"FALSE",3400,24.1602777777778,1,13,17,21,21,"Thursday","Wednesday","Web","US","USD","Oct","Mon"
"FALSE",3000,30,4,13,3,3,16,"Saturday","Wednesday","Web","GB","GBP","Dec","Thu"
"FALSE",5000,30,8,15,14,14,19,"Thursday","Sunday","Web","US","USD","Sep","Tue"
"FALSE",15000,30,6,15,10,10,10,"Saturday","Monday","Web","US","USD","Apr","Thu"
"FALSE",1000,30,5,10,17,17,18,"Thursday","Monday","Web","DK","DKK","Oct","Tue"
"FALSE",6000,30,5,13,17,17,9,"Wednesday","Friday","Web","US","USD","Mar","Mon"
"FALSE",156000,35.4815972222222,1,17,11,23,23,"Thursday","Wednesday","Web","US","USD","Apr","Thu"
"FALSE",10000,44.1935763888889,3,13,11,16,12,"Saturday","Wednesday","Web","US","USD","Apr","Thu"
"FALSE",15000,30,2,12,2,2,23,"Sunday","Friday","Web","US","USD","Aug","Fri"
"FALSE",160000,60,4,13,18,18,3,"Sunday","Wednesday","Web","US","USD","Nov","Wed"
"FALSE",4000,30,6,15,1,1,18,"Wednesday","Thursday","Web","AU","AUD","Aug","Mon"
"FALSE",6000,46.1974305555556,3,16,18,22,22,"Saturday","Monday","Web","US","USD","Sep","Tue"
"FALSE",2300,40.5840972222222,5,13,7,22,5,"Monday","Wednesday","Web","CA","CAD","Jan","Wed"
"FALSE",64000,43.1520949074074,3,7,21,0,11,"Thursday","Thursday","Web","US","USD","Nov","Tue"
"FALSE",12000,24.0018634259259,7,14,17,17,15,"Saturday","Thursday","Web","GB","GBP","Nov","Wed"
"FALSE",50000,30,8,17,16,16,18,"Wednesday","Saturday","Web","US","USD","Apr","Mon"
"FALSE",6500,20,3,11,12,12,23,"Thursday","Tuesday","Web","US","USD","Feb","Fri"
"FALSE",80000,30,6,16,13,13,16,"Wednesday","Saturday","Web","CA","CAD","Aug","Mon"
"FALSE",10000,30,7,14,13,13,10,"Thursday","Monday","Web","US","USD","Feb","Tue"
"FALSE",150000,30,3,13,11,11,3,"Wednesday","Tuesday","Web","US","USD","May","Mon"
"FALSE",1000,30,5,18,14,14,12,"Sunday","Thursday","Web","US","USD","Jul","Fri"
"FALSE",15000,25.2292592592593,1,14,10,16,15,"Monday","Friday","Web","US","USD","Jun","Thu"
"FALSE",70000,60,8,14,21,21,18,"Saturday","Friday","Web","US","USD","Jun","Tue"
"FALSE",5000,30,4,13,13,13,15,"Sunday","Thursday","Web","US","USD","Aug","Fri"
"FALSE",12171,30,5,7,17,17,17,"Friday","Wednesday","Web","US","USD","Sep","Wed"
"FALSE",1000,14,4,14,19,19,9,"Tuesday","Monday","Web","AU","AUD","Feb","Tue"
"FALSE",1500,30,5,10,15,15,17,"Friday","Tuesday","Web","GB","GBP","Apr","Wed"
"FALSE",5e+05,45,8,15,17,17,18,"Saturday","Sunday","Web","US","USD","Oct","Wed"
"FALSE",20000,26.0735300925926,3,12,13,14,14,"Monday","Sunday","Web","US","USD","Jan","Wed"
"FALSE",1500,45,1,12,21,21,21,"Sunday","Thursday","Web","US","USD","Apr","Thu"
"FALSE",25000,30,7,17,13,13,2,"Friday","Wednesday","Web","US","USD","Nov","Wed"
"FALSE",13500,35.1012731481481,4,14,8,11,14,"Friday","Friday","Web","US","USD","Mar","Fri"
"FALSE",7000,29.1397685185185,1,10,10,14,10,"Friday","Wednesday","Web","US","USD","Apr","Thu"
"FALSE",5000,30,1,8,12,12,15,"Wednesday","Tuesday","Web","IT","EUR","Jan","Mon"
"FALSE",25000,30,1,14,20,20,1,"Friday","Monday","Web","FR","EUR","Jul","Wed"
"FALSE",2200,20,6,12,10,10,13,"Wednesday","Sunday","Web","GB","GBP","Mar","Thu"
"FALSE",30000,56.2556018518518,2,10,12,18,16,"Tuesday","Sunday","Web","US","USD","Apr","Tue"
"FALSE",2500,30,6,13,16,16,14,"Thursday","Saturday","Web","US","USD","Aug","Tue"
"FALSE",5000,30,7,14,8,8,13,"Friday","Thursday","Web","US","USD","Feb","Wed"
"FALSE",13500,60,7,13,14,14,9,"Saturday","Friday","Web","GB","GBP","Dec","Tue"
"FALSE",55000,30,3,13,10,10,19,"Wednesday","Monday","Web","US","USD","Dec","Mon"
"FALSE",10000,60,3,10,14,14,12,"Thursday","Wednesday","Web","US","USD","Feb","Sun"
"FALSE",1000,30,4,14,10,10,10,"Sunday","Thursday","Web","US","USD","Feb","Fri"
"FALSE",18000,60,2,14,14,14,20,"Thursday","Wednesday","Web","US","USD","Nov","Sun"
"FALSE",3000,30,1,14,15,15,13,"Wednesday","Friday","Web","GB","GBP","Jan","Mon"
"FALSE",10000,30,4,12,11,11,10,"Wednesday","Thursday","Web","US","USD","May","Mon"
"FALSE",12500,45,5,16,2,2,21,"Saturday","Monday","Web","CA","CAD","Jun","Wed"
"FALSE",12114,27.4124537037037,5,14,13,22,13,"Monday","Wednesday","Web","US","USD","Nov","Tue"
"FALSE",50000,60,7,12,12,12,18,"Tuesday","Thursday","Web","US","USD","Mar","Fri"
"FALSE",1e+05,30,4,14,16,16,12,"Sunday","Friday","Web","US","USD","Apr","Fri"
"FALSE",150000,28,7,14,11,11,4,"Monday","Saturday","Web","GB","GBP","Mar","Mon"
"FALSE",3000,22.6260416666667,6,12,19,10,10,"Friday","Tuesday","Web","GB","GBP","Nov","Wed"
"FALSE",10000,30,3,6,16,16,0,"Saturday","Wednesday","Web","CA","CAD","Jul","Thu"
"FALSE",2015,15,4,16,13,13,23,"Saturday","Wednesday","Web","US","USD","Jun","Fri"
"FALSE",6000,60,3,16,11,11,10,"Saturday","Monday","Web","US","USD","Nov","Tue"
"FALSE",12000,45,4,17,11,11,21,"Saturday","Saturday","Web","US","USD","Aug","Wed"
"FALSE",15000,60,5,8,10,10,22,"Monday","Monday","Web","US","USD","Dec","Thu"
"FALSE",25000,5,4,13,16,16,15,"Tuesday","Wednesday","Web","GB","GBP","Feb","Thu"
"FALSE",10000,30,1,13,13,13,15,"Sunday","Thursday","Web","US","USD","Aug","Fri"
"FALSE",75000,60,1,16,7,7,8,"Sunday","Sunday","Web","CA","CAD","Jan","Wed"
"FALSE",7000,30,4,8,11,11,16,"Wednesday","Thursday","Web","FR","EUR","Jun","Mon"
"FALSE",1000,14,5,15,12,12,18,"Wednesday","Tuesday","Web","CA","CAD","Sep","Wed"
"FALSE",10000,15,5,10,16,16,17,"Tuesday","Friday","Web","GB","GBP","Nov","Mon"
"FALSE",2500,30,7,9,14,14,21,"Thursday","Saturday","Web","CA","CAD","Dec","Tue"
"FALSE",50000,60,5,11,18,18,21,"Tuesday","Tuesday","Web","US","USD","Jun","Fri"
"FALSE",25000,60,1,12,0,0,2,"Saturday","Wednesday","Web","US","USD","May","Tue"
"FALSE",30000,58.1261226851852,6,4,10,13,10,"Thursday","Thursday","Web","US","USD","Jan","Tue"
"FALSE",20000,60,6,12,11,11,11,"Saturday","Sunday","Web","US","USD","Aug","Tue"
"FALSE",5000,20,1,6,17,17,21,"Sunday","Tuesday","Web","AU","AUD","Jun","Mon"
"FALSE",70000,33.3208912037037,8,15,8,16,10,"Sunday","Saturday","Web","GB","GBP","Oct","Tue"
"FALSE",5000,7,1,14,16,16,12,"Monday","Sunday","Web","US","USD","Mar","Mon"
"FALSE",260000,30,4,15,16,16,21,"Sunday","Thursday","Web","SE","SEK","Apr","Fri"
"FALSE",1e+05,30,2,14,13,13,14,"Wednesday","Wednesday","Web","US","USD","May","Mon"
"FALSE",5e+05,30,5,14,10,10,8,"Saturday","Saturday","Web","US","USD","Aug","Thu"
"FALSE",5000,60,4,15,20,20,5,"Sunday","Wednesday","Web","AU","AUD","Nov","Wed"
"FALSE",3000,30,4,14,6,6,23,"Tuesday","Monday","Web","AU","AUD","Oct","Sun"
"FALSE",15000,30,9,10,23,23,20,"Saturday","Saturday","Web","US","USD","Dec","Thu"
"FALSE",250,30,6,10,5,5,6,"Friday","Wednesday","Web","GB","GBP","Sep","Wed"
"FALSE",55000,40,7,12,17,17,10,"Monday","Wednesday","Web","CA","CAD","Aug","Wed"
"FALSE",20000,30,4,13,12,12,12,"Sunday","Tuesday","Web","GB","GBP","Nov","Fri"
"FALSE",20000,20,1,11,10,10,17,"Tuesday","Tuesday","Web","IE","EUR","Jun","Wed"
"FALSE",25000,59.5724189814815,4,13,19,9,12,"Wednesday","Wednesday","Web","US","USD","Feb","Sat"
"FALSE",30000,60,2,8,22,22,23,"Saturday","Thursday","Web","US","USD","Aug","Tue"
"FALSE",10000,30.5774421296296,7,8,9,22,14,"Saturday","Tuesday","Web","US","USD","Oct","Thu"
"FALSE",575,27,2,16,2,2,7,"Tuesday","Friday","Web","CA","CAD","Dec","Wed"
"FALSE",2e+05,30,1,9,10,10,7,"Wednesday","Wednesday","Web","SE","SEK","Sep","Mon"
"FALSE",60000,30,7,10,11,11,18,"Friday","Monday","Web","DE","EUR","Jun","Wed"
"FALSE",2500,30,6,15,16,16,11,"Friday","Friday","Web","US","USD","Oct","Wed"
"FALSE",1100,15,2,16,13,13,18,"Thursday","Thursday","Web","US","USD","Sep","Wed"
"FALSE",49500,40,1,6,7,7,14,"Tuesday","Monday","Web","CA","CAD","Oct","Thu"
"FALSE",3000,3,3,16,17,17,13,"Thursday","Monday","Web","US","USD","Mar","Mon"
"FALSE",10000,30,1,7,13,13,13,"Wednesday","Saturday","Web","CA","CAD","Aug","Mon"
"FALSE",12000,30,2,18,13,13,0,"Tuesday","Friday","Web","GB","GBP","Nov","Sun"
"FALSE",20000,30,5,16,8,8,12,"Tuesday","Saturday","Web","US","USD","Mar","Sun"
"FALSE",10000,30,3,14,16,16,20,"Monday","Sunday","Web","US","USD","Dec","Sat"
"FALSE",15000,40,8,12,12,12,14,"Tuesday","Monday","Web","GB","GBP","Mar","Thu"
"FALSE",1000,56.2692824074074,4,4,14,21,21,"Wednesday","Friday","Web","US","USD","Sep","Wed"
"FALSE",2000,7,8,11,14,14,6,"Friday","Friday","Web","US","USD","May","Fri"
"FALSE",54000,30,6,14,0,0,15,"Saturday","Monday","Web","US","USD","May","Thu"
"FALSE",10000,30,6,14,10,10,10,"Sunday","Tuesday","Web","CA","CAD","Nov","Fri"
"FALSE",35000,21,10,14,14,14,17,"Tuesday","Friday","Web","US","USD","Apr","Tue"
"FALSE",7800,30,6,14,4,4,3,"Wednesday","Tuesday","Web","NL","EUR","Apr","Mon"
"FALSE",2500,29.9994444444444,2,12,15,15,14,"Wednesday","Sunday","Web","US","USD","Apr","Mon"
"FALSE",500,30,6,11,10,10,15,"Wednesday","Tuesday","Web","US","USD","Apr","Mon"
"FALSE",10000,30,5,12,12,12,13,"Thursday","Tuesday","Web","US","USD","Aug","Tue"
"FALSE",3000,60,5,12,17,17,19,"Sunday","Wednesday","Web","US","USD","Dec","Wed"
"FALSE",10000,30,3,14,9,9,2,"Thursday","Monday","Web","IE","EUR","Oct","Tue"
"FALSE",20000,30,1,14,3,3,11,"Friday","Tuesday","Web","GB","GBP","May","Wed"
"FALSE",50000,30,6,11,20,20,12,"Wednesday","Tuesday","Web","US","USD","Oct","Mon"
"FALSE",4500,30,3,13,12,12,9,"Wednesday","Sunday","Web","GB","GBP","Apr","Mon"
"FALSE",3000,30,5,13,16,16,9,"Saturday","Wednesday","Web","US","USD","Jan","Thu"
"FALSE",1e+05,28.2187384259259,4,14,17,22,22,"Wednesday","Monday","Web","US","USD","Aug","Wed"
"FALSE",15000,21,2,10,17,17,23,"Thursday","Monday","Web","US","USD","Nov","Thu"
"FALSE",1e+05,30,1,12,2,2,7,"Saturday","Thursday","Web","AU","AUD","Oct","Thu"
"FALSE",60000,30,8,13,7,7,7,"Friday","Wednesday","Web","US","USD","Nov","Wed"
"FALSE",3000,30,9,15,13,13,11,"Thursday","Friday","Web","US","USD","May","Tue"
"FALSE",50000,29.9941087962963,6,10,19,19,7,"Thursday","Friday","Web","US","USD","Sep","Tue"
"FALSE",17000,45,4,14,12,12,16,"Monday","Thursday","Web","US","USD","Sep","Fri"
"FALSE",6000,30,4,6,15,15,20,"Sunday","Wednesday","Web","AU","AUD","Jul","Fri"
"FALSE",9000,30.9420486111111,2,13,22,21,21,"Friday","Tuesday","Web","US","USD","Sep","Tue"
"FALSE",25000,30,7,16,10,10,8,"Friday","Sunday","Web","CA","CAD","Feb","Wed"
"FALSE",50000,30,9,16,19,19,11,"Sunday","Wednesday","Web","US","USD","Jul","Fri"
"FALSE",2000,14,4,16,12,12,14,"Wednesday","Monday","Web","US","USD","Dec","Wed"
"FALSE",1700,30,7,13,17,17,15,"Friday","Tuesday","Web","US","USD","Dec","Wed"
"FALSE",15000,30,2,11,5,5,23,"Thursday","Saturday","Web","AU","AUD","Mar","Tue"
"FALSE",5000,30,3,15,16,16,18,"Wednesday","Wednesday","Web","US","USD","May","Mon"
"FALSE",20000,30,1,12,13,13,16,"Thursday","Monday","Web","US","USD","Apr","Tue"
"FALSE",10000,30,7,15,11,11,13,"Thursday","Friday","Web","IE","EUR","May","Tue"
"FALSE",50000,60,7,15,21,21,21,"Sunday","Thursday","Web","US","USD","Oct","Wed"
"FALSE",6000,60,8,14,1,1,2,"Monday","Thursday","Web","DE","EUR","Sep","Thu"
"FALSE",8000,28.1024884259259,6,11,22,0,22,"Thursday","Friday","Web","US","USD","Feb","Wed"
"FALSE",500,9,5,12,22,22,16,"Monday","Friday","Web","US","USD","Aug","Sat"
"FALSE",57750,33,3,9,12,12,15,"Monday","Tuesday","Web","US","USD","Jul","Wed"
"FALSE",400,30,2,16,12,12,7,"Thursday","Saturday","Web","GB","GBP","Mar","Tue"
"FALSE",10000,60,3,11,13,13,0,"Sunday","Wednesday","Web","US","USD","Aug","Wed"
"FALSE",500,20,5,15,17,17,12,"Monday","Monday","Web","GB","GBP","Jul","Tue"
"FALSE",20000,60,5,11,19,19,16,"Tuesday","Friday","Web","US","USD","Sep","Fri"
"FALSE",15000,30,5,12,8,8,9,"Thursday","Saturday","Web","US","USD","Jun","Tue"
"FALSE",5000,30,1,6,18,18,19,"Friday","Friday","Web","US","USD","Jul","Wed"
"FALSE",10000,30,5,11,13,13,14,"Sunday","Wednesday","Web","US","USD","Oct","Fri"
"FALSE",3000,40.9984375,4,18,13,13,2,"Wednesday","Monday","Web","GB","GBP","Jul","Thu"
"FALSE",10000,32.2199305555556,6,14,16,22,10,"Sunday","Wednesday","Web","US","USD","Nov","Wed"
"FALSE",12000,30,9,17,12,12,13,"Friday","Thursday","Web","US","USD","Apr","Wed"
"FALSE",6000,30,8,15,23,23,22,"Wednesday","Sunday","Web","US","USD","May","Mon"
"FALSE",5000,60,1,9,17,17,8,"Monday","Thursday","Web","GB","GBP","Jan","Thu"
"FALSE",8500,30,2,16,11,11,15,"Wednesday","Friday","Web","US","USD","Nov","Mon"
"FALSE",50000,30,1,13,6,6,15,"Saturday","Monday","Web","GB","GBP","Oct","Thu"
"FALSE",15000,60,4,17,14,14,10,"Wednesday","Thursday","Web","US","USD","Jun","Sat"
"FALSE",20000,60,3,9,13,13,12,"Saturday","Sunday","Web","DE","EUR","Oct","Tue"
"FALSE",65000,41.1424768518519,7,15,9,12,12,"Wednesday","Sunday","Web","GB","GBP","Nov","Thu"
"FALSE",55000,32.4973263888889,5,8,5,16,7,"Thursday","Tuesday","Web","FR","EUR","Feb","Sun"
"FALSE",5000,30,7,16,16,16,0,"Friday","Wednesday","Web","AU","AUD","Aug","Wed"
"FALSE",1e+05,31.3406365740741,7,12,8,17,8,"Saturday","Sunday","Web","SE","SEK","Jan","Wed"
"FALSE",650000,45,5,17,3,3,9,"Thursday","Monday","Web","SE","SEK","Feb","Mon"
"FALSE",25000,30,6,11,15,15,18,"Friday","Wednesday","Web","US","USD","Feb","Wed"
"FALSE",14000,29.8148611111111,3,11,3,23,23,"Saturday","Monday","Web","CH","CHF","Nov","Fri"
"FALSE",10000,25,3,14,13,13,4,"Sunday","Wednesday","Web","NL","EUR","Nov","Wed"
"FALSE",20000,30,1,13,12,12,9,"Saturday","Tuesday","Web","LU","EUR","Jun","Thu"
"FALSE",25000,30,1,12,10,10,9,"Wednesday","Saturday","Web","US","USD","Apr","Mon"
"FALSE",42000,31.1214699074074,3,5,16,19,10,"Saturday","Friday","Web","US","USD","Jul","Wed"
"FALSE",15000,30,10,1,2,2,14,"Wednesday","Thursday","Web","DE","EUR","Jun","Mon"
"FALSE",15000,30,12,22,10,10,5,"Sunday","Friday","Web","NL","EUR","Jun","Fri"
"FALSE",30000,35,1,16,19,19,17,"Wednesday","Wednesday","Web","US","USD","Oct","Wed"
"FALSE",25000,30,3,12,21,21,16,"Sunday","Tuesday","Web","US","USD","Apr","Fri"
"FALSE",30000,58.9216435185185,7,17,12,10,10,"Friday","Thursday","Web","US","USD","Aug","Tue"
"FALSE",20000,34.3900694444444,2,14,19,5,6,"Monday","Monday","Web","AU","AUD","Jul","Mon"
"FALSE",1100,21,6,12,6,6,21,"Monday","Friday","Web","GB","GBP","Apr","Mon"
"FALSE",8000,30,1,14,9,9,9,"Saturday","Wednesday","Web","GB","GBP","Aug","Thu"
"FALSE",15000,45,5,16,17,17,7,"Friday","Monday","Web","US","USD","Jul","Tue"
"FALSE",9000,60,4,11,20,20,21,"Friday","Tuesday","Web","AU","AUD","Feb","Mon"
"FALSE",2000,30,3,11,14,14,13,"Sunday","Tuesday","Web","US","USD","Apr","Fri"
"FALSE",10000,30,6,14,18,18,16,"Sunday","Monday","Web","US","USD","May","Fri"
"FALSE",500,30,3,11,12,12,9,"Friday","Monday","Web","FR","EUR","Feb","Wed"
"FALSE",30000,30,5,5,10,10,13,"Wednesday","Friday","Web","US","USD","Oct","Mon"
"FALSE",2700,22.9653819444444,5,13,17,16,16,"Sunday","Tuesday","Web","US","USD","Nov","Fri"
"FALSE",20000,60,2,16,13,13,1,"Tuesday","Friday","Web","GB","GBP","Jul","Fri"
"FALSE",25000,30,6,15,7,7,7,"Sunday","Thursday","Web","IT","EUR","Oct","Fri"
"FALSE",2000,30,7,16,10,10,17,"Tuesday","Monday","Web","US","USD","Oct","Sun"
"FALSE",150000,30,2,19,3,3,8,"Saturday","Saturday","Web","DK","DKK","Oct","Thu"
"FALSE",1500,20.7387037037037,2,13,17,11,21,"Tuesday","Wednesday","Web","CA","CAD","Mar","Tue"
"FALSE",20000,45,7,13,11,11,3,"Friday","Friday","Web","GB","GBP","Oct","Tue"
"FALSE",1e+06,60,3,12,9,9,22,"Sunday","Sunday","Web","US","USD","Sep","Wed"
"FALSE",10000,30,7,14,14,14,15,"Thursday","Tuesday","Web","US","USD","Jun","Tue"
"FALSE",5e+05,43.7188773148148,6,4,15,9,7,"Friday","Tuesday","Web","US","USD","Mar","Wed"
"FALSE",2500,30,2,12,16,16,8,"Wednesday","Saturday","Web","US","USD","Jan","Mon"
"FALSE",15000,30,3,15,13,13,19,"Wednesday","Tuesday","Web","US","USD","Jan","Mon"
"FALSE",4500,30,1,12,20,20,18,"Wednesday","Sunday","Web","US","USD","Sep","Mon"
"FALSE",250000,60,7,14,11,11,12,"Tuesday","Wednesday","Web","US","USD","Mar","Fri"
"FALSE",22000,30,6,12,21,21,0,"Friday","Wednesday","Web","AU","AUD","Oct","Wed"
"FALSE",500,30,7,14,10,10,21,"Monday","Monday","Web","US","USD","Jun","Sat"
"FALSE",50000,40,8,12,9,9,12,"Sunday","Monday","Web","FR","EUR","Oct","Tue"
"FALSE",60000,45,7,13,11,11,14,"Saturday","Monday","Web","US","USD","Sep","Wed"
"FALSE",7500,30,4,15,10,10,14,"Wednesday","Saturday","Web","GB","GBP","Jan","Mon"
"FALSE",10000,30,7,14,16,16,14,"Thursday","Saturday","Web","GB","GBP","Sep","Tue"
"FALSE",2500,30,7,17,10,10,9,"Wednesday","Friday","Web","GB","GBP","Jun","Mon"
"FALSE",5000,12.5295717592593,6,13,10,23,12,"Monday","Saturday","Web","CA","CAD","Jan","Wed"
"FALSE",75000,44.4693981481482,9,14,1,12,1,"Saturday","Wednesday","Web","US","USD","Jun","Thu"
"FALSE",45000,60,3,11,8,8,0,"Saturday","Tuesday","Web","CA","CAD","Nov","Tue"
"FALSE",25000,30,1,14,12,12,9,"Friday","Thursday","Web","US","USD","Oct","Wed"
"FALSE",3870,30,6,11,11,11,15,"Sunday","Thursday","Web","US","USD","Sep","Fri"
"FALSE",7500,30,4,17,3,3,6,"Sunday","Monday","Web","GB","GBP","May","Fri"
"FALSE",8000,30,2,8,14,14,15,"Wednesday","Sunday","Web","US","USD","Dec","Mon"
"FALSE",150000,30,5,13,17,17,11,"Friday","Friday","Web","DE","EUR","Nov","Wed"
"FALSE",750,30,7,13,15,15,16,"Tuesday","Friday","Web","US","USD","Feb","Sun"
"FALSE",240000,30,6,18,0,0,7,"Sunday","Sunday","Web","US","USD","Nov","Fri"
"FALSE",1e+05,30,3,16,12,12,8,"Wednesday","Wednesday","Web","CA","CAD","Nov","Mon"
"FALSE",15000,35,2,15,10,10,14,"Monday","Thursday","Web","US","USD","Sep","Mon"
"FALSE",50000,30,4,12,3,3,9,"Sunday","Thursday","Web","NL","EUR","Nov","Fri"
"FALSE",75000,30,8,13,19,19,16,"Monday","Thursday","Web","AU","AUD","Jan","Sat"
"FALSE",18000,30,3,21,16,16,10,"Saturday","Sunday","Web","FR","EUR","Feb","Thu"
"FALSE",25000,30,1,14,13,13,9,"Friday","Tuesday","Web","GB","GBP","Jun","Wed"
"FALSE",5000,30,6,14,11,11,20,"Thursday","Sunday","Web","US","USD","Jun","Tue"
"FALSE",1100000,40,3,12,12,12,10,"Saturday","Sunday","Web","GB","GBP","Jul","Mon"
"FALSE",12500,60,5,7,10,10,15,"Monday","Thursday","Web","US","USD","Jul","Thu"
"FALSE",50000,59.8451273148148,7,14,16,13,12,"Monday","Wednesday","Web","US","USD","Jun","Thu"
"FALSE",50000,30,3,13,10,10,12,"Saturday","Tuesday","Web","US","USD","Jun","Thu"
"FALSE",18000,60,7,14,8,8,7,"Tuesday","Monday","Web","US","USD","Feb","Fri"
"FALSE",15000,60,2,11,20,20,12,"Wednesday","Saturday","Web","US","USD","Nov","Sat"
"FALSE",2750,25,9,13,21,21,19,"Thursday","Monday","Web","AU","AUD","Jun","Sun"
"FALSE",7000,30,7,11,10,10,14,"Sunday","Monday","Web","US","USD","Nov","Fri"
"FALSE",80000,55,4,16,12,12,9,"Thursday","Thursday","Web","IT","EUR","Nov","Fri"
"FALSE",15000,60,3,11,23,23,22,"Friday","Monday","Web","US","USD","Jun","Mon"
"FALSE",5830,30,3,5,13,13,14,"Wednesday","Friday","Web","US","USD","May","Mon"
"FALSE",15000,30,3,12,15,15,4,"Monday","Sunday","Web","US","USD","Feb","Sat"
"FALSE",5759042,60,3,11,17,17,10,"Monday","Thursday","Web","US","USD","Jun","Thu"
"FALSE",15000,30,3,14,11,11,6,"Saturday","Wednesday","Web","US","USD","Feb","Thu"
"FALSE",78000,60,4,5,20,20,19,"Sunday","Tuesday","Web","US","USD","Oct","Wed"
"FALSE",14786,40,2,13,17,17,4,"Friday","Wednesday","Web","CA","CAD","Nov","Sun"
"FALSE",3000,60,3,9,15,15,8,"Friday","Monday","Web","US","USD","Apr","Mon"
"FALSE",3500,30,1,13,2,2,4,"Friday","Monday","Web","US","USD","Aug","Wed"
"FALSE",5000,33,4,16,14,14,11,"Saturday","Monday","Web","US","USD","Oct","Mon"
"FALSE",5000,40,5,7,17,17,14,"Sunday","Monday","Web","US","USD","Apr","Tue"
"FALSE",2000,60,3,14,14,14,13,"Saturday","Saturday","Web","US","USD","Jul","Tue"
"FALSE",1e+05,45,1,9,11,11,18,"Saturday","Monday","Web","US","USD","Nov","Wed"
"FALSE",6000,48.1635648148148,3,13,19,23,22,"Tuesday","Sunday","Web","US","USD","Apr","Wed"
"FALSE",8400,26.4558449074074,6,19,9,20,15,"Monday","Monday","Web","US","USD","Jan","Wed"
"FALSE",10000,30,6,8,5,5,0,"Tuesday","Thursday","Web","NL","EUR","Nov","Sun"
"FALSE",25000,28.9705902777778,5,13,13,12,11,"Wednesday","Sunday","Web","GB","GBP","Jan","Tue"
"FALSE",15000,30,4,15,22,22,17,"Sunday","Monday","Web","US","USD","Feb","Fri"
"FALSE",1000,30,2,8,10,10,1,"Sunday","Friday","Web","US","USD","Dec","Fri"
"FALSE",550000,60,1,13,15,15,9,"Sunday","Thursday","Web","US","USD","Apr","Wed"
"FALSE",6000,60,5,12,16,16,3,"Friday","Saturday","Web","AU","AUD","Aug","Mon"
"FALSE",500,30,10,15,18,18,18,"Tuesday","Saturday","Web","US","USD","Nov","Sun"
"FALSE",1750,30,5,16,16,16,14,"Sunday","Tuesday","Web","US","USD","Jun","Fri"
"FALSE",1e+05,60,4,11,19,19,23,"Saturday","Saturday","Web","US","USD","Jul","Tue"
"FALSE",470000,47,5,10,17,17,7,"Saturday","Monday","Web","SE","SEK","Jul","Mon"
"FALSE",30000,30,1,11,1,1,8,"Friday","Tuesday","Web","DE","EUR","Nov","Wed"
"FALSE",24000,41,6,8,9,9,21,"Saturday","Friday","Web","CA","CAD","Dec","Sun"
"FALSE",50000,20,4,5,10,10,19,"Sunday","Friday","Web","US","USD","Jul","Mon"
"FALSE",10000,30,7,12,12,12,21,"Friday","Wednesday","Web","US","USD","Aug","Wed"
"FALSE",20000,30,5,16,5,5,17,"Sunday","Thursday","Web","CA","CAD","Mar","Fri"
"FALSE",2500,30,1,16,20,20,21,"Wednesday","Wednesday","Web","US","USD","Aug","Mon"
"FALSE",5000,46.2195138888889,6,17,20,2,2,"Saturday","Wednesday","Web","US","USD","May","Mon"
"FALSE",400,30,2,13,10,10,14,"Monday","Friday","Web","US","USD","Nov","Sat"
"FALSE",5000,30,4,8,11,11,9,"Wednesday","Sunday","Web","US","USD","Jul","Mon"
"FALSE",10000,30,2,14,16,16,18,"Sunday","Thursday","Web","US","USD","Dec","Fri"
"FALSE",15000,30,3,13,1,1,8,"Saturday","Wednesday","Web","US","USD","Jun","Thu"
"FALSE",2000,30,2,10,15,15,5,"Friday","Wednesday","Web","IT","EUR","Aug","Wed"
"FALSE",50000,51.0222222222222,3,11,22,22,22,"Thursday","Sunday","Web","AU","AUD","Nov","Tue"
"FALSE",55000,30,1,13,2,2,21,"Monday","Tuesday","Web","AU","AUD","Dec","Sat"
"FALSE",10000,30,4,18,12,12,14,"Thursday","Monday","Web","US","USD","Aug","Tue"
"FALSE",7500,30,1,19,16,16,14,"Wednesday","Thursday","Web","NL","EUR","Sep","Mon"
"FALSE",5000,30,3,13,10,10,20,"Saturday","Thursday","Web","US","USD","Apr","Thu"
"FALSE",10000,30,7,16,17,17,22,"Saturday","Wednesday","Web","AU","AUD","Apr","Thu"
"FALSE",7000,33.9290856481481,3,10,20,18,18,"Tuesday","Monday","Web","US","USD","Jul","Wed"
"FALSE",350000,38.0202546296296,4,8,18,19,10,"Saturday","Thursday","Web","US","USD","Sep","Wed"
"FALSE",50000,30,2,7,12,12,17,"Friday","Saturday","Web","CA","CAD","Aug","Wed"
"FALSE",700,15,5,10,6,6,14,"Wednesday","Saturday","Web","CH","CHF","Jul","Tue"
"FALSE",1000,30,4,12,20,20,19,"Sunday","Monday","Web","US","USD","Jul","Fri"
"FALSE",10000,30,1,15,12,12,0,"Saturday","Sunday","Web","CA","CAD","Apr","Thu"
"FALSE",5000,30,6,7,14,14,12,"Thursday","Wednesday","Web","US","USD","Dec","Tue"
"FALSE",12000,30,5,15,10,10,10,"Saturday","Saturday","Web","US","USD","Sep","Thu"
"FALSE",850000,60,4,13,15,15,18,"Tuesday","Thursday","Web","US","USD","Jan","Fri"
"FALSE",2500,17.3645601851852,5,14,11,20,12,"Friday","Wednesday","Web","US","USD","Apr","Tue"
"FALSE",10000,52.2819212962963,1,10,0,6,6,"Monday","Monday","Web","US","USD","Oct","Fri"
"FALSE",20000,60,8,14,21,21,23,"Sunday","Monday","Web","US","USD","Dec","Wed"
"FALSE",10000,30,3,13,12,12,9,"Wednesday","Monday","Web","US","USD","Jun","Mon"
"FALSE",1500,30,3,12,10,10,13,"Friday","Friday","Web","US","USD","Nov","Wed"
"FALSE",25000,30,5,15,19,19,16,"Sunday","Sunday","Web","US","USD","Sep","Fri"
"FALSE",15000,26,5,9,14,14,15,"Monday","Monday","Web","US","USD","Jan","Wed"
"FALSE",5000,30,1,10,15,15,0,"Saturday","Wednesday","Web","US","USD","Nov","Thu"
"FALSE",10000,20.9776273148148,2,15,2,2,1,"Friday","Tuesday","Web","US","USD","Jan","Fri"
"FALSE",60000,30,1,2,15,15,15,"Friday","Tuesday","Web","US","USD","Mar","Wed"
"FALSE",3000,45,1,14,18,18,2,"Thursday","Friday","Web","US","USD","Jun","Mon"
"FALSE",1500,30,1,4,21,21,12,"Sunday","Friday","Web","US","USD","Aug","Fri"
"FALSE",1e+05,30,5,14,3,3,4,"Thursday","Monday","Web","ES","EUR","Jun","Tue"
"FALSE",500,30,3,8,18,18,12,"Thursday","Thursday","Web","US","USD","Apr","Tue"
"FALSE",10000,30,4,9,14,14,17,"Saturday","Monday","Web","US","USD","Feb","Thu"
"FALSE",1820500,30,2,12,15,15,18,"Monday","Wednesday","Web","US","USD","Nov","Sat"
"FALSE",5500,50,3,16,13,13,6,"Sunday","Thursday","Web","DE","EUR","Oct","Sat"
"FALSE",2000,30,3,7,13,13,8,"Friday","Wednesday","Web","GB","GBP","Nov","Wed"
"FALSE",1999,30,6,12,17,17,3,"Thursday","Friday","Web","US","USD","Oct","Tue"
"FALSE",6000,39.2696875,5,15,10,16,8,"Sunday","Tuesday","Web","IT","EUR","Oct","Wed"
"FALSE",15000,30,5,9,17,17,19,"Friday","Thursday","Web","CA","CAD","Jul","Wed"
"FALSE",60000,30,4,16,13,13,12,"Wednesday","Sunday","Web","US","USD","Mar","Mon"
"FALSE",25000,30,1,16,19,19,19,"Thursday","Thursday","Web","US","USD","Feb","Tue"
"FALSE",25000,30,2,10,15,15,15,"Friday","Monday","Web","DE","EUR","Dec","Wed"
"FALSE",150000,30,6,12,20,20,21,"Friday","Sunday","Web","US","USD","Apr","Wed"
"FALSE",44900,45,3,12,16,16,15,"Friday","Tuesday","Web","US","USD","Sep","Tue"
"FALSE",1000,30,3,6,14,14,23,"Thursday","Monday","Web","US","USD","Sep","Tue"
"FALSE",5000,35,1,15,11,11,14,"Tuesday","Monday","Web","US","USD","May","Tue"
"FALSE",750000,45,1,18,12,12,18,"Wednesday","Sunday","Web","US","USD","Dec","Sun"
"FALSE",25000,30,1,15,15,15,15,"Sunday","Thursday","Web","US","USD","Apr","Fri"
"FALSE",15000,30,7,14,8,8,14,"Friday","Wednesday","Web","GB","GBP","May","Wed"
"FALSE",60000,30,8,14,21,21,2,"Thursday","Sunday","Web","US","USD","Sep","Tue"
"FALSE",50000,60,4,14,23,23,20,"Tuesday","Sunday","Web","US","USD","Dec","Fri"
"FALSE",8000,27.7597916666667,4,14,16,11,16,"Monday","Monday","Web","US","USD","Jan","Mon"
"FALSE",68000,30,5,6,10,10,19,"Wednesday","Friday","Web","CA","CAD","Dec","Mon"
"FALSE",35000,30,1,10,10,10,16,"Wednesday","Thursday","Web","GB","GBP","Oct","Mon"
"FALSE",500,30,3,16,16,16,10,"Thursday","Thursday","Web","GB","GBP","Jan","Tue"
"FALSE",25000,40,2,11,2,2,3,"Monday","Tuesday","Web","DE","EUR","Nov","Wed"
"FALSE",5000,15,1,13,11,11,12,"Thursday","Tuesday","Web","US","USD","Dec","Wed"
"FALSE",50,30,1,10,4,4,14,"Saturday","Saturday","Web","US","USD","Oct","Thu"
"FALSE",2000,30,3,9,15,15,22,"Friday","Thursday","Web","US","USD","Mar","Wed"
"FALSE",10000,60,1,11,3,3,1,"Monday","Monday","Web","US","USD","Jun","Thu"
"FALSE",5000,30,1,14,14,14,14,"Saturday","Saturday","Web","GB","GBP","May","Thu"
"FALSE",7000,30,3,15,12,12,13,"Sunday","Friday","Web","US","USD","Oct","Fri"
"FALSE",1000,24.2537615740741,2,7,10,17,9,"Friday","Saturday","Web","NL","EUR","Nov","Tue"
"FALSE",60000,30,7,15,17,17,13,"Monday","Monday","Web","US","USD","Nov","Sat"
"FALSE",45000,44,4,12,18,18,12,"Thursday","Thursday","Web","US","USD","Nov","Tue"
"FALSE",4500,30,2,13,3,3,6,"Saturday","Thursday","Web","ES","EUR","Sep","Thu"
"FALSE",6000,45,3,14,16,16,12,"Monday","Friday","Web","SE","SEK","Mar","Fri"
"FALSE",21500,30,5,9,13,13,19,"Sunday","Friday","Web","US","USD","Mar","Fri"
"FALSE",85000,60,8,13,6,6,16,"Thursday","Saturday","Web","US","USD","Oct","Sun"
"FALSE",150000,60,6,13,21,21,19,"Tuesday","Tuesday","Web","US","USD","Oct","Fri"
"FALSE",5e+05,60,6,12,16,16,20,"Tuesday","Monday","Web","CA","CAD","Sep","Fri"
"FALSE",3000,36.7821064814815,1,10,0,19,3,"Wednesday","Sunday","Web","US","USD","Oct","Tue"
"FALSE",12500,14,3,12,12,12,17,"Monday","Wednesday","Web","CA","CAD","Aug","Mon"
"FALSE",8000,55.5158564814815,3,15,1,13,13,"Monday","Monday","Web","US","USD","Oct","Tue"
"FALSE",10000,35,1,14,15,15,20,"Wednesday","Tuesday","Web","CA","CAD","Mar","Wed"
"FALSE",800,30,1,13,22,22,23,"Thursday","Sunday","Web","US","USD","Jan","Tue"
"FALSE",5000,30,5,12,12,12,10,"Tuesday","Wednesday","Web","US","USD","Apr","Sun"
"FALSE",1500,60,7,17,0,0,10,"Monday","Wednesday","Web","DE","EUR","Aug","Thu"
"FALSE",5000,30,4,12,11,11,22,"Friday","Friday","Web","US","USD","Jul","Wed"
"FALSE",25000,30,2,6,12,12,2,"Friday","Sunday","Web","BE","EUR","Jan","Wed"
"FALSE",15000,30,2,18,13,13,13,"Sunday","Thursday","Web","US","USD","May","Fri"
"FALSE",6e+05,59.3616666666667,3,14,12,21,20,"Sunday","Monday","Web","US","USD","Jan","Thu"
"FALSE",250000,30,1,14,13,13,10,"Friday","Friday","Web","US","USD","Feb","Wed"
"FALSE",1e+06,30,3,14,10,10,14,"Sunday","Wednesday","Web","US","USD","Oct","Fri"
"FALSE",160000,60,5,16,21,21,9,"Tuesday","Sunday","Web","AU","AUD","Oct","Fri"
"FALSE",3500,30,2,7,9,9,11,"Saturday","Wednesday","Web","IT","EUR","Sep","Thu"
"FALSE",150000,60,6,18,15,15,3,"Tuesday","Tuesday","Web","NL","EUR","Sep","Fri"
"FALSE",15000,42.3137268518519,3,5,6,13,14,"Friday","Monday","Web","GB","GBP","Mar","Fri"
"FALSE",10000,30,1,13,13,13,8,"Sunday","Friday","Web","US","USD","Jun","Fri"
"FALSE",500,60,1,11,17,17,14,"Wednesday","Saturday","Web","US","USD","Jun","Sat"
"FALSE",750,30,7,20,16,16,14,"Wednesday","Friday","Web","US","USD","Mar","Mon"
"FALSE",1500,30,5,16,14,14,19,"Thursday","Tuesday","Web","US","USD","Jan","Tue"
"FALSE",75000,30,8,12,1,1,9,"Thursday","Saturday","Web","AT","EUR","Dec","Tue"
"FALSE",50000,30,5,10,7,7,11,"Friday","Tuesday","Web","US","USD","Apr","Wed"
"FALSE",50000,52.3088657407407,3,14,15,22,22,"Saturday","Monday","Web","US","USD","Apr","Wed"
"FALSE",50000,30,1,10,11,11,15,"Friday","Sunday","Web","US","USD","Feb","Wed"
"FALSE",1e+05,30.7313194444444,8,7,1,18,18,"Sunday","Monday","Web","US","USD","Jul","Fri"
"FALSE",12500,45,6,17,17,17,15,"Monday","Monday","Web","US","USD","Nov","Fri"
"FALSE",2e+07,60,3,11,13,13,0,"Friday","Monday","Web","AU","AUD","Nov","Mon"
"FALSE",39000,31,3,14,1,1,1,"Sunday","Saturday","Web","CA","CAD","Apr","Thu"
"FALSE",10000,28.4545023148148,10,14,23,10,10,"Friday","Wednesday","Web","US","USD","Jun","Thu"
"FALSE",25000,25,2,5,16,16,18,"Sunday","Saturday","Web","US","USD","Jan","Wed"
"FALSE",8000,30,6,18,12,12,0,"Friday","Friday","Web","US","USD","Mar","Wed"
"FALSE",150000,30,6,15,11,11,14,"Saturday","Saturday","Web","US","USD","Jun","Thu"
"FALSE",5000,40,7,8,11,11,11,"Saturday","Sunday","Web","US","USD","Jul","Mon"
"FALSE",150000,30,6,12,16,16,16,"Thursday","Monday","Web","CA","CAD","Jul","Tue"
"FALSE",3500,30,4,18,2,2,18,"Thursday","Friday","Web","NZ","NZD","Mar","Tue"
"FALSE",7000,30,5,10,11,11,12,"Sunday","Monday","Web","GB","GBP","Oct","Fri"
"FALSE",15000,40,1,12,20,20,13,"Saturday","Monday","Web","CA","CAD","Dec","Mon"
"FALSE",50000,30,1,4,12,12,11,"Wednesday","Monday","Web","US","USD","Jan","Mon"
"FALSE",10000,18.0729398148148,3,11,14,16,14,"Tuesday","Saturday","Web","US","USD","Oct","Fri"
"FALSE",1e+05,30,3,16,9,9,5,"Tuesday","Monday","Web","US","USD","Nov","Sun"
"FALSE",16800,30,5,10,16,16,11,"Saturday","Thursday","Web","US","USD","Sep","Thu"
"FALSE",5000,30,2,7,2,2,17,"Tuesday","Tuesday","Web","AU","AUD","Oct","Sun"
"FALSE",8500,30,6,7,18,18,21,"Wednesday","Friday","Web","AU","AUD","Sep","Mon"
"FALSE",90000,60,1,11,10,10,18,"Friday","Thursday","Web","US","USD","Jun","Mon"
"FALSE",15000,30,6,17,15,15,19,"Sunday","Wednesday","Web","US","USD","Feb","Fri"
"FALSE",30000,30,4,9,11,11,21,"Saturday","Monday","Web","US","USD","Apr","Thu"
"FALSE",35000,30,1,14,16,16,13,"Saturday","Thursday","Web","ES","EUR","Dec","Thu"
"FALSE",60000,30,1,13,3,3,15,"Saturday","Wednesday","Web","US","USD","Jan","Thu"
"FALSE",1500,15,3,14,11,11,12,"Wednesday","Thursday","Web","US","USD","Feb","Tue"
"FALSE",25000,30,7,16,9,9,0,"Friday","Tuesday","Web","US","USD","Sep","Wed"
"FALSE",20000,30,4,13,10,10,22,"Friday","Friday","Web","GB","GBP","Aug","Wed"
"FALSE",1000,21,8,15,8,8,11,"Sunday","Friday","Web","US","USD","Nov","Sun"
"FALSE",300,30,2,14,2,2,17,"Sunday","Wednesday","Web","FR","EUR","Jul","Fri"
"FALSE",26000,30,4,11,16,16,5,"Wednesday","Sunday","Web","IT","EUR","Aug","Mon"
"FALSE",20000,30,3,6,15,15,13,"Sunday","Tuesday","Web","US","USD","Mar","Fri"
"FALSE",50000,60,4,15,7,7,9,"Wednesday","Tuesday","Web","US","USD","May","Sat"
"FALSE",3000,30,4,12,17,17,19,"Thursday","Friday","Web","US","USD","Sep","Tue"
"FALSE",10000,30,7,13,15,15,16,"Thursday","Saturday","Web","US","USD","May","Tue"
"FALSE",5e+05,30,7,15,9,9,4,"Friday","Thursday","Web","SE","SEK","Feb","Wed"
"FALSE",2500,30,1,12,17,17,13,"Thursday","Tuesday","Web","IE","EUR","Jun","Tue"
"FALSE",17100,30,6,18,10,10,22,"Wednesday","Wednesday","Web","US","USD","Jan","Mon"
"FALSE",70000,30,4,12,16,16,11,"Wednesday","Monday","Web","US","USD","Mar","Mon"
"FALSE",10000,30,3,15,18,18,11,"Wednesday","Sunday","Web","US","USD","Mar","Mon"
"FALSE",3e+05,30,6,11,16,16,15,"Saturday","Wednesday","Web","DK","DKK","Feb","Thu"
"FALSE",7000,30,5,11,5,5,3,"Sunday","Wednesday","Web","DE","EUR","Jul","Fri"
"FALSE",15000,30,6,14,14,14,12,"Saturday","Thursday","Web","US","USD","Jun","Thu"
"FALSE",250000,30,1,12,10,10,14,"Friday","Monday","Web","GB","GBP","Jun","Wed"
"FALSE",2000,30,5,9,11,11,17,"Wednesday","Friday","Web","CA","CAD","May","Mon"
"FALSE",15000,45,1,15,16,16,17,"Thursday","Thursday","Web","US","USD","Sep","Mon"
"FALSE",11000,30,5,16,15,15,11,"Wednesday","Tuesday","Web","US","USD","Jun","Mon"
"FALSE",10000,33.9100925925926,1,10,12,9,11,"Sunday","Thursday","Web","US","USD","May","Mon"
"FALSE",2500,30,1,14,11,11,19,"Wednesday","Tuesday","Web","US","USD","May","Mon"
"FALSE",60000,60,2,10,22,22,15,"Friday","Thursday","Web","US","USD","Feb","Mon"
"FALSE",12500,30,9,17,13,13,22,"Sunday","Thursday","Web","US","USD","Sep","Fri"
"FALSE",10000,60,5,12,19,19,1,"Wednesday","Friday","Web","AU","AUD","Oct","Sat"
"FALSE",1000,30,2,13,11,11,17,"Wednesday","Saturday","Web","GB","GBP","Mar","Mon"
"FALSE",400,30,3,13,15,15,18,"Thursday","Sunday","Web","AU","AUD","Jan","Tue"
"FALSE",25000,37,3,12,16,16,17,"Wednesday","Friday","Web","US","USD","May","Mon"
"FALSE",10000,29.9449421296296,1,5,15,14,14,"Thursday","Thursday","Web","US","USD","Mar","Tue"
"FALSE",10000,30,4,12,0,0,18,"Friday","Thursday","Web","US","USD","Nov","Wed"
"FALSE",1460,30,3,12,11,11,12,"Wednesday","Thursday","Web","US","USD","Jun","Mon"
"FALSE",10000,21,7,11,18,18,14,"Wednesday","Sunday","Web","US","USD","Jan","Wed"
"FALSE",3000,30,1,14,11,11,1,"Saturday","Sunday","Web","US","USD","Dec","Thu"
"FALSE",10000,24.2676851851852,3,4,13,19,21,"Friday","Sunday","Web","NZ","NZD","Jun","Tue"
"FALSE",1000,30,4,8,18,18,13,"Saturday","Monday","Web","US","USD","Oct","Thu"
"FALSE",41000,30,5,7,12,12,9,"Saturday","Friday","Web","NL","EUR","Nov","Thu"
"FALSE",4000,30,1,13,12,12,11,"Wednesday","Saturday","Web","US","USD","Mar","Mon"
"FALSE",85000,30,5,13,15,15,10,"Wednesday","Thursday","Web","DK","DKK","Feb","Mon"
"FALSE",30000,30,5,14,12,12,18,"Sunday","Thursday","Web","US","USD","Aug","Fri"
"FALSE",50000,30,7,15,10,10,22,"Wednesday","Monday","Web","US","USD","Jan","Mon"
"FALSE",1500,30,4,14,12,12,23,"Saturday","Sunday","Web","US","USD","Jul","Thu"
"FALSE",3000,30,9,11,18,18,22,"Wednesday","Saturday","Web","US","USD","Mar","Mon"
"FALSE",14000,30,8,13,12,12,15,"Friday","Wednesday","Web","US","USD","Oct","Wed"
"FALSE",5500,60,4,13,15,15,21,"Sunday","Thursday","Web","US","USD","Sep","Wed"
"FALSE",6000,59.9989814814815,1,15,12,12,19,"Sunday","Saturday","Web","US","USD","Jan","Wed"
"FALSE",5000,35,3,13,20,20,4,"Thursday","Wednesday","Web","US","USD","Sep","Thu"
"FALSE",2000,59.5970833333333,1,12,11,1,1,"Friday","Saturday","Web","US","USD","Dec","Mon"
"FALSE",2500,30,1,10,12,12,14,"Friday","Thursday","Web","US","USD","Apr","Wed"
"FALSE",84000,30,5,17,15,15,23,"Wednesday","Saturday","Web","US","USD","Apr","Mon"
"FALSE",35000,30,5,8,16,16,5,"Friday","Thursday","Web","US","USD","Jul","Wed"
"FALSE",80000,20.7177893518519,2,10,16,9,21,"Thursday","Friday","Web","US","USD","Dec","Thu"
"FALSE",50000,30,1,6,16,16,15,"Wednesday","Saturday","Web","US","USD","Oct","Mon"
"FALSE",2500,45,7,12,17,17,23,"Saturday","Wednesday","Web","US","USD","Mar","Wed"
"FALSE",20000,60,5,6,13,13,9,"Tuesday","Thursday","Web","CA","CAD","Aug","Fri"
"FALSE",20000,50,3,11,11,11,6,"Tuesday","Saturday","Web","NL","EUR","Mar","Mon"
"FALSE",65000,40,1,14,4,4,12,"Sunday","Thursday","Web","US","USD","Aug","Tue"
"FALSE",1e+05,30,9,16,10,10,7,"Thursday","Thursday","Web","GB","GBP","Jun","Tue"
"FALSE",2500,60,5,10,18,18,18,"Monday","Thursday","Web","US","USD","Jan","Thu"
"FALSE",1550,30,3,14,17,17,22,"Wednesday","Thursday","Web","AU","AUD","Apr","Mon"
"FALSE",750000,30,1,17,17,17,13,"Saturday","Saturday","Web","US","USD","May","Thu"
"FALSE",1e+06,60,5,14,14,14,15,"Friday","Wednesday","Web","CH","CHF","Jan","Mon"
"FALSE",50000,30,6,11,12,12,15,"Thursday","Monday","Web","CA","CAD","Jul","Tue"
"FALSE",30000,30,6,9,16,16,4,"Wednesday","Saturday","Web","NL","EUR","Jun","Mon"
"FALSE",7000,30,1,16,9,9,17,"Thursday","Friday","Web","US","USD","Jan","Tue"
"FALSE",10000,60,1,15,16,16,20,"Saturday","Monday","Web","US","USD","Jan","Tue"
"FALSE",1e+05,30,3,12,15,15,11,"Friday","Tuesday","Web","US","USD","Dec","Wed"
"FALSE",15000,30,4,13,5,5,8,"Wednesday","Saturday","Web","NL","EUR","Jun","Mon"
"FALSE",140000,30,5,13,19,19,21,"Friday","Wednesday","Web","US","USD","Sep","Wed"
"FALSE",1000,15,2,13,15,15,3,"Tuesday","Thursday","Web","DK","DKK","Dec","Mon"
"FALSE",8000,28,2,6,12,12,14,"Tuesday","Friday","Web","GB","GBP","Jan","Tue"
"FALSE",45000,30,1,17,11,11,11,"Wednesday","Tuesday","Web","US","USD","Apr","Mon"
"FALSE",10000,30,1,12,21,21,13,"Sunday","Monday","Web","CA","CAD","Oct","Fri"
"FALSE",1250000,60,1,11,13,13,8,"Tuesday","Saturday","Web","IE","EUR","Jun","Fri"
"FALSE",2000,40,2,6,10,10,9,"Monday","Tuesday","Web","GB","GBP","Apr","Wed"
"FALSE",100,30,1,13,0,0,21,"Friday","Sunday","Web","US","USD","Nov","Wed"
"FALSE",3000,30,3,12,17,17,14,"Wednesday","Saturday","Web","US","USD","Feb","Mon"
"FALSE",150000,30,4,13,13,13,10,"Thursday","Tuesday","Web","US","USD","Jun","Tue"
"FALSE",11000,30,1,11,16,16,13,"Thursday","Sunday","Web","US","USD","Oct","Tue"
"FALSE",1e+05,49.7704861111111,4,16,16,10,9,"Tuesday","Friday","Web","US","USD","Feb","Mon"
"FALSE",22000,25.7159143518519,2,9,14,7,7,"Saturday","Friday","Web","US","USD","Dec","Mon"
"FALSE",500,30,9,12,15,15,20,"Thursday","Sunday","Web","US","USD","Feb","Tue"
"FALSE",50000,60,1,12,23,23,19,"Sunday","Tuesday","Web","US","USD","May","Wed"
"FALSE",25000,30,1,11,12,12,11,"Wednesday","Friday","Web","US","USD","Jul","Mon"
"FALSE",5000,42.8932523148148,1,14,19,17,17,"Tuesday","Tuesday","Web","US","USD","May","Mon"
"FALSE",3e+05,60,6,12,8,8,3,"Friday","Tuesday","Web","DE","EUR","Feb","Mon"
"FALSE",3300,60,2,13,16,16,19,"Tuesday","Friday","Web","US","USD","Sep","Fri"
"FALSE",15000,60,2,8,17,17,6,"Saturday","Monday","Web","DK","DKK","Oct","Tue"
"FALSE",25000,47.3103819444444,4,13,21,5,12,"Tuesday","Tuesday","Web","US","USD","Nov","Wed"
"FALSE",200,59.6016319444444,4,16,20,11,15,"Monday","Monday","Web","US","USD","Sep","Thu"
"FALSE",2000,14,2,14,13,13,5,"Sunday","Sunday","Web","CH","CHF","Feb","Sun"
"FALSE",25000,45,1,13,8,8,17,"Thursday","Wednesday","Web","US","USD","Feb","Mon"
"FALSE",1e+05,45,6,13,16,16,23,"Tuesday","Wednesday","Web","US","USD","Oct","Sat"
"FALSE",10000,60,6,7,19,19,2,"Saturday","Monday","Web","US","USD","Nov","Tue"
"FALSE",7500,30,8,15,12,12,19,"Wednesday","Tuesday","Web","GB","GBP","Jan","Mon"
"FALSE",125000,30,3,16,23,23,23,"Monday","Thursday","Web","US","USD","Jan","Sat"
"FALSE",1e+05,60,1,20,19,19,19,"Monday","Monday","Web","US","USD","Feb","Thu"
"FALSE",1000,25,2,9,14,14,16,"Saturday","Sunday","Web","NL","EUR","Jul","Tue"
"FALSE",15000,28.2734837962963,8,14,10,17,15,"Thursday","Tuesday","Web","US","USD","Apr","Thu"
"FALSE",9900,44.0767592592593,6,15,10,12,12,"Friday","Monday","Web","US","USD","May","Wed"
"FALSE",50000,30,1,15,14,14,14,"Wednesday","Friday","Web","CA","CAD","Mar","Mon"
"FALSE",30000,27.4852662037037,5,12,4,16,16,"Thursday","Sunday","Web","US","USD","Apr","Fri"
"FALSE",1e+05,59.3047569444444,8,14,10,17,9,"Saturday","Monday","Web","GB","GBP","Jun","Wed"
"FALSE",14234,18.2515625,7,15,15,22,10,"Saturday","Monday","Web","US","USD","Dec","Tue"
"FALSE",77000,39,5,12,7,7,5,"Thursday","Thursday","Web","IT","EUR","May","Sun"
"FALSE",15000,29.800787037037,7,15,11,6,6,"Wednesday","Monday","Web","DE","EUR","Jun","Mon"
"FALSE",8000,30,1,15,21,21,15,"Thursday","Friday","Web","US","USD","Sep","Tue"
"FALSE",1999,35,1,13,7,7,18,"Thursday","Tuesday","Web","US","USD","Jun","Thu"
"FALSE",5e+05,30,5,11,6,6,4,"Saturday","Tuesday","Web","GB","GBP","Feb","Thu"
"FALSE",5000,30,2,7,15,15,9,"Wednesday","Monday","Web","US","USD","May","Mon"
"FALSE",20000,45,4,9,4,4,7,"Friday","Thursday","Web","GB","GBP","Dec","Tue"
"FALSE",20000,30,3,14,19,19,22,"Monday","Thursday","Web","AU","AUD","Oct","Sat"
"FALSE",250000,30,6,8,2,2,12,"Saturday","Monday","Web","GB","GBP","Oct","Thu"
"FALSE",2000,38.9870601851852,3,10,11,11,16,"Friday","Monday","Web","US","USD","Nov","Mon"
"FALSE",40000,35,2,11,21,21,19,"Friday","Monday","Web","US","USD","Sep","Fri"
"FALSE",1000,30,1,10,17,17,8,"Sunday","Friday","Web","US","USD","Apr","Fri"
"FALSE",25000,45,3,14,10,10,16,"Wednesday","Wednesday","Web","US","USD","Oct","Sun"
"FALSE",6000,58.6703009259259,5,12,15,7,5,"Sunday","Wednesday","Web","IE","EUR","Oct","Thu"
"FALSE",25000,60,2,3,14,14,22,"Tuesday","Wednesday","Web","US","USD","May","Fri"
"FALSE",5000,30,6,7,19,19,6,"Sunday","Monday","Web","US","USD","Jan","Fri"
"FALSE",4000,30,2,11,16,16,19,"Friday","Tuesday","Web","AU","AUD","Nov","Wed"
"FALSE",10000,28.6698958333333,5,3,11,4,16,"Wednesday","Monday","Web","CA","CAD","May","Tue"
"FALSE",500,30,2,10,11,11,10,"Monday","Friday","Web","US","USD","Feb","Sat"
"FALSE",28000,30,6,13,14,14,4,"Monday","Tuesday","Web","GB","GBP","Mar","Sat"
"FALSE",5000,20.9272685185185,1,8,15,14,13,"Tuesday","Monday","Web","BE","EUR","Feb","Tue"
"FALSE",4321,60,5,7,11,11,16,"Saturday","Saturday","Web","US","USD","May","Tue"
"FALSE",3500,50,2,12,12,12,12,"Wednesday","Friday","Web","GB","GBP","Feb","Tue"
"FALSE",10000,30,2,12,3,3,21,"Saturday","Tuesday","Web","AU","AUD","Dec","Thu"
"FALSE",50000,30,4,21,22,22,15,"Tuesday","Sunday","Web","GB","GBP","Sep","Sun"
"FALSE",3800,30,1,10,0,0,3,"Saturday","Wednesday","Web","GB","GBP","Oct","Thu"
"FALSE",4000,13.8755324074074,4,18,19,17,1,"Thursday","Wednesday","Web","NZ","NZD","Jan","Thu"
"FALSE",7500,30,1,11,8,8,20,"Sunday","Tuesday","Web","US","USD","Oct","Fri"
"FALSE",18000,30,5,18,16,16,6,"Thursday","Sunday","Web","ES","EUR","Sep","Tue"
"FALSE",50000,30,6,12,16,16,0,"Friday","Thursday","Web","GB","GBP","Jul","Wed"
"FALSE",4000,60,4,6,17,17,14,"Sunday","Tuesday","Web","US","USD","Sep","Wed"
"FALSE",30000,60,5,11,16,16,18,"Sunday","Tuesday","Web","US","USD","Mar","Wed"
"FALSE",10000,30,4,8,11,11,23,"Monday","Thursday","Web","US","USD","Feb","Sat"
"FALSE",25000,60,3,4,11,11,20,"Friday","Friday","Web","US","USD","Apr","Mon"
"FALSE",5402,38.1838888888889,5,12,4,8,23,"Saturday","Tuesday","Web","AU","AUD","Feb","Wed"
"FALSE",4000,30,7,14,8,8,10,"Sunday","Friday","Web","US","USD","Aug","Fri"
"FALSE",5e+05,60,3,13,10,10,18,"Sunday","Monday","Web","US","USD","Apr","Wed"
"FALSE",70000,21,9,13,18,18,0,"Tuesday","Monday","Web","AU","AUD","Aug","Tue"
"FALSE",4000,24.0529398148148,2,15,21,22,17,"Thursday","Tuesday","Web","US","USD","Sep","Mon"
"FALSE",470,30,4,6,19,19,4,"Wednesday","Wednesday","Web","US","USD","Mar","Mon"
"FALSE",5000,30,1,14,17,17,22,"Sunday","Tuesday","Web","US","USD","Apr","Fri"
"FALSE",31000,30,1,12,16,16,16,"Thursday","Sunday","Web","US","USD","Mar","Tue"
"FALSE",7500,45,1,14,5,5,13,"Saturday","Monday","Web","GB","GBP","Aug","Wed"
"FALSE",5000,39.4190277777778,7,13,21,7,17,"Monday","Monday","Web","US","USD","May","Wed"
"FALSE",15000,45,9,14,11,11,14,"Monday","Friday","Web","US","USD","Jan","Fri"
"FALSE",8000,30,6,15,11,11,17,"Sunday","Monday","Web","US","USD","Sep","Fri"
"FALSE",500,46,2,16,19,19,10,"Monday","Sunday","Web","US","USD","Oct","Thu"
"FALSE",8000,10,5,13,10,10,17,"Friday","Tuesday","Web","GB","GBP","Feb","Tue"
"FALSE",25000,44.9974074074074,8,17,15,15,16,"Monday","Monday","Web","US","USD","Oct","Fri"
"FALSE",150,30,5,14,14,14,7,"Friday","Saturday","Web","IT","EUR","Sep","Wed"
"FALSE",240000,60.0000115740741,1,4,16,16,14,"Wednesday","Thursday","Web","US","USD","Nov","Sat"
"FALSE",3000,30,4,16,4,4,3,"Friday","Saturday","Web","IT","EUR","Mar","Wed"
"FALSE",3e+05,50,2,11,16,16,5,"Thursday","Tuesday","Web","AU","AUD","Oct","Wed"
"FALSE",5000,30,1,15,9,9,18,"Thursday","Monday","Web","US","USD","Aug","Tue"
"FALSE",1e+05,60,6,14,14,14,15,"Tuesday","Tuesday","Web","US","USD","Oct","Fri"
"FALSE",40000,30,4,8,14,14,10,"Saturday","Friday","Web","GB","GBP","Sep","Thu"
"FALSE",10000,30,5,13,8,8,3,"Monday","Saturday","Web","US","USD","Mar","Sat"
"FALSE",82000,30,3,16,15,15,16,"Friday","Tuesday","Web","GB","GBP","Nov","Wed"
"FALSE",65000,29.2468981481481,1,15,17,23,7,"Tuesday","Saturday","Web","US","USD","Mar","Mon"
"FALSE",2000,30,6,15,21,21,13,"Tuesday","Friday","Web","US","USD","Aug","Sun"
"FALSE",1e+05,42.9608101851852,2,14,18,17,16,"Tuesday","Thursday","Web","US","USD","Feb","Mon"
"FALSE",5000,30,6,12,10,10,18,"Wednesday","Saturday","Web","US","USD","Aug","Mon"
"FALSE",3000,30,1,18,12,12,14,"Thursday","Sunday","Web","US","USD","Dec","Tue"
"FALSE",15000,35,1,15,18,18,14,"Tuesday","Tuesday","Web","US","USD","Jan","Tue"
"FALSE",2000,30,6,14,20,20,15,"Thursday","Monday","Web","US","USD","Oct","Tue"
"FALSE",22000,60,2,13,16,16,18,"Friday","Thursday","Web","AU","AUD","Jun","Mon"
"FALSE",15000,30,1,11,9,9,15,"Saturday","Wednesday","Web","US","USD","Mar","Thu"
"FALSE",1e+06,30,2,12,2,2,16,"Monday","Thursday","Web","US","USD","Sep","Sat"
"FALSE",45000,30,3,16,20,20,19,"Wednesday","Saturday","Web","AU","AUD","Jul","Mon"
"FALSE",250000,58.8504282407407,3,10,12,8,8,"Saturday","Monday","Web","US","USD","Mar","Wed"
"FALSE",1e+06,30,6,18,11,11,6,"Wednesday","Sunday","Web","FR","EUR","Jul","Mon"
"FALSE",888,58.3089583333333,6,9,11,19,8,"Friday","Friday","Web","US","USD","Jul","Wed"
"FALSE",1000,37.9527430555556,2,11,1,0,0,"Monday","Thursday","Web","US","USD","Sep","Fri"
"FALSE",2e+05,29.0120486111111,5,14,15,16,17,"Tuesday","Sunday","Web","NZ","NZD","Aug","Mon"
"FALSE",10000,30,1,13,16,16,17,"Wednesday","Thursday","Web","US","USD","Feb","Mon"
"FALSE",3000,17.994849537037,5,11,18,18,14,"Saturday","Friday","Web","US","USD","Jan","Tue"
"FALSE",1e+05,30,1,4,12,12,9,"Wednesday","Sunday","Web","NO","NOK","Jul","Mon"
"FALSE",60000,59.1206828703704,1,17,16,19,13,"Friday","Thursday","Web","AU","AUD","Oct","Tue"
"FALSE",1e+05,30,7,13,20,20,14,"Saturday","Tuesday","Web","US","USD","Feb","Thu"
"FALSE",5000,30,1,13,14,14,22,"Wednesday","Wednesday","Web","US","USD","Jan","Mon"
"FALSE",25000,30,3,13,5,5,6,"Thursday","Monday","Web","US","USD","Dec","Tue"
"FALSE",30000,30,1,8,11,11,12,"Saturday","Wednesday","Web","US","USD","Jul","Thu"
"FALSE",20000,30,1,22,11,11,10,"Friday","Monday","Web","FR","EUR","Jul","Wed"
"FALSE",25000,30,2,6,15,15,12,"Thursday","Tuesday","Web","CA","CAD","Feb","Tue"
"FALSE",2500,60,1,13,15,15,4,"Saturday","Wednesday","Web","NL","EUR","Apr","Tue"
"FALSE",2000,20,6,11,16,16,1,"Tuesday","Monday","Web","AU","AUD","Jan","Wed"
"FALSE",5000,30,5,11,9,9,4,"Saturday","Friday","Web","GB","GBP","May","Thu"
"FALSE",20000,30,4,11,10,10,11,"Friday","Monday","Web","US","USD","Feb","Wed"
"FALSE",5500,30,2,11,22,22,3,"Wednesday","Sunday","Web","US","USD","Jan","Mon"
"FALSE",8000,59.3075347222222,1,13,12,20,9,"Friday","Tuesday","Web","US","USD","Nov","Tue"
"FALSE",10000,30,3,16,5,5,13,"Thursday","Wednesday","Web","DE","EUR","May","Tue"
"FALSE",200,3.98740740740741,3,16,15,15,10,"Monday","Tuesday","Web","IE","EUR","Mar","Thu"
"FALSE",5000,30,3,16,3,3,7,"Saturday","Monday","Web","US","USD","Jan","Thu"
"FALSE",60000,15,1,15,21,21,7,"Friday","Tuesday","Web","CA","CAD","Apr","Thu"
"FALSE",250000,30,1,14,9,9,12,"Thursday","Thursday","Web","CA","CAD","Sep","Tue"
"FALSE",7000,30,3,16,2,2,23,"Thursday","Wednesday","Web","CA","CAD","Oct","Tue"
"FALSE",100,30,4,11,11,11,22,"Thursday","Sunday","Web","US","USD","Jun","Tue"
"FALSE",12000,20,4,10,14,14,3,"Monday","Monday","Web","DE","EUR","Apr","Tue"
"FALSE",2497,27,5,14,16,16,22,"Saturday","Monday","Web","US","USD","Oct","Sun"
"FALSE",5000,35,1,4,15,15,6,"Monday","Friday","Web","GB","GBP","Sep","Mon"
"FALSE",8500,60,7,11,11,11,7,"Tuesday","Saturday","Web","GB","GBP","Jan","Fri"
"FALSE",20000,45,7,16,16,16,12,"Saturday","Wednesday","Web","GB","GBP","Jan","Wed"
"FALSE",20,31,5,17,14,14,16,"Saturday","Monday","Web","US","USD","Apr","Wed"
"FALSE",10000,30,4,6,0,0,17,"Thursday","Monday","Web","US","USD","Jan","Tue"
"FALSE",2000,30,1,11,8,8,17,"Friday","Tuesday","Web","US","USD","Jul","Wed"
"FALSE",3e+05,60,4,12,17,17,8,"Saturday","Sunday","Web","DK","DKK","Nov","Tue"
"FALSE",20000,60,6,12,14,14,1,"Sunday","Saturday","Web","US","USD","Oct","Wed"
"FALSE",14250,60,10,15,15,15,11,"Friday","Sunday","Web","CA","CAD","Nov","Mon"
"FALSE",1000,30,7,12,14,14,6,"Wednesday","Thursday","Web","AU","AUD","Feb","Mon"
"FALSE",250000,6.17563657407407,2,12,19,0,18,"Tuesday","Sunday","Web","US","USD","Apr","Tue"
"FALSE",11500,29,6,18,22,22,23,"Thursday","Tuesday","Web","US","USD","Aug","Wed"
"FALSE",5000,30,5,15,9,9,8,"Thursday","Tuesday","Web","GB","GBP","Jan","Tue"
"FALSE",25000,30,7,13,13,13,15,"Friday","Thursday","Web","US","USD","Apr","Wed"
"FALSE",75000,33,5,14,18,18,21,"Saturday","Thursday","Web","US","USD","Jan","Mon"
"FALSE",20000,60,1,12,10,10,22,"Saturday","Thursday","Web","US","USD","Nov","Tue"
"FALSE",2000,30,5,8,15,15,11,"Saturday","Sunday","Web","US","USD","Mar","Thu"
"FALSE",118000,6.03497685185185,3,14,14,15,15,"Tuesday","Monday","Web","US","USD","Feb","Wed"
"FALSE",5000,30,4,14,11,11,11,"Sunday","Tuesday","Web","CA","CAD","Sep","Fri"
"FALSE",50000,30,7,16,3,3,8,"Friday","Saturday","Web","NL","EUR","Feb","Wed"
"FALSE",100,30,4,7,16,16,11,"Thursday","Monday","Web","IT","EUR","Jul","Tue"
"FALSE",5000,16.1822916666667,6,16,13,18,6,"Thursday","Saturday","Web","GB","GBP","Dec","Tue"
"FALSE",10000,53.9031712962963,8,11,16,13,12,"Wednesday","Thursday","Web","US","USD","Apr","Fri"
"FALSE",3000,30,2,13,6,6,16,"Sunday","Tuesday","Web","US","USD","Aug","Fri"
"FALSE",5000,60,6,10,15,15,9,"Friday","Sunday","Web","DE","EUR","Jan","Mon"
"FALSE",3000,30,4,9,20,20,7,"Monday","Wednesday","Web","NL","EUR","Jul","Sat"
"FALSE",1500000,28.3131134259259,1,16,0,8,8,"Friday","Wednesday","Web","AU","AUD","Jan","Fri"
"FALSE",10000,35,2,14,21,21,0,"Sunday","Wednesday","Web","AU","AUD","May","Sun"
"FALSE",30000,30,5,12,12,12,6,"Wednesday","Sunday","Web","GB","GBP","Sep","Mon"
"FALSE",50000,58.7019907407407,7,15,22,15,17,"Monday","Tuesday","Web","US","USD","Feb","Fri"
"FALSE",150000,25,1,14,14,14,8,"Monday","Wednesday","Web","US","USD","Apr","Thu"
"FALSE",95000,30,9,12,15,15,15,"Thursday","Monday","Web","US","USD","Jan","Tue"
"FALSE",30000,30,5,12,17,17,6,"Saturday","Wednesday","Web","AU","AUD","May","Thu"
"FALSE",1e+06,60,3,12,2,2,4,"Saturday","Monday","Web","NL","EUR","Mar","Tue"
"FALSE",175000,30,1,8,20,20,8,"Saturday","Thursday","Web","US","USD","Aug","Thu"
"FALSE",300,10,3,14,16,16,10,"Monday","Wednesday","Web","US","USD","Oct","Fri"
"FALSE",10000,30,5,12,14,14,20,"Thursday","Saturday","Web","US","USD","Apr","Tue"
"FALSE",15000,30,4,13,16,16,16,"Wednesday","Monday","Web","GB","GBP","May","Mon"
"FALSE",95000,60,6,15,17,17,3,"Sunday","Wednesday","Web","AU","AUD","Jul","Wed"
"FALSE",50000,30,1,13,15,15,15,"Thursday","Saturday","Web","CA","CAD","Oct","Tue"
"FALSE",5000,30,3,15,12,12,9,"Saturday","Saturday","Web","US","USD","Nov","Thu"
"FALSE",8500,60,2,15,10,10,11,"Friday","Friday","Web","FR","EUR","Dec","Mon"
"FALSE",10000,20,3,12,11,11,9,"Monday","Saturday","Web","GB","GBP","Sep","Tue"
"FALSE",82000,30,1,15,14,14,8,"Friday","Tuesday","Web","GB","GBP","Feb","Wed"
"FALSE",5000,30,4,8,18,18,13,"Thursday","Monday","Web","US","USD","Sep","Tue"
"FALSE",3000,30,3,13,12,12,15,"Saturday","Wednesday","Web","GB","GBP","Oct","Thu"
"FALSE",25000,30,1,10,11,11,17,"Thursday","Monday","Web","BE","EUR","Jun","Tue"
"FALSE",135000,59.0418865740741,3,10,5,6,4,"Friday","Wednesday","Web","IT","EUR","Sep","Tue"
"FALSE",6500,50,9,13,7,7,4,"Tuesday","Saturday","Web","AU","AUD","Aug","Mon"
"FALSE",24000,30,10,10,10,10,21,"Saturday","Tuesday","Web","US","USD","Jul","Thu"
"FALSE",15000,30,3,17,16,16,9,"Wednesday","Thursday","Web","BE","EUR","Nov","Mon"
"FALSE",17000,30,3,13,17,17,6,"Friday","Tuesday","Web","US","USD","May","Wed"
"FALSE",25000,30,6,11,10,10,15,"Saturday","Tuesday","Web","US","USD","Aug","Thu"
"FALSE",500,30,5,10,10,10,16,"Wednesday","Saturday","Web","US","USD","Aug","Mon"
"FALSE",1500,30,8,14,23,23,19,"Friday","Sunday","Web","US","USD","Jan","Wed"
"FALSE",1000,15,3,16,11,11,19,"Tuesday","Sunday","Web","US","USD","Sep","Mon"
"FALSE",9999,30,1,14,10,10,12,"Thursday","Friday","Web","AU","AUD","Mar","Tue"
"FALSE",110000,30,1,15,6,6,19,"Monday","Wednesday","Web","US","USD","Jul","Sat"
"FALSE",1500,30,3,12,8,8,10,"Thursday","Wednesday","Web","US","USD","Sep","Tue"
"FALSE",7000,30,3,11,23,23,12,"Tuesday","Sunday","Web","US","USD","Oct","Sun"
"FALSE",50000,34.1530324074074,6,11,14,18,3,"Thursday","Thursday","Web","GB","GBP","Mar","Fri"
"FALSE",5000,30,1,15,17,17,21,"Wednesday","Sunday","Web","US","USD","Apr","Mon"
"FALSE",80000,30,5,15,8,8,7,"Thursday","Saturday","Web","GB","GBP","Apr","Tue"
"FALSE",5000,30,1,5,0,0,9,"Thursday","Monday","Web","NL","EUR","Nov","Tue"
"FALSE",1e+05,40,6,13,23,23,22,"Tuesday","Wednesday","Web","AU","AUD","Jul","Thu"
"FALSE",500,30,4,13,13,13,15,"Wednesday","Friday","Web","GB","GBP","Mar","Mon"
"FALSE",2000,45,3,12,22,22,15,"Wednesday","Monday","Web","US","USD","Jan","Sun"
"FALSE",40000,30,5,10,4,4,4,"Tuesday","Thursday","Web","AU","AUD","Jul","Sun"
"FALSE",16500,30.9684143518519,6,16,22,22,7,"Sunday","Friday","Web","US","USD","Oct","Thu"
"FALSE",5000,30,6,13,23,23,17,"Thursday","Monday","Web","US","USD","Mar","Tue"
"FALSE",1e+05,30,3,3,20,20,23,"Friday","Saturday","Web","US","USD","Apr","Wed"
"FALSE",917000,58.3910532407407,6,12,13,22,21,"Wednesday","Tuesday","Web","US","USD","Nov","Mon"
"FALSE",1e+05,30.5473263888889,2,17,0,13,13,"Thursday","Wednesday","Web","US","USD","Jul","Tue"
"FALSE",1e+05,30,1,12,18,18,17,"Friday","Monday","Web","IT","EUR","Jul","Wed"
"FALSE",10000,60,4,16,12,12,13,"Tuesday","Monday","Web","US","USD","Dec","Fri"
"FALSE",500,30,3,11,23,23,3,"Thursday","Sunday","Web","DE","EUR","May","Tue"
"FALSE",3000,30,4,14,10,10,13,"Monday","Friday","Web","GB","GBP","Nov","Sat"
"FALSE",5000,30,1,16,14,14,11,"Sunday","Tuesday","Web","GB","GBP","Feb","Fri"
"FALSE",8e+05,30,2,13,20,20,13,"Friday","Wednesday","Web","US","USD","Apr","Wed"
"FALSE",5000,30,5,12,8,8,10,"Wednesday","Tuesday","Web","US","USD","Jun","Mon"
"FALSE",10000,30,1,8,17,17,21,"Saturday","Wednesday","Web","NZ","NZD","May","Thu"
"FALSE",50000,30,5,14,15,15,2,"Friday","Tuesday","Web","US","USD","Aug","Wed"
"FALSE",1000,1,5,7,6,6,4,"Monday","Sunday","Web","GB","GBP","Dec","Sun"
"FALSE",1000,30,3,12,8,8,21,"Monday","Tuesday","Web","CA","CAD","Nov","Sat"
"FALSE",1e+06,30,5,15,11,11,7,"Thursday","Thursday","Web","US","USD","Feb","Tue"
"FALSE",3000,30,2,12,14,14,14,"Wednesday","Friday","Web","CA","CAD","Mar","Mon"
"FALSE",365000,30,1,6,10,10,0,"Thursday","Sunday","Web","US","USD","Jun","Tue"
"FALSE",1e+05,60,2,14,10,10,11,"Sunday","Sunday","Web","IT","EUR","Jun","Wed"
"FALSE",25000,32.0511805555556,3,9,13,14,14,"Saturday","Monday","Web","US","USD","Jun","Tue"
"FALSE",5000,60,6,15,23,23,21,"Tuesday","Monday","Web","US","USD","Jan","Fri"
"FALSE",200,30,1,8,22,22,11,"Friday","Tuesday","Web","US","USD","Mar","Wed"
"FALSE",150000,30,4,17,11,11,22,"Friday","Saturday","Web","US","USD","Apr","Wed"
"FALSE",20000,60,3,13,16,16,13,"Wednesday","Friday","Web","US","USD","Feb","Sat"
"FALSE",150000,30,1,5,0,0,8,"Saturday","Tuesday","Web","SE","SEK","Sep","Thu"
"FALSE",12500,49.3052777777778,3,14,16,0,0,"Tuesday","Tuesday","Web","NZ","NZD","May","Mon"
"FALSE",1e+05,30,1,15,15,15,23,"Thursday","Friday","Web","NZ","NZD","Feb","Tue"
"FALSE",80000,30,7,13,14,14,18,"Wednesday","Monday","Web","US","USD","Dec","Mon"
"FALSE",10000,15.5772222222222,6,11,3,17,7,"Friday","Wednesday","Web","ES","EUR","Dec","Thu"
"FALSE",11999,30,4,10,13,13,7,"Sunday","Thursday","Web","US","USD","May","Fri"
"FALSE",36000,22.5422222222222,3,15,3,16,16,"Friday","Tuesday","Web","US","USD","Apr","Thu"
"FALSE",3500,45,6,12,16,16,11,"Saturday","Saturday","Web","US","USD","Nov","Wed"
"FALSE",25000,45,2,14,18,18,18,"Tuesday","Wednesday","Web","AU","AUD","Jan","Sat"
"FALSE",5000,30,1,8,19,19,9,"Wednesday","Saturday","Web","GB","GBP","Jan","Mon"
"FALSE",75000,60,1,15,12,12,13,"Tuesday","Sunday","Web","US","USD","Aug","Fri"
"FALSE",25000,30,4,12,20,20,15,"Wednesday","Friday","Web","US","USD","Apr","Mon"
"FALSE",2500,27.3746527777778,6,13,13,22,22,"Sunday","Friday","Web","US","USD","May","Mon"
"FALSE",258899,29,6,10,14,14,14,"Sunday","Saturday","Web","US","USD","Aug","Sat"
"FALSE",550,30,6,15,11,11,17,"Saturday","Friday","Web","US","USD","Dec","Thu"
"FALSE",20000,30,4,4,19,19,16,"Wednesday","Sunday","Web","US","USD","Nov","Mon"
"FALSE",10000,30,8,16,20,20,20,"Friday","Wednesday","Web","US","USD","Mar","Wed"
"FALSE",20000,30,3,14,19,19,17,"Thursday","Thursday","Web","US","USD","Feb","Tue"
"FALSE",15000,46.6897685185185,4,15,2,18,17,"Sunday","Sunday","Web","US","USD","Oct","Wed"
"FALSE",1000,32.1487037037037,5,18,9,13,13,"Sunday","Sunday","Web","IT","EUR","Dec","Wed"
"FALSE",1e+05,60,5,14,11,11,15,"Tuesday","Thursday","Web","US","USD","Sep","Fri"
"FALSE",20000,30,6,9,19,19,9,"Wednesday","Saturday","Web","US","USD","Oct","Mon"
"FALSE",1e+06,30,1,16,11,11,11,"Sunday","Friday","Web","CA","CAD","Mar","Fri"
"FALSE",60000,29.4266898148148,8,13,8,19,21,"Wednesday","Wednesday","Web","US","USD","Sep","Tue"
"FALSE",1e+05,30,6,14,12,12,12,"Sunday","Saturday","Web","US","USD","Jun","Fri"
"FALSE",4000,30,6,12,12,12,6,"Friday","Tuesday","Web","AT","EUR","Sep","Wed"
"FALSE",100,15,4,11,15,15,15,"Thursday","Sunday","Web","GB","GBP","Sep","Wed"
"FALSE",500,60,6,19,12,12,11,"Friday","Monday","Web","FR","EUR","Aug","Mon"
"FALSE",10000,16.9023611111111,8,13,17,14,14,"Monday","Saturday","Web","GB","GBP","Jul","Fri"
"FALSE",85000,30,1,14,1,1,11,"Sunday","Saturday","Web","CA","CAD","Feb","Fri"
"FALSE",1e+05,30,7,13,4,4,2,"Saturday","Tuesday","Web","IE","EUR","Oct","Thu"
"FALSE",75000,23.0472800925926,4,13,11,12,12,"Thursday","Sunday","Web","US","USD","Nov","Tue"
"FALSE",20000,30,8,15,9,9,0,"Friday","Sunday","Web","US","USD","Jan","Wed"
"FALSE",10000,60,1,6,14,14,10,"Tuesday","Monday","Web","GB","GBP","Aug","Fri"
"FALSE",33000,30,1,15,15,15,20,"Wednesday","Tuesday","Web","US","USD","Oct","Mon"
"FALSE",2500,31,5,13,12,12,16,"Saturday","Wednesday","Web","CH","CHF","Nov","Wed"
"FALSE",1500,60,8,15,9,9,20,"Monday","Monday","Web","US","USD","Aug","Thu"
"FALSE",700,30,4,12,15,15,15,"Wednesday","Thursday","Web","US","USD","Oct","Mon"
"FALSE",85000,45,4,16,15,15,19,"Sunday","Wednesday","Web","US","USD","Jun","Thu"
"FALSE",17500,35,6,8,16,16,22,"Tuesday","Saturday","Web","US","USD","Jul","Tue"
"FALSE",40000,30,8,13,22,22,5,"Thursday","Tuesday","Web","DK","DKK","Mar","Tue"
"FALSE",37000,45,8,9,13,13,13,"Sunday","Thursday","Web","GB","GBP","Jul","Thu"
"FALSE",50000,60,7,11,0,0,9,"Saturday","Monday","Web","US","USD","Jun","Tue"
"FALSE",15000,60,3,7,6,6,15,"Tuesday","Friday","Web","GB","GBP","Apr","Fri"
"FALSE",1e+05,59.8753009259259,10,11,20,17,16,"Thursday","Saturday","Web","US","USD","Dec","Sun"
"FALSE",2500,45,3,18,13,13,8,"Thursday","Thursday","Web","US","USD","Nov","Mon"
"FALSE",25000,53.7006944444444,2,12,15,7,7,"Wednesday","Monday","Web","US","USD","Sep","Fri"
"FALSE",1000,15,4,14,20,20,12,"Tuesday","Saturday","Web","US","USD","Mar","Mon"
"FALSE",525,30,4,11,22,22,9,"Thursday","Sunday","Web","AT","EUR","Mar","Tue"
"FALSE",60000,10.1594791666667,5,12,14,18,21,"Saturday","Saturday","Web","US","USD","May","Wed"
"FALSE",20000,52.0128356481481,5,17,19,19,11,"Friday","Wednesday","Web","US","USD","Sep","Tue"
"FALSE",25,30,3,11,16,16,17,"Wednesday","Wednesday","Web","US","USD","Feb","Mon"
"FALSE",5000,30,7,8,15,15,18,"Thursday","Tuesday","Web","US","USD","Nov","Tue"
"FALSE",10000,26,5,17,9,9,9,"Monday","Saturday","Web","US","USD","Mar","Wed"
"FALSE",5000,60,2,14,11,11,15,"Saturday","Monday","Web","CA","CAD","Feb","Tue"
"FALSE",150000,30,6,11,7,7,16,"Wednesday","Tuesday","Web","US","USD","Jan","Mon"
"FALSE",15000,47.8831134259259,2,5,17,15,16,"Thursday","Thursday","Web","GB","GBP","Mar","Fri"
"FALSE",25000,26.4790162037037,10,16,12,23,23,"Sunday","Friday","Web","US","USD","Nov","Tue"
"FALSE",81000,40,5,4,16,16,15,"Tuesday","Friday","Web","US","USD","Jul","Thu"
"FALSE",5000,30,6,14,14,14,13,"Saturday","Monday","Web","US","USD","Sep","Thu"
"FALSE",115,30,5,14,18,18,16,"Wednesday","Sunday","Web","US","USD","Nov","Mon"
"FALSE",5000,30,3,14,7,7,10,"Monday","Wednesday","Web","GB","GBP","Jan","Sat"
"FALSE",5000,28,5,20,8,8,6,"Thursday","Thursday","Web","NL","EUR","Dec","Thu"
"FALSE",35000,40,1,10,16,16,16,"Monday","Wednesday","Web","US","USD","Jul","Wed"
"FALSE",10000,30,5,16,17,17,6,"Friday","Monday","Web","IT","EUR","Jul","Wed"
"FALSE",8275,25,2,11,22,22,12,"Sunday","Saturday","Web","US","USD","Aug","Wed"
"FALSE",5000,30,1,11,2,2,13,"Monday","Thursday","Web","US","USD","Nov","Sat"
"FALSE",20000,20,1,19,16,16,17,"Monday","Wednesday","Web","US","USD","Oct","Tue"
"FALSE",29000,20,5,8,12,12,18,"Sunday","Wednesday","Web","GB","GBP","May","Mon"
"FALSE",30000,60,5,7,9,9,17,"Saturday","Wednesday","Web","US","USD","Oct","Tue"
"FALSE",150,14.8737847222222,8,18,16,13,10,"Friday","Monday","Web","FR","EUR","Jan","Thu"
"FALSE",25000,30,1,24,3,3,19,"Monday","Friday","Web","ES","EUR","Dec","Sat"
"FALSE",50000,30,1,7,9,9,13,"Sunday","Monday","Web","DK","DKK","Sep","Fri"
"FALSE",3e+06,25,5,18,13,13,14,"Friday","Sunday","Web","NO","NOK","Jul","Mon"
"FALSE",3000,35,5,10,17,17,15,"Wednesday","Sunday","Web","GB","GBP","Sep","Wed"
"FALSE",10000,30,1,9,14,14,2,"Sunday","Friday","Web","US","USD","Jun","Fri"
"FALSE",13000,30,1,7,19,19,12,"Sunday","Sunday","Web","US","USD","Nov","Fri"
"FALSE",30000,60,1,10,23,23,23,"Tuesday","Thursday","Web","AU","AUD","Feb","Fri"
"FALSE",8000,45,7,10,11,11,13,"Sunday","Thursday","Web","US","USD","Oct","Thu"
"FALSE",19000,57.4065740740741,7,8,12,22,18,"Friday","Saturday","Web","US","USD","Sep","Thu"
"FALSE",20000,60,8,13,8,8,7,"Saturday","Tuesday","Web","GB","GBP","Oct","Tue"
"FALSE",75000,45,5,13,9,9,8,"Sunday","Thursday","Web","US","USD","Mar","Thu"
"FALSE",50000,30,5,17,21,21,0,"Friday","Wednesday","Web","US","USD","Nov","Wed"
"FALSE",10000,30,5,6,16,16,23,"Friday","Tuesday","Web","GB","GBP","Apr","Wed"
"FALSE",30000,30,6,14,11,11,13,"Wednesday","Saturday","Web","CA","CAD","Mar","Mon"
"FALSE",1e+05,60,1,9,15,15,5,"Sunday","Wednesday","Web","US","USD","Jul","Wed"
"FALSE",15000,30,2,11,16,16,10,"Saturday","Saturday","Web","US","USD","Jul","Thu"
"FALSE",2500,30,2,16,16,16,17,"Friday","Monday","Web","AU","AUD","Nov","Wed"
"FALSE",23000,30,4,12,11,11,18,"Sunday","Friday","Web","US","USD","Jun","Fri"
"FALSE",5000,30,3,13,17,17,12,"Friday","Sunday","Web","GB","GBP","Oct","Wed"
"FALSE",20000,35,1,10,1,1,8,"Tuesday","Wednesday","Web","ES","EUR","Jun","Tue"
"FALSE",12000,20,1,11,14,14,14,"Tuesday","Tuesday","Web","US","USD","May","Wed"
"FALSE",5000,36.9977430555556,2,16,16,16,15,"Saturday","Thursday","Web","US","USD","Jun","Thu"
"FALSE",500,30,1,11,10,10,13,"Monday","Tuesday","Web","GB","GBP","Oct","Sat"
"FALSE",2500,30,7,11,22,22,9,"Thursday","Monday","Web","US","USD","Mar","Tue"
"FALSE",700,30,1,14,22,22,20,"Sunday","Wednesday","Web","US","USD","Jul","Fri"
"FALSE",5000,30,2,8,14,14,11,"Monday","Thursday","Web","US","USD","Nov","Sat"
"FALSE",3000,45,6,17,8,8,9,"Thursday","Thursday","Web","FR","EUR","Nov","Mon"
"FALSE",120000,60,8,11,13,13,17,"Thursday","Thursday","Web","FR","EUR","Mar","Sun"
"FALSE",30000,50,2,10,14,14,8,"Thursday","Saturday","Web","IT","EUR","Dec","Wed"
"FALSE",5000,60,3,14,6,6,23,"Saturday","Tuesday","Web","US","USD","Dec","Tue"
"FALSE",1e+05,30,7,15,13,13,10,"Thursday","Monday","Web","US","USD","Oct","Tue"
"FALSE",10000,30,4,12,19,19,14,"Wednesday","Saturday","Web","US","USD","Jun","Mon"
"FALSE",5000,60,6,18,0,0,12,"Sunday","Thursday","Web","US","USD","Dec","Wed"
"FALSE",18000,35,7,10,15,15,10,"Thursday","Monday","Web","US","USD","Mar","Thu"
"FALSE",9000,30,2,11,10,10,10,"Saturday","Wednesday","Web","ES","EUR","Feb","Thu"
"FALSE",10000,30,3,12,23,23,19,"Friday","Tuesday","Web","US","USD","Aug","Wed"
"FALSE",6e+05,60,9,20,0,0,3,"Monday","Tuesday","Web","DE","EUR","Oct","Thu"
"FALSE",2000,30,4,11,12,12,15,"Friday","Saturday","Web","US","USD","Feb","Wed"
"FALSE",10000,30,4,12,11,11,22,"Sunday","Monday","Web","US","USD","Aug","Fri"
"FALSE",3000,30,4,8,12,12,20,"Friday","Thursday","Web","US","USD","Aug","Wed"
"FALSE",3e+05,25,6,13,9,9,12,"Friday","Friday","Web","NO","NOK","Feb","Mon"
"FALSE",58000,30,1,12,10,10,14,"Friday","Wednesday","Web","US","USD","Oct","Wed"
"FALSE",30000,60,7,12,17,17,13,"Sunday","Monday","Web","US","USD","Jun","Wed"
"FALSE",5000,60,1,16,17,17,21,"Thursday","Sunday","Web","US","USD","Apr","Sun"
"FALSE",1500,56.0976736111111,6,14,20,23,8,"Monday","Thursday","Web","US","USD","Oct","Mon"
"FALSE",1e+05,60,2,13,12,12,6,"Monday","Wednesday","Web","DK","DKK","Dec","Thu"
"FALSE",250000,30,6,12,16,16,23,"Thursday","Monday","Web","US","USD","Nov","Tue"
"FALSE",10000,30,3,13,16,16,19,"Thursday","Saturday","Web","US","USD","Oct","Tue"
"FALSE",20000,60,7,11,12,12,8,"Tuesday","Monday","Web","DE","EUR","Apr","Fri"
"FALSE",2300000,60,6,8,16,16,13,"Saturday","Sunday","Web","AU","AUD","Nov","Tue"
"FALSE",148000,30,6,8,17,17,10,"Sunday","Friday","Web","US","USD","Apr","Fri"
"FALSE",9000,30,4,14,12,12,12,"Saturday","Monday","Web","US","USD","Feb","Thu"
"FALSE",3240,30,7,14,11,11,13,"Tuesday","Wednesday","Web","CH","CHF","May","Sun"
"FALSE",1e+06,60,4,3,18,18,22,"Monday","Wednesday","Web","FR","EUR","Jun","Thu"
"FALSE",10000,29.6355092592593,6,14,12,4,3,"Thursday","Saturday","Web","US","USD","Jun","Tue"
"FALSE",10000,39,4,6,11,11,8,"Friday","Thursday","Web","FR","EUR","Feb","Mon"
"FALSE",20000,45,1,24,5,5,19,"Saturday","Monday","Web","FR","EUR","Mar","Wed"
"FALSE",5000,33,3,14,15,15,9,"Monday","Wednesday","Web","CA","CAD","Mar","Wed"
"FALSE",1000,30,1,13,14,14,17,"Friday","Tuesday","Web","US","USD","Feb","Wed"
"FALSE",110000,45,3,10,16,16,21,"Thursday","Thursday","Web","US","USD","Jan","Mon"
"FALSE",3000,30,3,22,16,16,16,"Thursday","Monday","Web","US","USD","Aug","Tue"
"FALSE",400,30,3,17,19,19,22,"Saturday","Tuesday","Web","US","USD","Jul","Thu"
"FALSE",1e+05,23.0518634259259,2,13,11,13,16,"Sunday","Thursday","Web","US","USD","Feb","Fri"
"FALSE",9000,30,1,10,16,16,21,"Thursday","Wednesday","Web","US","USD","Feb","Tue"
"FALSE",1000,30,6,8,11,11,12,"Monday","Sunday","Web","US","USD","Feb","Sat"
"FALSE",9000,55.5673958333333,2,12,4,18,7,"Monday","Monday","Web","GB","GBP","Oct","Tue"
"FALSE",10000,30,3,9,14,14,16,"Sunday","Wednesday","Web","US","USD","Jan","Fri"
"FALSE",30000,30,1,15,13,13,16,"Thursday","Friday","Web","CA","CAD","Mar","Tue"
"FALSE",9000,60,3,22,13,13,18,"Thursday","Thursday","Web","IT","EUR","Sep","Sun"
"FALSE",7500,15,2,3,9,9,13,"Wednesday","Friday","Web","US","USD","Jun","Tue"
"FALSE",5000,30.9876041666667,7,15,7,7,17,"Monday","Saturday","Web","GB","GBP","Jan","Fri"
"FALSE",1e+05,30,6,15,8,8,12,"Wednesday","Thursday","Web","US","USD","Jun","Mon"
"FALSE",7500,30,4,12,23,23,0,"Tuesday","Friday","Web","US","USD","Nov","Sun"
"FALSE",500,30,10,24,10,10,15,"Monday","Sunday","Web","GB","GBP","Mar","Sat"
"FALSE",25000,30,2,7,13,13,15,"Saturday","Wednesday","Web","US","USD","Mar","Thu"
"FALSE",1e+05,45,1,10,20,20,16,"Sunday","Wednesday","Web","US","USD","Mar","Thu"
"FALSE",20000,30,3,9,16,16,10,"Wednesday","Tuesday","Web","US","USD","Oct","Mon"
"FALSE",7500,36.961400462963,7,12,11,11,19,"Sunday","Wednesday","Web","US","USD","Jun","Fri"
"FALSE",2500,30,2,9,18,18,16,"Thursday","Sunday","Web","US","USD","Nov","Tue"
"FALSE",50000,23.8652546296296,3,14,13,10,15,"Sunday","Thursday","Web","US","USD","Feb","Thu"
"FALSE",100,18.1116203703704,4,10,13,16,16,"Friday","Sunday","Web","GB","GBP","Aug","Mon"
"FALSE",10000,30,5,10,21,21,0,"Wednesday","Tuesday","Web","US","USD","Mar","Mon"
"FALSE",50,25.2493865740741,3,11,3,9,13,"Tuesday","Friday","Web","US","USD","Oct","Fri"
"FALSE",175000,25.7182060185185,6,10,5,22,13,"Saturday","Wednesday","Web","US","USD","Nov","Tue"
"FALSE",750000,30,1,17,16,16,22,"Wednesday","Sunday","Web","US","USD","May","Mon"
"FALSE",1000,30,3,14,14,14,0,"Wednesday","Monday","Web","US","USD","Jul","Mon"
"FALSE",65000,30,5,12,15,15,10,"Wednesday","Wednesday","Web","US","USD","Sep","Mon"
"FALSE",12000,30,5,16,13,13,1,"Friday","Monday","Web","DE","EUR","Feb","Wed"
"FALSE",150000,30,3,13,20,20,16,"Friday","Tuesday","Web","US","USD","Mar","Wed"
"FALSE",5000,50,4,5,3,3,13,"Tuesday","Wednesday","Web","IE","EUR","Sep","Mon"
"FALSE",20000,30,3,9,12,12,6,"Sunday","Wednesday","Web","DK","DKK","Sep","Fri"
"FALSE",350000,49.9894212962963,1,14,12,11,11,"Wednesday","Saturday","Web","US","USD","May","Tue"
"FALSE",205,25,4,12,14,14,18,"Friday","Tuesday","Web","US","USD","Aug","Mon"
"FALSE",5000,25,2,13,13,13,10,"Friday","Thursday","Web","GB","GBP","Dec","Mon"
"FALSE",50000,45,9,10,19,19,13,"Sunday","Monday","Web","US","USD","Oct","Thu"
"FALSE",22500,30,3,16,13,13,17,"Thursday","Monday","Web","GB","GBP","Jul","Tue"
"FALSE",3000,30,3,14,12,12,10,"Friday","Thursday","Web","US","USD","Oct","Wed"
"FALSE",1000,30,3,14,10,10,11,"Friday","Monday","Web","US","USD","Oct","Wed"
"FALSE",6000,30,8,12,16,16,2,"Sunday","Friday","Web","AU","AUD","Dec","Fri"
"FALSE",5000,30,1,14,16,16,12,"Saturday","Wednesday","Web","US","USD","Apr","Thu"
"FALSE",5000,60,1,15,5,5,11,"Sunday","Monday","Web","US","USD","Oct","Wed"
"FALSE",250,15,7,7,6,6,12,"Wednesday","Tuesday","Web","AU","AUD","Jul","Tue"
"FALSE",6000,60,3,15,3,3,14,"Tuesday","Friday","Web","FR","EUR","Jun","Fri"
"FALSE",125000,30,8,11,9,9,15,"Wednesday","Tuesday","Web","US","USD","Jul","Mon"
"FALSE",80000,60,11,28,23,23,15,"Thursday","Sunday","Web","US","USD","Dec","Sun"
"FALSE",7500,30,2,6,19,19,1,"Thursday","Tuesday","Web","AU","AUD","May","Tue"
"FALSE",50000,30,4,16,17,17,7,"Thursday","Wednesday","Web","US","USD","Mar","Tue"
"FALSE",500,40,1,24,14,14,9,"Saturday","Friday","Web","FR","EUR","Sep","Mon"
"FALSE",50000,30,4,16,20,20,14,"Saturday","Wednesday","Web","US","USD","Feb","Thu"
"FALSE",20000,60,2,5,15,15,23,"Monday","Friday","Web","CA","CAD","Jun","Thu"
"FALSE",3000,30,1,12,10,10,12,"Wednesday","Sunday","Web","US","USD","Mar","Mon"
"FALSE",25000,30,6,19,14,14,21,"Monday","Monday","Web","US","USD","Mar","Sat"
"FALSE",10000,60,4,16,2,2,7,"Wednesday","Tuesday","Web","GB","GBP","May","Sat"
"FALSE",3000,30,4,16,10,10,11,"Wednesday","Friday","Web","US","USD","May","Mon"
"FALSE",250,60,1,15,17,17,3,"Sunday","Sunday","Web","US","USD","Dec","Wed"
"FALSE",30000,37.1573032407407,9,14,20,0,16,"Sunday","Tuesday","Web","US","USD","Jul","Thu"
"FALSE",13500,31.2638310185185,7,13,14,20,15,"Thursday","Friday","Web","US","USD","Aug","Mon"
"FALSE",40000,30,1,13,17,17,7,"Sunday","Thursday","Web","US","USD","Jun","Fri"
"FALSE",350,37.5401041666667,5,13,10,23,20,"Sunday","Sunday","Web","US","USD","Jul","Fri"
"FALSE",50000,59.3255902777778,3,12,6,14,14,"Monday","Friday","Web","US","USD","Feb","Fri"
"FALSE",20000,23.5469907407407,5,13,3,16,14,"Thursday","Tuesday","Web","NL","EUR","Nov","Tue"
"FALSE",30000,30,7,16,13,13,5,"Saturday","Thursday","Web","US","USD","Sep","Thu"
"FALSE",7000,1,2,8,14,14,9,"Friday","Wednesday","Web","US","USD","Oct","Thu"
"FALSE",3800000,30,7,18,18,18,17,"Monday","Wednesday","Web","CA","CAD","Oct","Sat"
"FALSE",5000,38,5,14,7,7,6,"Monday","Thursday","Web","FR","EUR","May","Fri"
"FALSE",2000,30,10,18,14,14,23,"Saturday","Tuesday","Web","US","USD","Mar","Thu"
"FALSE",20000,60,1,8,23,23,16,"Friday","Thursday","Web","US","USD","Feb","Mon"
"FALSE",2000,30,3,12,13,13,21,"Saturday","Monday","Web","US","USD","Dec","Thu"
"FALSE",10000,60,7,9,17,17,19,"Saturday","Monday","Web","US","USD","Sep","Tue"
"FALSE",2e+05,27.3548842592593,7,10,9,18,16,"Thursday","Monday","Web","US","USD","Apr","Fri"
"FALSE",10000,30,1,17,9,9,12,"Sunday","Thursday","Web","US","USD","Jun","Fri"
"FALSE",5000,30,3,13,7,7,11,"Friday","Friday","Web","US","USD","Jan","Wed"
"FALSE",2500,30,3,14,10,10,18,"Friday","Tuesday","Web","US","USD","Jun","Wed"
"FALSE",15000,60,1,16,1,1,6,"Monday","Wednesday","Web","BE","EUR","Nov","Thu"
"FALSE",40000,30,6,13,17,17,10,"Wednesday","Tuesday","Web","GB","GBP","Feb","Mon"
"FALSE",35000,53.1194907407407,6,17,5,8,19,"Tuesday","Wednesday","Web","US","USD","Nov","Fri"
"FALSE",10000,30,4,12,21,21,12,"Friday","Tuesday","Web","US","USD","Feb","Wed"
"FALSE",10000,30,6,9,4,4,8,"Saturday","Monday","Web","US","USD","May","Thu"
"FALSE",13500,30,3,6,5,5,4,"Saturday","Monday","Web","DE","EUR","Sep","Thu"
"FALSE",25000,30,1,8,7,7,16,"Sunday","Monday","Web","GB","GBP","Dec","Fri"
"FALSE",20000,52.2890046296296,5,4,11,18,13,"Friday","Wednesday","Web","CA","CAD","Jul","Tue"
"FALSE",10000,30,1,14,13,13,13,"Saturday","Tuesday","Web","US","USD","Feb","Thu"
"FALSE",7000,45,2,16,18,18,18,"Friday","Friday","Web","US","USD","Mar","Tue"
"FALSE",5e+05,60,2,8,14,14,15,"Monday","Wednesday","Web","US","USD","Apr","Thu"
"FALSE",50000,60,3,14,16,16,16,"Friday","Monday","Web","GB","GBP","Jul","Mon"
"FALSE",1e+05,60,1,6,9,9,18,"Sunday","Saturday","Web","US","USD","Jan","Wed"
"FALSE",3500,45,1,13,10,10,15,"Saturday","Friday","Web","US","USD","Jan","Wed"
"FALSE",5000,30,1,11,21,21,14,"Sunday","Thursday","Web","US","USD","Nov","Fri"
"FALSE",15000,30,8,19,15,15,7,"Thursday","Sunday","Web","GB","GBP","Sep","Tue"
"FALSE",50000,60,4,13,9,9,22,"Friday","Friday","Web","US","USD","Mar","Mon"
"FALSE",7500,30,3,13,5,5,19,"Saturday","Tuesday","Web","AU","AUD","May","Thu"
"FALSE",1000,30,6,12,13,13,13,"Saturday","Wednesday","Web","US","USD","May","Thu"
"FALSE",10000,30,3,14,18,18,23,"Thursday","Monday","Web","CA","CAD","Apr","Tue"
"FALSE",55000,33,6,8,16,16,19,"Wednesday","Wednesday","Web","US","USD","Dec","Fri"
"FALSE",11000,30,2,11,12,12,4,"Friday","Wednesday","Web","IT","EUR","Oct","Wed"
"FALSE",5000,30,1,12,19,19,21,"Friday","Monday","Web","US","USD","Jan","Wed"
"FALSE",1000,30,5,11,18,18,21,"Sunday","Thursday","Web","AU","AUD","Apr","Fri"
"FALSE",1e+06,30,4,11,3,3,17,"Friday","Saturday","Web","FR","EUR","Mar","Wed"
"FALSE",10000,30,5,7,21,21,0,"Tuesday","Sunday","Web","CA","CAD","Oct","Sun"
"FALSE",75000,30,6,12,21,21,20,"Wednesday","Saturday","Web","US","USD","Jun","Mon"
"FALSE",1000,60,2,16,19,19,10,"Sunday","Tuesday","Web","DE","EUR","Oct","Wed"
"FALSE",2000,45,1,13,13,13,11,"Thursday","Friday","Web","US","USD","Feb","Mon"
"FALSE",25000,30,4,14,19,19,20,"Wednesday","Saturday","Web","US","USD","Feb","Mon"
"FALSE",2e+05,30,2,12,3,3,20,"Monday","Sunday","Web","US","USD","Sep","Sat"
"FALSE",10000,60,4,14,2,2,3,"Wednesday","Thursday","Web","US","USD","Feb","Sat"
"FALSE",1000,30,7,11,18,18,11,"Saturday","Wednesday","Web","US","USD","Feb","Thu"
"FALSE",5000,30,1,10,13,13,19,"Thursday","Monday","Web","US","USD","May","Tue"
"FALSE",25000,60,6,12,23,23,15,"Sunday","Friday","Web","US","USD","Oct","Wed"
"FALSE",1e+05,60,1,3,16,16,15,"Wednesday","Saturday","Web","IT","EUR","Jul","Sat"
"FALSE",1000,31,4,11,11,11,15,"Friday","Thursday","Web","US","USD","Jun","Tue"
"FALSE",12000,30,9,13,23,23,15,"Friday","Tuesday","Web","US","USD","Jun","Wed"
"FALSE",1096542,32,4,4,6,6,7,"Sunday","Monday","Web","AU","AUD","Apr","Wed"
"FALSE",3e+05,30,2,12,15,15,9,"Friday","Friday","Web","US","USD","Nov","Wed"
"FALSE",39298,30,8,15,12,12,13,"Wednesday","Monday","Web","CA","CAD","Oct","Mon"
"FALSE",14000,35,7,18,14,14,11,"Friday","Sunday","Web","AT","EUR","Jun","Fri"
"FALSE",25000,30,8,11,17,17,16,"Saturday","Sunday","Web","US","USD","May","Thu"
"FALSE",5000,28.243900462963,2,18,10,16,16,"Thursday","Sunday","Web","US","USD","Sep","Thu"
"FALSE",224000,30,1,13,16,16,22,"Wednesday","Thursday","Web","CA","CAD","Nov","Mon"
"FALSE",50000,20,4,12,14,14,11,"Monday","Monday","Web","US","USD","Apr","Tue"
"FALSE",50000,30,1,5,14,14,5,"Saturday","Thursday","Web","NZ","NZD","Mar","Thu"
"FALSE",14500,29.982974537037,9,17,7,6,9,"Monday","Wednesday","Web","US","USD","Apr","Sat"
"FALSE",8000,30,1,11,1,1,2,"Thursday","Friday","Web","GB","GBP","Jul","Tue"
"FALSE",14000,30,2,8,11,11,17,"Thursday","Friday","Web","US","USD","Nov","Tue"
"FALSE",1e+06,30,7,10,13,13,23,"Friday","Tuesday","Web","US","USD","Feb","Wed"
"FALSE",50000,30,5,15,15,15,16,"Sunday","Tuesday","Web","CA","CAD","Apr","Fri"
"FALSE",30000,30,1,11,11,11,9,"Sunday","Wednesday","Web","US","USD","Jul","Fri"
"FALSE",12000,20,1,16,11,11,18,"Sunday","Sunday","Web","US","USD","Nov","Mon"
"FALSE",7500,30,3,11,12,12,20,"Wednesday","Saturday","Web","US","USD","Jun","Mon"
"FALSE",50000,60,5,6,11,11,8,"Friday","Monday","Web","US","USD","Mar","Mon"
"FALSE",20000,30,8,13,9,9,3,"Sunday","Wednesday","Web","NL","EUR","Sep","Fri"
"FALSE",15000,30,1,7,14,14,12,"Sunday","Sunday","Web","CA","CAD","Apr","Fri"
"FALSE",5000,50,1,16,4,4,9,"Friday","Friday","Web","FR","EUR","Sep","Thu"
"FALSE",7000,60,7,18,16,16,23,"Monday","Tuesday","Web","DE","EUR","Nov","Thu"
"FALSE",4700,30,7,21,12,12,11,"Saturday","Saturday","Web","US","USD","Jun","Thu"
"FALSE",20000,30,6,15,21,21,18,"Friday","Saturday","Web","US","USD","Sep","Wed"
"FALSE",10000,30,1,14,23,23,16,"Sunday","Thursday","Web","US","USD","Mar","Fri"
"FALSE",3e+05,30,5,12,23,23,23,"Thursday","Monday","Web","US","USD","Nov","Tue"
"FALSE",500,30,6,11,16,16,11,"Wednesday","Monday","Web","CA","CAD","Feb","Mon"
"FALSE",35000,30,3,4,23,23,19,"Friday","Friday","Web","AU","AUD","Oct","Wed"
"FALSE",3500,6.03431712962963,6,5,0,1,5,"Thursday","Thursday","Web","AT","EUR","Oct","Fri"
"FALSE",25000,30,5,14,14,14,17,"Sunday","Saturday","Web","US","USD","Dec","Fri"
"FALSE",50000,58.0591550925926,1,9,17,19,19,"Tuesday","Friday","Web","US","USD","Feb","Sun"
"FALSE",25000,35,2,13,16,16,10,"Friday","Friday","Web","CA","CAD","Mar","Fri"
"FALSE",1e+05,30,2,14,16,16,15,"Sunday","Wednesday","Web","US","USD","Dec","Fri"
"FALSE",13000,60,1,7,16,16,16,"Sunday","Tuesday","Web","US","USD","Apr","Wed"
"FALSE",20000,50,5,6,17,17,16,"Wednesday","Monday","Web","AU","AUD","Dec","Tue"
"FALSE",50000,30,4,10,17,17,13,"Sunday","Tuesday","Web","US","USD","Oct","Fri"
"FALSE",5000,30.981099537037,5,10,2,1,16,"Thursday","Thursday","Web","US","USD","Aug","Mon"
"FALSE",1500,30,1,15,12,12,23,"Friday","Tuesday","Web","US","USD","Nov","Wed"
"FALSE",3000,60,1,17,13,13,23,"Monday","Tuesday","Web","US","USD","Apr","Thu"
"FALSE",5000,50,1,15,16,16,9,"Tuesday","Wednesday","Web","US","USD","Jul","Mon"
"FALSE",115000,50,4,16,15,15,6,"Tuesday","Friday","Web","BE","EUR","Jan","Mon"
"FALSE",20000,60,3,10,1,1,12,"Saturday","Saturday","Web","GB","GBP","Jan","Tue"
"FALSE",250000,60,3,6,11,11,16,"Friday","Saturday","Web","US","USD","Aug","Mon"
"FALSE",50000,30,6,14,13,13,22,"Friday","Monday","Web","US","USD","Dec","Wed"
"FALSE",10000,45,2,12,15,15,13,"Friday","Thursday","Web","CA","CAD","Feb","Tue"
"FALSE",3000,28.8813773148148,3,12,17,15,12,"Friday","Monday","Web","US","USD","Jun","Thu"
"FALSE",25000,60,1,5,10,10,13,"Sunday","Tuesday","Web","IT","EUR","Oct","Wed"
"FALSE",70000,60,4,15,6,6,9,"Saturday","Monday","Web","US","USD","Feb","Tue"
"FALSE",30000,36,4,9,21,21,15,"Tuesday","Tuesday","Web","US","USD","Dec","Mon"
"FALSE",8000,30,1,10,11,11,17,"Friday","Wednesday","Web","US","USD","Nov","Wed"
"FALSE",600,30,5,15,21,21,14,"Sunday","Thursday","Web","US","USD","Jun","Fri"
"FALSE",10000,43.5612037037037,3,16,15,5,6,"Thursday","Saturday","Web","GB","GBP","Mar","Tue"
"FALSE",3000,29.1714583333333,5,12,20,0,23,"Friday","Tuesday","Web","AU","AUD","Feb","Wed"
"FALSE",75000,31.1833912037037,1,12,14,19,23,"Saturday","Thursday","Web","US","USD","Jan","Wed"
"FALSE",15000,60,2,22,9,9,11,"Monday","Tuesday","Web","IT","EUR","Jul","Thu"
"FALSE",800,30,1,13,9,9,10,"Saturday","Wednesday","Web","US","USD","Aug","Thu"
"FALSE",5000,30,4,14,10,10,13,"Sunday","Thursday","Web","US","USD","Jun","Fri"
"FALSE",1250,60,7,15,15,15,16,"Friday","Sunday","Web","IE","EUR","Nov","Mon"
"FALSE",33000,33,7,15,6,6,8,"Thursday","Wednesday","Web","US","USD","Feb","Sat"
"FALSE",5000,28.1887268518519,2,17,20,1,15,"Tuesday","Wednesday","Web","US","USD","Aug","Mon"
"FALSE",10000,30,7,13,6,6,11,"Saturday","Thursday","Web","AT","EUR","Apr","Thu"
"FALSE",8400,43.4716087962963,6,15,12,0,11,"Sunday","Tuesday","Web","US","USD","Dec","Fri"
"FALSE",265000,30,10,17,15,15,12,"Thursday","Friday","Web","US","USD","Nov","Tue"
"FALSE",35000,21,1,14,12,12,11,"Friday","Wednesday","Web","GB","GBP","Oct","Fri"
"FALSE",500,25,2,10,5,5,1,"Thursday","Thursday","Web","AU","AUD","Apr","Sun"
"FALSE",110000,30,2,14,10,10,11,"Monday","Thursday","Web","CA","CAD","Jun","Sat"
"FALSE",20000,23.9131944444444,2,14,17,15,15,"Friday","Saturday","Web","GB","GBP","Oct","Tue"
"FALSE",1000,30,2,17,15,15,5,"Thursday","Wednesday","Web","US","USD","Jun","Tue"
"FALSE",2600,30,6,14,16,16,20,"Thursday","Monday","Web","US","USD","Oct","Tue"
"FALSE",5e+05,60,6,13,11,11,0,"Monday","Wednesday","Web","US","USD","Jul","Thu"
"FALSE",5500,30,3,11,20,20,6,"Saturday","Wednesday","Web","US","USD","Apr","Thu"
"FALSE",20588,24,7,15,10,10,11,"Saturday","Tuesday","Web","US","USD","Jul","Wed"
"FALSE",220000,60,7,15,11,11,10,"Sunday","Monday","Web","US","USD","Jul","Wed"
"FALSE",36000,46.0219444444444,7,14,11,12,12,"Friday","Sunday","Web","US","USD","Jun","Mon"
"FALSE",6000,30,3,12,22,22,3,"Thursday","Monday","Web","US","USD","Jan","Tue"
"FALSE",310000,30.4085185185185,8,14,11,21,15,"Wednesday","Sunday","Web","US","USD","Jul","Mon"
"FALSE",10000,30,7,10,15,15,16,"Wednesday","Sunday","Web","CA","CAD","Nov","Mon"
"FALSE",10000,40,3,11,13,13,6,"Wednesday","Thursday","Web","FR","EUR","Oct","Fri"
"FALSE",10000,30,1,4,17,17,1,"Saturday","Sunday","Web","AU","AUD","Mar","Thu"
"FALSE",30000,35.4362268518518,7,13,5,16,5,"Sunday","Wednesday","Web","DE","EUR","Nov","Sun"
"FALSE",25000,30,1,11,17,17,20,"Wednesday","Monday","Web","US","USD","Mar","Mon"
"FALSE",999,30,5,14,10,10,2,"Friday","Monday","Web","FR","EUR","Sep","Wed"
"FALSE",2200000,60,6,10,16,16,16,"Monday","Sunday","Web","AU","AUD","Jul","Thu"
"FALSE",3000,30,2,10,11,11,22,"Sunday","Thursday","Web","US","USD","Apr","Fri"
"FALSE",1e+05,30,6,11,10,10,19,"Tuesday","Tuesday","Web","US","USD","May","Sun"
"FALSE",250000,24.2297685185185,1,16,12,18,18,"Monday","Saturday","Web","US","USD","Oct","Fri"
"FALSE",15000,25,6,14,4,4,10,"Wednesday","Thursday","Web","GB","GBP","Jun","Sat"
"FALSE",90000,60,7,8,21,21,8,"Saturday","Saturday","Web","US","USD","Aug","Tue"
"FALSE",25000,30,3,15,19,19,14,"Friday","Wednesday","Web","US","USD","Feb","Wed"
"FALSE",50000,30,9,13,17,17,23,"Saturday","Thursday","Web","CA","CAD","Jul","Thu"
"FALSE",3e+05,60,3,11,13,13,7,"Saturday","Monday","Web","CH","CHF","Aug","Tue"
"FALSE",1e+05,30,6,8,11,11,19,"Sunday","Thursday","Web","US","USD","Oct","Fri"
"FALSE",40000,30,1,15,10,10,7,"Saturday","Sunday","Web","CH","CHF","Jul","Thu"
"FALSE",105000,30,1,7,13,13,21,"Tuesday","Thursday","Web","US","USD","Jul","Sun"
"FALSE",7000,30,6,17,17,17,1,"Friday","Monday","Web","GB","GBP","Aug","Wed"
"FALSE",3e+05,30,6,13,12,12,15,"Friday","Tuesday","Web","NO","NOK","Jul","Wed"
"FALSE",250,8.5844212962963,4,14,11,1,1,"Wednesday","Wednesday","Web","NL","EUR","Dec","Mon"
"FALSE",20000,30,5,19,10,10,4,"Thursday","Monday","Web","CH","CHF","Jun","Tue"
"FALSE",50000,45,6,13,1,1,12,"Friday","Monday","Web","US","USD","Nov","Tue"
"FALSE",27800,60,4,13,19,19,19,"Friday","Sunday","Web","US","USD","Dec","Mon"
"FALSE",2500000,60,6,14,8,8,16,"Wednesday","Monday","Web","NO","NOK","Dec","Sat"
"FALSE",20000,30,2,7,19,19,5,"Saturday","Thursday","Web","US","USD","Nov","Thu"
"FALSE",50000,30,4,14,17,17,20,"Friday","Wednesday","Web","AU","AUD","Mar","Wed"
"FALSE",10000,30,2,14,15,15,8,"Sunday","Friday","Web","US","USD","Jul","Fri"
"FALSE",75000,30,8,20,7,7,9,"Saturday","Friday","Web","GB","GBP","Oct","Thu"
"FALSE",500,30,3,13,19,19,1,"Tuesday","Wednesday","Web","AU","AUD","Nov","Sun"
"FALSE",150,30,5,14,11,11,3,"Thursday","Sunday","Web","IT","EUR","Dec","Tue"
"FALSE",5e+05,30,6,12,17,17,1,"Thursday","Tuesday","Web","AU","AUD","Apr","Tue"
"FALSE",45000,28,1,10,13,13,9,"Tuesday","Friday","Web","US","USD","Sep","Tue"
"FALSE",25000,45,4,9,2,2,8,"Friday","Monday","Web","IT","EUR","Oct","Tue"
"FALSE",10000,30,7,17,17,17,20,"Thursday","Thursday","Web","US","USD","Oct","Tue"
"FALSE",125000,55.4083449074074,6,10,13,22,19,"Friday","Tuesday","Web","US","USD","Nov","Sat"
"FALSE",500,30,2,13,9,9,12,"Wednesday","Thursday","Web","GB","GBP","Jul","Mon"
"FALSE",132000,54.4971875,3,9,13,1,0,"Sunday","Wednesday","Web","US","USD","Jan","Mon"
"FALSE",40000,28.3165625,1,16,1,9,13,"Wednesday","Monday","Web","DK","DKK","Nov","Wed"
"FALSE",150000,20,6,6,18,18,7,"Saturday","Thursday","Web","ES","EUR","Aug","Sun"
"FALSE",12000,60,1,13,0,0,23,"Monday","Monday","Web","DE","EUR","Aug","Thu"
"FALSE",6300,30,3,15,22,22,13,"Wednesday","Friday","Web","US","USD","Aug","Mon"
"FALSE",5000,30,4,13,15,15,23,"Friday","Thursday","Web","US","USD","Feb","Wed"
"FALSE",5000,30,3,18,8,8,22,"Tuesday","Tuesday","Web","US","USD","Oct","Sun"
"FALSE",50,5,1,16,14,14,19,"Tuesday","Wednesday","Web","US","USD","Oct","Thu"
"FALSE",1e+05,60,1,8,15,15,10,"Friday","Monday","Web","US","USD","Jul","Mon"
"FALSE",5000,60,4,14,16,16,9,"Friday","Friday","Web","US","USD","Oct","Mon"
"FALSE",3000,60,4,15,4,4,5,"Saturday","Friday","Web","GB","GBP","Jul","Tue"
"FALSE",6500,30,12,16,11,11,22,"Wednesday","Sunday","Web","US","USD","Feb","Mon"
"FALSE",8500,31.0418055555556,1,14,17,19,21,"Thursday","Thursday","Web","US","USD","Mar","Mon"
"FALSE",3000,14,1,11,10,10,8,"Tuesday","Tuesday","Web","GB","GBP","Jan","Tue"
"FALSE",16050,28,7,12,16,16,17,"Friday","Wednesday","Web","GB","GBP","May","Fri"
"FALSE",5000,30,4,16,6,6,5,"Wednesday","Monday","Web","FR","EUR","May","Mon"
"FALSE",50000,30,5,11,16,16,12,"Sunday","Wednesday","Web","US","USD","Jan","Fri"
"FALSE",38000,30,8,14,20,20,1,"Saturday","Monday","Web","AU","AUD","Apr","Thu"
"FALSE",75000,30,9,22,8,8,4,"Thursday","Tuesday","Web","FR","EUR","Sep","Tue"
"FALSE",20000,45,4,12,14,14,6,"Monday","Thursday","Web","NL","EUR","Mar","Fri"
"FALSE",5000,14,3,10,16,16,8,"Wednesday","Wednesday","Web","US","USD","Apr","Wed"
"FALSE",50000,60,2,13,0,0,6,"Sunday","Thursday","Web","US","USD","Aug","Wed"
"FALSE",20000,35.4880787037037,2,16,16,4,4,"Thursday","Monday","Web","AU","AUD","Nov","Wed"
"FALSE",340501,30,2,13,7,7,9,"Friday","Monday","Web","US","USD","Mar","Wed"
"FALSE",80000,40,6,12,15,15,5,"Wednesday","Wednesday","Web","NL","EUR","Sep","Fri"
"FALSE",35000,45,7,17,2,2,10,"Sunday","Tuesday","Web","DE","EUR","Oct","Thu"
"FALSE",25000,60,1,13,22,22,18,"Monday","Tuesday","Web","US","USD","Feb","Thu"
"FALSE",10000,60,5,11,17,17,18,"Friday","Sunday","Web","US","USD","Oct","Mon"
"FALSE",60000,60,1,14,6,6,20,"Sunday","Saturday","Web","US","USD","Mar","Wed"
"FALSE",10000,30,4,9,20,20,20,"Friday","Tuesday","Web","CA","CAD","Dec","Wed"
"FALSE",5000,28.0103472222222,1,13,12,12,12,"Friday","Thursday","Web","US","USD","Jun","Fri"
"FALSE",1990,30,5,14,8,8,9,"Friday","Monday","Web","US","USD","Jul","Wed"
"FALSE",185000,30,1,12,13,13,21,"Thursday","Friday","Web","AU","AUD","Jan","Tue"
"FALSE",10000,30,8,11,0,0,22,"Thursday","Thursday","Web","CA","CAD","May","Tue"
"FALSE",7000,30,1,14,12,12,13,"Wednesday","Thursday","Web","US","USD","Jan","Mon"
"FALSE",3000,15,6,13,11,11,2,"Saturday","Tuesday","Web","CA","CAD","Oct","Fri"
"FALSE",5000,30,1,10,11,11,10,"Wednesday","Thursday","Web","IT","EUR","Sep","Mon"
"FALSE",75000,30,1,14,12,12,18,"Saturday","Monday","Web","US","USD","Feb","Thu"
"FALSE",25000,60,1,10,12,12,22,"Tuesday","Friday","Web","US","USD","Nov","Fri"
"FALSE",5000,30,9,16,9,9,16,"Thursday","Monday","Web","US","USD","Apr","Tue"
"FALSE",10000,14,1,5,1,1,8,"Thursday","Friday","Web","GB","GBP","Apr","Thu"
"FALSE",5000,60,1,9,19,19,5,"Saturday","Tuesday","Web","US","USD","May","Tue"
"FALSE",25000,30,5,16,9,9,7,"Saturday","Wednesday","Web","US","USD","Jul","Thu"
"FALSE",75000,45,2,13,19,19,12,"Saturday","Saturday","Web","US","USD","Sep","Wed"
"FALSE",9150,60,1,15,16,16,18,"Wednesday","Sunday","Web","US","USD","Aug","Sat"
"FALSE",10000,30,2,12,3,3,4,"Friday","Friday","Web","GB","GBP","Oct","Wed"
"FALSE",250000,30,4,16,17,17,13,"Saturday","Wednesday","Web","US","USD","May","Thu"
"FALSE",1800,25.1474421296296,7,16,3,7,7,"Saturday","Thursday","Web","US","USD","Oct","Tue"
"FALSE",15000,60,1,14,9,9,9,"Saturday","Tuesday","Web","CA","CAD","Jan","Tue"
"FALSE",500,12,4,14,13,13,8,"Sunday","Monday","Web","CA","CAD","Nov","Tue"
"FALSE",9000,15,1,13,6,6,19,"Tuesday","Friday","Web","GB","GBP","Nov","Mon"
"FALSE",1000,30,5,12,15,15,6,"Thursday","Tuesday","Web","US","USD","Apr","Tue"
"FALSE",25000,30,5,15,8,8,8,"Saturday","Friday","Web","US","USD","Oct","Thu"
"FALSE",1500,30,3,13,17,17,9,"Thursday","Friday","Web","GB","GBP","Oct","Tue"
"FALSE",6000,30,3,17,9,9,11,"Sunday","Wednesday","Web","BE","EUR","Jul","Fri"
"FALSE",250000,60,2,14,20,20,12,"Thursday","Tuesday","Web","CA","CAD","Mar","Sun"
"FALSE",50000,30,1,12,15,15,7,"Sunday","Thursday","Web","US","USD","Aug","Fri"
"FALSE",5000,30,1,17,13,13,10,"Wednesday","Sunday","Web","US","USD","Mar","Mon"
"FALSE",50000,50,1,10,14,14,3,"Thursday","Saturday","Web","IT","EUR","Oct","Wed"
"FALSE",180000,30,1,13,14,14,9,"Wednesday","Monday","Web","SE","SEK","Nov","Mon"
"FALSE",65000,30,1,16,10,10,18,"Wednesday","Thursday","Web","US","USD","Jul","Mon"
"FALSE",1e+05,60,1,7,20,20,2,"Sunday","Saturday","Web","US","USD","Jan","Wed"
"FALSE",3500,30,1,16,15,15,21,"Saturday","Tuesday","Web","US","USD","Jan","Thu"
"FALSE",15000,30,7,12,5,5,7,"Thursday","Wednesday","Web","AU","AUD","Nov","Tue"
"FALSE",210000,35.9090856481481,3,8,10,8,8,"Wednesday","Tuesday","Web","DK","DKK","Feb","Tue"
"FALSE",15000,43,7,12,8,8,4,"Wednesday","Thursday","Web","AT","EUR","Sep","Tue"
"FALSE",5000,40,2,14,12,12,15,"Monday","Thursday","Web","CA","CAD","Oct","Wed"
"FALSE",250,14,4,11,15,15,11,"Monday","Thursday","Web","US","USD","May","Mon"
"FALSE",15000,30,6,9,23,23,1,"Wednesday","Thursday","Web","AU","AUD","Aug","Mon"
"FALSE",27500,30,1,14,11,11,12,"Sunday","Sunday","Web","NL","EUR","Jul","Fri"
"FALSE",10000,30.9338194444444,3,20,22,21,20,"Monday","Friday","Web","US","USD","Jan","Fri"
"FALSE",2000,20,1,23,3,3,8,"Monday","Monday","Web","FR","EUR","Jun","Tue"
"FALSE",500,30,2,4,16,16,2,"Wednesday","Saturday","Web","AU","AUD","Apr","Mon"
"FALSE",10000,60,1,14,21,21,19,"Friday","Wednesday","Web","CA","CAD","Dec","Mon"
"FALSE",72000,20,2,11,21,21,15,"Sunday","Friday","Web","US","USD","Aug","Mon"
"FALSE",5000,30,1,14,14,14,14,"Thursday","Monday","Web","US","USD","Sep","Tue"
"FALSE",1e+05,30,6,9,10,10,7,"Wednesday","Monday","Web","US","USD","Dec","Mon"
"FALSE",5000,30,1,12,10,10,15,"Wednesday","Sunday","Web","GB","GBP","Feb","Mon"
"FALSE",25000,45,8,13,18,18,7,"Sunday","Tuesday","Web","CA","CAD","Apr","Thu"
"FALSE",1000,30,3,7,8,8,23,"Wednesday","Friday","Web","US","USD","Nov","Mon"
"FALSE",12000,30,1,8,15,15,7,"Friday","Wednesday","Web","NO","NOK","Apr","Wed"
"FALSE",5000,30,2,11,23,23,19,"Wednesday","Friday","Web","US","USD","Sep","Mon"
"FALSE",50000,27.9309375,3,8,9,7,7,"Friday","Wednesday","Web","US","USD","Jan","Fri"
"FALSE",1000,30,1,13,15,15,16,"Wednesday","Friday","Web","US","USD","Mar","Mon"
"FALSE",1e+05,30,6,15,10,10,16,"Friday","Sunday","Web","FR","EUR","Nov","Wed"
"FALSE",5000,30,4,14,18,18,13,"Wednesday","Sunday","Web","US","USD","Dec","Mon"
"FALSE",15000,30,6,11,13,13,14,"Saturday","Wednesday","Web","US","USD","Mar","Thu"
"FALSE",2e+06,60,5,10,16,16,15,"Saturday","Monday","Web","AU","AUD","May","Tue"
"FALSE",15000,30,1,5,14,14,20,"Friday","Tuesday","Web","GB","GBP","Nov","Wed"
"FALSE",10000,30,4,21,11,11,20,"Saturday","Saturday","Web","US","USD","Jul","Thu"
"FALSE",60000,30,6,12,12,12,14,"Friday","Tuesday","Web","US","USD","Oct","Wed"
"FALSE",15000,30,6,16,10,10,15,"Friday","Saturday","Web","US","USD","Dec","Wed"
"FALSE",500,14,1,13,10,10,15,"Thursday","Tuesday","Web","US","USD","Aug","Thu"
"FALSE",2000,30,1,10,14,14,16,"Tuesday","Wednesday","Web","GB","GBP","Feb","Sun"
"FALSE",1500,50.3139814814815,3,9,16,0,12,"Sunday","Friday","Web","US","USD","Jul","Fri"
"FALSE",1000,49.9147685185185,4,16,9,7,7,"Tuesday","Saturday","Web","GB","GBP","Jul","Mon"
"FALSE",10000,25.8954282407407,1,12,11,9,9,"Saturday","Thursday","Web","US","USD","Aug","Mon"
"FALSE",155,30,9,13,12,12,9,"Wednesday","Friday","Web","FR","EUR","May","Mon"
"FALSE",2000,30,2,14,18,18,23,"Wednesday","Saturday","Web","AU","AUD","Aug","Mon"
"FALSE",10000,30,4,10,16,16,23,"Thursday","Friday","Web","US","USD","Nov","Tue"
"FALSE",2000,30,1,14,13,13,21,"Wednesday","Saturday","Web","US","USD","Feb","Mon"
"FALSE",6000,30,5,12,22,22,15,"Tuesday","Wednesday","Web","CA","CAD","Oct","Sun"
"FALSE",10000,31.2916898148148,7,21,4,12,4,"Sunday","Friday","Web","DE","EUR","Sep","Thu"
"FALSE",675,60,4,14,18,18,23,"Friday","Saturday","Web","US","USD","Apr","Mon"
"FALSE",7500,30,3,17,10,10,15,"Wednesday","Saturday","Web","US","USD","May","Mon"
"FALSE",5500,22.8762962962963,6,6,15,13,11,"Friday","Monday","Web","CA","CAD","Sep","Wed"
"FALSE",5000,30,2,13,10,10,8,"Thursday","Monday","Web","US","USD","Apr","Tue"
"FALSE",50000,30,6,15,15,15,19,"Saturday","Monday","Web","US","USD","Apr","Thu"
"FALSE",15000,22.6231712962963,1,14,15,6,5,"Friday","Wednesday","Web","GB","GBP","Aug","Wed"
"FALSE",5000,30,6,13,11,11,11,"Thursday","Monday","Web","CA","CAD","Jun","Tue"
"FALSE",20000,60,10,18,18,18,0,"Saturday","Thursday","Web","NZ","NZD","May","Tue"
"FALSE",95000,31.2948726851852,3,11,17,0,22,"Sunday","Saturday","Web","CA","CAD","Jan","Wed"
"FALSE",2000,30,2,9,11,11,12,"Sunday","Sunday","Web","US","USD","Sep","Fri"
"FALSE",20000,30,6,11,14,14,9,"Friday","Wednesday","Web","US","USD","Aug","Wed"
"FALSE",1300,45,9,18,17,17,16,"Friday","Sunday","Web","US","USD","Dec","Tue"
"FALSE",1e+05,30,4,15,9,9,9,"Saturday","Wednesday","Web","US","USD","Jul","Thu"
"FALSE",30000,60,3,12,14,14,16,"Saturday","Thursday","Web","US","USD","Sep","Tue"
"FALSE",1115000,42.7606828703704,1,20,16,11,20,"Thursday","Thursday","Web","US","USD","Nov","Wed"
"FALSE",10000,20,1,12,12,12,6,"Thursday","Tuesday","Web","CA","CAD","Jul","Fri"
"FALSE",8000,45,7,12,9,9,1,"Monday","Saturday","Web","AU","AUD","Sep","Fri"
"FALSE",500,45,1,10,17,17,16,"Wednesday","Thursday","Web","GB","GBP","Oct","Sun"
"FALSE",37000,30,8,11,5,5,17,"Thursday","Wednesday","Web","GB","GBP","Jul","Tue"
"FALSE",10000,30,6,15,12,12,3,"Wednesday","Sunday","Web","GB","GBP","Aug","Mon"
"FALSE",25000,60,3,10,11,11,9,"Saturday","Friday","Web","US","USD","Aug","Tue"
"FALSE",25000,30,7,14,16,16,19,"Friday","Thursday","Web","US","USD","Dec","Wed"
"FALSE",25000,30,5,14,9,9,16,"Thursday","Monday","Web","US","USD","Aug","Tue"
"FALSE",15000,30,7,14,19,19,17,"Wednesday","Wednesday","Web","US","USD","Feb","Mon"
"FALSE",15000,60,2,8,15,15,14,"Friday","Tuesday","Web","US","USD","Apr","Mon"
"FALSE",20000,45,6,14,14,14,13,"Thursday","Sunday","Web","US","USD","Aug","Mon"
"FALSE",30000,30,3,18,13,13,0,"Friday","Tuesday","Web","US","USD","Mar","Wed"
"FALSE",29000,30,1,6,11,11,20,"Friday","Tuesday","Web","US","USD","Dec","Wed"
"FALSE",2900,14,4,14,18,18,21,"Monday","Sunday","Web","AU","AUD","Apr","Mon"
"FALSE",70000,21,6,14,16,16,20,"Tuesday","Friday","Web","US","USD","Dec","Tue"
"FALSE",250000,30,1,4,21,21,10,"Wednesday","Tuesday","Web","US","USD","May","Mon"
"FALSE",3750,30,5,8,11,11,15,"Sunday","Wednesday","Web","US","USD","Sep","Fri"
"FALSE",193072,30,1,11,16,16,14,"Wednesday","Monday","Web","US","USD","Nov","Mon"
"FALSE",50000,45,1,11,19,19,11,"Friday","Saturday","Web","US","USD","Jan","Tue"
"FALSE",1e+07,45,4,17,23,23,11,"Monday","Saturday","Web","US","USD","Dec","Fri"
"FALSE",15000,30,2,9,13,13,9,"Sunday","Monday","Web","US","USD","Jan","Fri"
"FALSE",3500,30,8,15,18,18,19,"Sunday","Saturday","Web","US","USD","Oct","Fri"
"FALSE",75000,60,2,15,10,10,9,"Tuesday","Wednesday","Web","US","USD","Apr","Fri"
"FALSE",15000,30,4,12,11,11,16,"Thursday","Tuesday","Web","US","USD","Aug","Tue"
"FALSE",20000,30,2,11,14,14,4,"Saturday","Wednesday","Web","FR","EUR","May","Thu"
"FALSE",30000,30,4,11,16,16,10,"Thursday","Monday","Web","US","USD","Apr","Tue"
"FALSE",15000,30,5,13,18,18,9,"Thursday","Monday","Web","US","USD","Sep","Tue"
"FALSE",150000,60,1,10,17,17,15,"Sunday","Sunday","Web","DK","DKK","Oct","Wed"
"FALSE",5e+06,30,6,15,14,14,11,"Friday","Saturday","Web","DK","DKK","Nov","Wed"
"TRUE",25000,35.7965162037037,4,13,6,1,15,"Wednesday","Wednesday","Gadgets","US","USD","Mar","Tue"
"TRUE",50000,30,8,9,11,11,11,"Thursday","Monday","Gadgets","US","USD","Nov","Tue"
"TRUE",1200,30,6,14,16,16,10,"Wednesday","Friday","Gadgets","CA","CAD","Jul","Mon"
"TRUE",25000,30,3,15,4,4,12,"Friday","Thursday","Gadgets","US","USD","May","Wed"
"TRUE",70000,30.3331712962963,7,7,15,23,21,"Wednesday","Wednesday","Gadgets","CA","CAD","Apr","Mon"
"TRUE",50000,54.3606597222222,7,14,4,13,8,"Sunday","Wednesday","Gadgets","DE","EUR","Oct","Tue"
"TRUE",1e+05,30,11,18,6,6,11,"Friday","Wednesday","Gadgets","DE","EUR","May","Wed"
"TRUE",80000,44.7082175925926,6,13,8,1,8,"Friday","Wednesday","Gadgets","US","USD","Jul","Tue"
"TRUE",15000,30,5,12,12,12,17,"Wednesday","Friday","Gadgets","US","USD","May","Mon"
"TRUE",50000,44.5032523148148,9,8,8,21,5,"Thursday","Wednesday","Gadgets","US","USD","Sep","Tue"
"TRUE",30000,30,7,16,13,13,13,"Wednesday","Tuesday","Gadgets","US","USD","Jun","Mon"
"TRUE",1e+05,45,5,10,20,20,10,"Sunday","Thursday","Gadgets","GB","GBP","Jul","Thu"
"TRUE",56000,30,11,15,15,15,18,"Thursday","Wednesday","Gadgets","US","USD","Nov","Tue"
"TRUE",49000,30,4,13,16,16,11,"Sunday","Sunday","Gadgets","US","USD","Sep","Fri"
"TRUE",65000,30.6323726851852,7,14,7,22,22,"Friday","Sunday","Gadgets","US","USD","Oct","Wed"
"TRUE",150000,60,8,15,21,21,0,"Saturday","Thursday","Gadgets","US","USD","Feb","Tue"
"TRUE",50000,45.4581712962963,9,14,9,20,9,"Friday","Thursday","Gadgets","US","USD","Jul","Tue"
"TRUE",5000,30,9,14,22,22,2,"Thursday","Tuesday","Gadgets","US","USD","Sep","Tue"
"TRUE",50000,36,10,16,7,7,13,"Thursday","Thursday","Gadgets","US","USD","Apr","Wed"
"TRUE",22000,47.4712152777778,7,19,5,16,4,"Sunday","Friday","Gadgets","AT","EUR","Sep","Tue"
"TRUE",10000,45,10,12,3,3,13,"Thursday","Tuesday","Gadgets","FR","EUR","Apr","Mon"
"TRUE",30000,28.8331481481481,5,18,16,12,5,"Friday","Thursday","Gadgets","US","USD","May","Thu"
"TRUE",500,21,9,16,14,14,2,"Wednesday","Wednesday","Gadgets","IT","EUR","May","Wed"
"TRUE",964,55,5,10,10,10,17,"Tuesday","Thursday","Gadgets","US","USD","Jun","Wed"
"TRUE",5000,50,9,22,2,2,12,"Saturday","Wednesday","Gadgets","US","USD","Nov","Fri"
"TRUE",30000,45.0450462962963,10,16,10,12,7,"Friday","Thursday","Gadgets","US","USD","Nov","Tue"
"TRUE",112000,31,7,13,7,7,9,"Friday","Wednesday","Gadgets","AU","AUD","Nov","Tue"
"TRUE",500,30,7,6,20,20,20,"Thursday","Monday","Gadgets","US","USD","Dec","Tue"
"TRUE",20000,30,6,14,10,10,21,"Thursday","Tuesday","Gadgets","US","USD","May","Tue"
"TRUE",25000,30,5,11,2,2,17,"Thursday","Monday","Gadgets","DE","EUR","Aug","Tue"
"TRUE",10000,28,7,14,12,12,12,"Friday","Thursday","Gadgets","US","USD","Apr","Fri"
"TRUE",35000,35.1818865740741,8,14,13,17,8,"Thursday","Wednesday","Gadgets","GB","GBP","Sep","Thu"
"TRUE",800,33.4156134259259,6,16,13,22,16,"Sunday","Thursday","Gadgets","CA","CAD","Mar","Tue"
"TRUE",5000,45,8,13,12,12,18,"Thursday","Friday","Gadgets","US","USD","Apr","Mon"
"TRUE",36000,45,9,16,13,13,21,"Thursday","Tuesday","Gadgets","US","USD","Apr","Mon"
"TRUE",8000,60,9,11,5,5,5,"Sunday","Sunday","Gadgets","FR","EUR","Jul","Wed"
"TRUE",5000,10,1,8,16,16,17,"Friday","Tuesday","Gadgets","US","USD","Dec","Tue"
"TRUE",4500,32.0081597222222,7,11,10,10,21,"Friday","Thursday","Gadgets","NZ","NZD","May","Mon"
"TRUE",3000,30,6,12,17,17,1,"Thursday","Saturday","Gadgets","US","USD","Jan","Tue"
"TRUE",7000,30,5,11,15,15,11,"Wednesday","Wednesday","Gadgets","DE","EUR","Aug","Mon"
"TRUE",2000,21.3298032407407,4,6,21,5,3,"Saturday","Thursday","Gadgets","NZ","NZD","Aug","Fri"
"TRUE",9999,40,7,6,17,17,9,"Wednesday","Friday","Gadgets","US","USD","Jan","Fri"
"TRUE",50000,30,6,18,6,6,10,"Saturday","Friday","Gadgets","GB","GBP","Jun","Thu"
"TRUE",65000,30,8,16,13,13,9,"Thursday","Wednesday","Gadgets","CA","CAD","Nov","Tue"
"TRUE",2500,30,3,17,22,22,9,"Sunday","Saturday","Gadgets","US","USD","Sep","Fri"
"TRUE",1000,29.9574305555556,6,11,13,12,8,"Saturday","Sunday","Gadgets","US","USD","Oct","Thu"
"TRUE",10000,30,8,16,14,14,23,"Saturday","Saturday","Gadgets","US","USD","Oct","Thu"
"TRUE",10000,60,8,15,2,2,17,"Saturday","Friday","Gadgets","US","USD","Nov","Tue"
"TRUE",50000,45,9,15,12,12,7,"Thursday","Tuesday","Gadgets","GB","GBP","Jan","Mon"
"TRUE",1e+05,30,6,6,15,15,6,"Thursday","Friday","Gadgets","US","USD","Jul","Tue"
"TRUE",8600,12,5,11,16,16,15,"Tuesday","Tuesday","Gadgets","US","USD","Jul","Thu"
"TRUE",50000,30,6,12,20,20,19,"Sunday","Friday","Gadgets","US","USD","Jan","Fri"
"TRUE",20000,45,8,15,20,20,10,"Sunday","Wednesday","Gadgets","US","USD","Apr","Thu"
"TRUE",750,30,7,15,20,20,21,"Sunday","Monday","Gadgets","US","USD","Dec","Fri"
"TRUE",15000,40,7,14,15,15,3,"Sunday","Thursday","Gadgets","SE","SEK","Apr","Tue"
"TRUE",20000,30.7362731481481,5,13,5,22,11,"Wednesday","Wednesday","Gadgets","CA","CAD","Mar","Mon"
"TRUE",2000,30,6,16,17,17,18,"Friday","Monday","Gadgets","AU","AUD","Feb","Wed"
"TRUE",40000,28.5808796296296,6,14,7,21,20,"Monday","Sunday","Gadgets","US","USD","Apr","Mon"
"TRUE",12500,30,7,12,11,11,2,"Friday","Wednesday","Gadgets","US","USD","Sep","Wed"
"TRUE",20000,33.2722800925926,3,11,14,21,12,"Thursday","Friday","Gadgets","US","USD","Aug","Sat"
"FALSE",40000,37.5363078703704,6,11,16,5,16,"Wednesday","Saturday","Gadgets","NL","EUR","Nov","Sun"
"FALSE",250,30,9,15,10,10,16,"Saturday","Sunday","Gadgets","GB","GBP","Aug","Thu"
"FALSE",2e+05,35.4800115740741,5,16,19,7,18,"Thursday","Friday","Gadgets","US","USD","Nov","Wed"
"FALSE",10000,30,3,9,10,10,19,"Friday","Wednesday","Gadgets","US","USD","Oct","Wed"
"FALSE",150000,45,6,11,23,23,17,"Sunday","Wednesday","Gadgets","US","USD","Apr","Thu"
"FALSE",35000,35,8,9,4,4,22,"Monday","Wednesday","Gadgets","US","USD","Aug","Mon"
"FALSE",1e+05,30,6,12,13,13,21,"Thursday","Sunday","Gadgets","US","USD","Sep","Tue"
"FALSE",1e+05,30,10,8,16,16,23,"Thursday","Monday","Gadgets","US","USD","May","Tue"
"FALSE",20000,30,1,13,17,17,19,"Wednesday","Thursday","Gadgets","US","USD","Jun","Mon"
"FALSE",50000,30,3,8,11,11,15,"Thursday","Monday","Gadgets","US","USD","Aug","Tue"
"FALSE",25000,30,7,15,19,19,19,"Saturday","Sunday","Gadgets","US","USD","May","Thu"
"FALSE",38000,30,3,11,18,18,13,"Wednesday","Saturday","Gadgets","CA","CAD","Mar","Mon"
"FALSE",25000,30,5,12,12,12,4,"Wednesday","Monday","Gadgets","GB","GBP","Nov","Mon"
"FALSE",50000,59.7589930555556,1,17,16,10,17,"Saturday","Friday","Gadgets","US","USD","Dec","Tue"
"FALSE",15000,30,5,15,9,9,12,"Friday","Wednesday","Gadgets","CA","CAD","Mar","Wed"
"FALSE",10000,30,4,18,9,9,7,"Friday","Tuesday","Gadgets","US","USD","Apr","Wed"
"FALSE",1e+05,31.6265625,4,13,10,1,18,"Wednesday","Friday","Gadgets","US","USD","Feb","Sat"
"FALSE",50000,45.1871759259259,8,10,7,11,11,"Thursday","Wednesday","Gadgets","US","USD","Sep","Mon"
"FALSE",50000,30,2,15,20,20,16,"Thursday","Monday","Gadgets","FR","EUR","May","Tue"
"FALSE",500,30,9,11,10,10,20,"Sunday","Monday","Gadgets","US","USD","Sep","Fri"
"FALSE",42500,30,2,13,19,19,20,"Friday","Monday","Gadgets","NZ","NZD","Jul","Wed"
"FALSE",5000,30,7,12,0,0,17,"Thursday","Sunday","Gadgets","US","USD","May","Tue"
"FALSE",48000,30,6,9,7,7,10,"Wednesday","Thursday","Gadgets","GB","GBP","Sep","Mon"
"FALSE",666,14.9915162037037,9,13,23,22,23,"Friday","Monday","Gadgets","US","USD","Oct","Thu"
"FALSE",500,20,3,16,20,20,20,"Monday","Thursday","Gadgets","US","USD","Aug","Tue"
"FALSE",20000,25,7,10,12,12,16,"Monday","Sunday","Gadgets","US","USD","Oct","Thu"
"FALSE",390000,30,7,5,0,0,0,"Friday","Friday","Gadgets","HK","HKD","Jan","Wed"
"FALSE",25000,35,6,14,13,13,13,"Tuesday","Tuesday","Gadgets","US","USD","Jul","Tue"
"FALSE",500,30,7,12,16,16,11,"Tuesday","Sunday","Gadgets","US","USD","Apr","Sun"
"FALSE",10000,28.0826273148148,5,13,16,18,10,"Wednesday","Wednesday","Gadgets","GB","GBP","Sep","Wed"
"FALSE",19770,35,6,9,19,19,1,"Friday","Friday","Gadgets","US","USD","Jul","Fri"
"FALSE",45000,35,6,12,18,18,13,"Tuesday","Sunday","Gadgets","US","USD","Jun","Tue"
"FALSE",39000,30,4,15,6,6,20,"Thursday","Tuesday","Gadgets","US","USD","Nov","Tue"
"FALSE",93000,30,8,15,12,12,11,"Saturday","Sunday","Gadgets","CA","CAD","Mar","Thu"
"FALSE",8890,33.6624189814815,5,14,10,1,1,"Wednesday","Sunday","Gadgets","US","USD","May","Thu"
"FALSE",50000,31,7,12,22,22,21,"Tuesday","Saturday","Gadgets","US","USD","Mar","Sat"
"FALSE",2e+05,35,5,15,10,10,18,"Tuesday","Saturday","Gadgets","US","USD","Aug","Tue"
"FALSE",50000,45,5,7,1,1,2,"Friday","Monday","Gadgets","US","USD","Feb","Tue"
"FALSE",20000,31.274375,9,8,11,17,12,"Saturday","Thursday","Gadgets","US","USD","Aug","Wed"
"FALSE",30000,30,7,14,22,22,21,"Wednesday","Friday","Gadgets","US","USD","Jan","Mon"
"TRUE",20000,40.2055555555556,5,17,3,8,14,"Tuesday","Tuesday","Gadgets","GB","GBP","Jul","Thu"
"TRUE",70000,30,8,16,9,9,10,"Thursday","Saturday","Gadgets","US","USD","Oct","Tue"
"TRUE",50000,45,6,16,9,9,14,"Friday","Wednesday","Gadgets","US","USD","May","Tue"
"TRUE",50000,30.166412037037,5,17,7,11,10,"Thursday","Friday","Gadgets","US","USD","Oct","Tue"
"TRUE",125000,33.2557638888889,7,11,19,1,12,"Sunday","Wednesday","Gadgets","US","USD","Feb","Mon"
"TRUE",50000,30,8,12,22,22,4,"Tuesday","Wednesday","Gadgets","US","USD","May","Sun"
"TRUE",150000,30,6,14,8,8,22,"Friday","Thursday","Gadgets","US","USD","Sep","Wed"
"TRUE",25000,40,5,14,15,15,19,"Sunday","Tuesday","Gadgets","US","USD","Sep","Tue"
"TRUE",15000,30,6,13,18,18,21,"Saturday","Friday","Gadgets","US","USD","Dec","Thu"
"TRUE",12000,37.6714583333333,8,15,1,18,11,"Saturday","Wednesday","Gadgets","US","USD","Jul","Thu"
"TRUE",50000,35,7,15,7,7,1,"Tuesday","Friday","Gadgets","US","USD","Jan","Tue"
"TRUE",20000,30,3,10,19,19,13,"Wednesday","Sunday","Gadgets","US","USD","Jul","Mon"
"TRUE",50000,30,6,11,10,10,9,"Wednesday","Tuesday","Gadgets","US","USD","Oct","Mon"
"TRUE",155000,30.3526967592593,6,16,14,22,20,"Friday","Thursday","Gadgets","US","USD","Nov","Wed"
"TRUE",90000,45,5,14,16,16,4,"Thursday","Tuesday","Gadgets","GB","GBP","Aug","Mon"
"TRUE",50000,31.5091666666667,6,11,6,19,17,"Friday","Saturday","Gadgets","US","USD","Apr","Tue"
"TRUE",2e+05,35,7,11,9,9,14,"Tuesday","Tuesday","Gadgets","US","USD","Feb","Tue"
"TRUE",30000,48.5066898148148,7,16,13,1,20,"Tuesday","Wednesday","Gadgets","US","USD","Nov","Tue"
"TRUE",8000,60,4,14,13,13,0,"Saturday","Saturday","Gadgets","US","USD","Jan","Tue"
"TRUE",10000,35,4,15,12,12,23,"Wednesday","Monday","Gadgets","US","USD","Aug","Wed"
"TRUE",15000,30,5,16,14,14,20,"Sunday","Thursday","Gadgets","US","USD","Feb","Fri"
"TRUE",30000,35,5,14,9,9,20,"Tuesday","Monday","Gadgets","US","USD","Mar","Tue"
"TRUE",1e+05,40,5,10,3,3,16,"Tuesday","Thursday","Gadgets","US","USD","Dec","Thu"
"TRUE",15000,30,7,15,19,19,11,"Monday","Wednesday","Gadgets","US","USD","Aug","Sat"
"TRUE",7000,20.3899421296296,4,12,4,14,22,"Tuesday","Wednesday","Gadgets","US","USD","Nov","Wed"
"TRUE",25000,40,8,13,10,10,14,"Saturday","Tuesday","Gadgets","US","USD","Oct","Mon"
"TRUE",30000,34.8871064814815,6,12,4,1,20,"Wednesday","Thursday","Gadgets","US","USD","Jun","Wed"
"TRUE",50000,40,8,11,7,7,14,"Tuesday","Thursday","Gadgets","US","USD","Jun","Thu"
"TRUE",30000,30,6,12,16,16,10,"Tuesday","Tuesday","Gadgets","CA","CAD","Oct","Sun"
"TRUE",50000,41,7,13,9,9,13,"Monday","Thursday","Gadgets","US","USD","Oct","Tue"
"TRUE",67000,30,6,9,7,7,11,"Thursday","Wednesday","Gadgets","CA","CAD","Aug","Tue"
"TRUE",6e+05,30,9,11,9,9,1,"Thursday","Friday","Gadgets","HK","HKD","Nov","Tue"
"TRUE",60000,30.8502199074074,4,14,3,23,13,"Thursday","Sunday","Gadgets","US","USD","May","Tue"
"TRUE",5000,30,3,14,15,15,21,"Thursday","Saturday","Gadgets","US","USD","Jan","Tue"
"TRUE",1e+05,42,8,11,10,10,3,"Tuesday","Tuesday","Gadgets","NL","EUR","Dec","Tue"
"TRUE",50000,51.7274305555556,7,13,8,1,16,"Friday","Wednesday","Gadgets","US","USD","Oct","Tue"
"TRUE",140000,45,8,16,20,20,20,"Thursday","Wednesday","Gadgets","US","USD","Jun","Mon"
"TRUE",80000,59.4166898148148,8,13,4,15,4,"Friday","Monday","Gadgets","DE","EUR","Nov","Tue"
"TRUE",35000,45.7571990740741,5,10,7,2,17,"Saturday","Sunday","Gadgets","US","USD","May","Tue"
"TRUE",1000,30,7,15,9,9,22,"Wednesday","Tuesday","Gadgets","US","USD","Jul","Mon"
"TRUE",1e+05,32.0595486111111,6,12,4,6,10,"Friday","Tuesday","Gadgets","DE","EUR","Nov","Mon"
"TRUE",10000,41.5867361111111,6,12,8,22,2,"Monday","Monday","Gadgets","US","USD","Jan","Tue"
"TRUE",1e+05,31,6,10,14,14,0,"Saturday","Wednesday","Gadgets","US","USD","Oct","Wed"
"TRUE",75000,30,7,11,7,7,15,"Thursday","Friday","Gadgets","US","USD","Aug","Tue"
"TRUE",98000,30,9,18,10,10,16,"Thursday","Saturday","Gadgets","US","USD","Nov","Tue"
"TRUE",50000,45,11,15,5,5,10,"Thursday","Tuesday","Gadgets","US","USD","Oct","Mon"
"TRUE",75000,30,6,8,18,18,9,"Thursday","Tuesday","Gadgets","US","USD","Jul","Tue"
"TRUE",50000,45,9,9,18,18,2,"Sunday","Monday","Gadgets","US","USD","Oct","Thu"
"TRUE",50000,42,6,13,1,1,13,"Tuesday","Sunday","Gadgets","GB","GBP","Oct","Tue"
"TRUE",75000,46.9065277777778,3,10,1,23,17,"Saturday","Tuesday","Gadgets","US","USD","Feb","Tue"
"TRUE",50000,30,6,14,17,17,7,"Saturday","Monday","Gadgets","AT","EUR","Aug","Thu"
"TRUE",50000,45,8,13,8,8,13,"Friday","Tuesday","Gadgets","US","USD","Sep","Tue"
"TRUE",20000,35,5,6,16,16,10,"Monday","Friday","Gadgets","US","USD","May","Mon"
"TRUE",2e+05,31,5,9,21,21,15,"Wednesday","Tuesday","Gadgets","US","USD","Jul","Sun"
"TRUE",50000,45.5812615740741,5,13,6,20,13,"Friday","Monday","Gadgets","US","USD","Mar","Tue"
"TRUE",7000,30,7,10,9,9,12,"Monday","Saturday","Gadgets","US","USD","Feb","Sat"
"TRUE",1e+05,30,8,15,9,9,18,"Thursday","Monday","Gadgets","US","USD","Sep","Tue"
"TRUE",50000,31,6,11,10,10,11,"Friday","Thursday","Gadgets","US","USD","Aug","Tue"
"TRUE",50000,28,4,13,11,11,17,"Tuesday","Monday","Gadgets","US","USD","May","Tue"
"TRUE",33000,45,5,16,10,10,14,"Friday","Wednesday","Gadgets","US","USD","Nov","Tue"
"TRUE",7500,40,7,14,7,7,12,"Monday","Friday","Gadgets","US","USD","Oct","Wed"
"TRUE",125000,30,7,17,9,9,12,"Wednesday","Thursday","Gadgets","HK","HKD","Sep","Mon"
"TRUE",50000,43.9151041666667,7,16,12,10,10,"Thursday","Wednesday","Gadgets","US","USD","Jul","Tue"
"TRUE",40000,31.2294097222222,8,6,13,19,17,"Wednesday","Saturday","Gadgets","US","USD","Aug","Sun"
"TRUE",25000,30.2021527777778,9,9,14,19,14,"Thursday","Thursday","Gadgets","US","USD","Nov","Tue"
"TRUE",30000,35.9559027777778,6,14,13,11,18,"Wednesday","Tuesday","Gadgets","US","USD","Apr","Tue"
"TRUE",5000,30,5,12,22,22,20,"Monday","Monday","Gadgets","US","USD","Sep","Sat"
"TRUE",75000,30,6,13,1,1,4,"Friday","Wednesday","Gadgets","DE","EUR","Jul","Wed"
"TRUE",500,37.0027083333333,6,12,19,19,19,"Saturday","Tuesday","Gadgets","US","USD","Oct","Thu"
"TRUE",2e+05,45,10,14,8,8,12,"Friday","Thursday","Gadgets","US","USD","Jul","Tue"
"TRUE",50000,30,5,13,8,8,12,"Saturday","Wednesday","Gadgets","US","USD","Jan","Thu"
"TRUE",1e+05,30,6,11,5,5,10,"Friday","Thursday","Gadgets","US","USD","Dec","Wed"
"TRUE",40000,30,7,10,3,3,8,"Thursday","Friday","Gadgets","IE","EUR","Oct","Tue"
"TRUE",25000,30.5552430555556,8,16,9,23,14,"Thursday","Sunday","Gadgets","US","USD","Jan","Tue"
"TRUE",55000,40,8,14,16,16,12,"Monday","Tuesday","Gadgets","CA","CAD","Jan","Wed"
"TRUE",5000,44.5034259259259,7,15,11,0,0,"Tuesday","Saturday","Gadgets","US","USD","Jul","Sat"
"TRUE",24000,30,8,11,11,11,16,"Saturday","Thursday","Gadgets","GB","GBP","Sep","Thu"
"TRUE",25000,38.1666782407407,9,17,17,22,2,"Thursday","Tuesday","Gadgets","US","USD","Oct","Mon"
"TRUE",30000,45,6,16,6,6,12,"Friday","Sunday","Gadgets","US","USD","Jul","Tue"
"TRUE",40000,33.6657986111111,6,13,1,16,13,"Sunday","Wednesday","Gadgets","NL","EUR","Dec","Tue"
"TRUE",40000,30,7,14,12,12,18,"Friday","Thursday","Gadgets","US","USD","May","Wed"
"TRUE",5000,32.0016550925926,8,14,1,1,15,"Monday","Friday","Gadgets","US","USD","Jan","Thu"
"TRUE",15000,30,7,14,11,11,4,"Friday","Thursday","Gadgets","US","USD","Nov","Wed"
"TRUE",20000,30,7,13,10,10,14,"Friday","Thursday","Gadgets","US","USD","Sep","Wed"
"TRUE",20000,31,7,14,9,9,5,"Friday","Thursday","Gadgets","IT","EUR","May","Tue"
"TRUE",50000,43.7498611111111,8,14,11,5,15,"Thursday","Saturday","Gadgets","US","USD","Sep","Tue"
"TRUE",1e+05,57.5449421296296,8,16,20,10,2,"Thursday","Tuesday","Gadgets","US","USD","Aug","Tue"
"TRUE",90000,27.5863541666667,8,14,8,22,12,"Wednesday","Monday","Gadgets","US","USD","Nov","Thu"
"TRUE",75000,40.0123726851852,11,14,22,23,22,"Monday","Monday","Gadgets","US","USD","Nov","Wed"
"TRUE",10000,60,7,12,12,12,9,"Saturday","Monday","Gadgets","US","USD","Mar","Tue"
"TRUE",8000,37,9,11,21,21,11,"Sunday","Monday","Gadgets","US","USD","May","Fri"
"TRUE",35000,45,7,15,6,6,2,"Monday","Sunday","Gadgets","US","USD","Aug","Fri"
"TRUE",12000,60,7,10,6,6,4,"Wednesday","Friday","Gadgets","AU","AUD","Dec","Sat"
"TRUE",5000,35.2982060185185,3,10,11,19,16,"Thursday","Monday","Gadgets","US","USD","Oct","Thu"
"TRUE",8000,33.2349074074074,8,15,11,17,13,"Monday","Thursday","Gadgets","US","USD","Oct","Wed"
"TRUE",20000,35.5884837962963,11,14,8,22,22,"Tuesday","Friday","Gadgets","US","USD","Dec","Tue"
"TRUE",25000,28.9181481481481,8,13,20,19,17,"Tuesday","Friday","Gadgets","US","USD","Nov","Mon"
"TRUE",12500,45,5,16,0,0,10,"Saturday","Monday","Gadgets","FR","EUR","May","Wed"
"TRUE",1000,30,2,14,13,13,10,"Wednesday","Monday","Gadgets","HK","HKD","Dec","Mon"
"TRUE",50000,30,7,5,11,11,20,"Friday","Thursday","Gadgets","US","USD","Jun","Wed"
"TRUE",20000,37.0339351851852,8,17,20,21,21,"Thursday","Saturday","Gadgets","CA","CAD","May","Tue"
"TRUE",30000,30,7,10,2,2,10,"Thursday","Tuesday","Gadgets","FR","EUR","Jun","Tue"
"TRUE",50000,45,6,10,2,2,8,"Saturday","Sunday","Gadgets","AU","AUD","Oct","Wed"
"TRUE",30000,60,3,9,10,10,7,"Friday","Sunday","Gadgets","US","USD","Nov","Mon"
"TRUE",40000,44.2423263888889,7,20,20,1,18,"Sunday","Tuesday","Gadgets","US","USD","Nov","Thu"
"TRUE",7000,35,6,17,2,2,21,"Friday","Sunday","Gadgets","US","USD","Jul","Fri"
"TRUE",50000,30,8,16,0,0,22,"Friday","Saturday","Gadgets","US","USD","Mar","Wed"
"TRUE",50000,35,7,10,7,7,17,"Wednesday","Thursday","Gadgets","US","USD","Oct","Wed"
"TRUE",25000,56,7,14,6,6,1,"Tuesday","Thursday","Gadgets","US","USD","Nov","Tue"
"TRUE",1000,42.0150115740741,9,17,11,12,9,"Monday","Monday","Gadgets","US","USD","Aug","Mon"
"TRUE",5000,30,2,2,20,20,16,"Friday","Monday","Gadgets","US","USD","Sep","Wed"
"TRUE",10000,33.1395601851852,8,16,15,19,12,"Wednesday","Monday","Gadgets","US","USD","Jun","Fri"
"TRUE",3500,40,8,13,18,18,21,"Tuesday","Sunday","Gadgets","US","USD","Mar","Thu"
"TRUE",60000,37,7,11,14,14,5,"Saturday","Wednesday","Gadgets","GB","GBP","Mar","Thu"
"TRUE",85000,60,8,16,13,13,18,"Saturday","Thursday","Gadgets","CA","CAD","Mar","Tue"
"TRUE",1e+05,44.5822916666667,7,16,12,1,0,"Friday","Tuesday","Gadgets","US","USD","May","Tue"
"TRUE",15000,60,8,14,6,6,10,"Sunday","Wednesday","Gadgets","CA","CAD","Jul","Wed"
"TRUE",12000,32.4658680555556,6,10,13,0,13,"Saturday","Monday","Gadgets","US","USD","Sep","Mon"
"TRUE",9200,31,8,12,13,13,18,"Saturday","Wednesday","Gadgets","US","USD","May","Wed"
"TRUE",50000,30,7,15,8,8,13,"Wednesday","Sunday","Gadgets","US","USD","Jun","Mon"
"TRUE",35000,44.3467476851852,8,16,16,1,1,"Saturday","Friday","Gadgets","US","USD","Aug","Wed"
"TRUE",50000,36.5121643518519,10,14,11,0,17,"Thursday","Friday","Gadgets","US","USD","Oct","Tue"
"TRUE",20000,59,7,13,2,2,13,"Friday","Friday","Gadgets","US","USD","Jul","Tue"
"TRUE",15000,30,9,13,17,17,16,"Wednesday","Friday","Gadgets","GB","GBP","Jul","Mon"
"TRUE",20000,45,6,13,5,5,6,"Sunday","Friday","Gadgets","US","USD","Jul","Thu"
"TRUE",15000,35.2374768518519,7,13,8,14,14,"Thursday","Thursday","Gadgets","DE","EUR","Jul","Thu"
"TRUE",11250,21.1116666666667,8,17,20,22,16,"Monday","Wednesday","Gadgets","CA","CAD","Oct","Mon"
"TRUE",20000,45.8681018518519,8,16,22,19,12,"Friday","Sunday","Gadgets","US","USD","Dec","Mon"
"TRUE",10000,30,6,18,9,9,16,"Monday","Friday","Gadgets","GB","GBP","Nov","Sat"
"TRUE",30000,30,7,13,6,6,4,"Thursday","Thursday","Gadgets","US","USD","Sep","Tue"
"TRUE",25000,45.0006944444444,11,18,22,23,13,"Thursday","Wednesday","Gadgets","US","USD","Dec","Mon"
"TRUE",10000,30,4,13,7,7,16,"Thursday","Sunday","Gadgets","US","USD","Jul","Tue"
"TRUE",120000,50.3772453703704,12,8,10,20,8,"Wednesday","Sunday","Gadgets","CA","CAD","Nov","Tue"
"TRUE",25000,30,7,13,8,8,16,"Friday","Thursday","Gadgets","US","USD","Oct","Wed"
"TRUE",50000,30,7,16,3,3,7,"Friday","Monday","Gadgets","US","USD","Jun","Wed"
"TRUE",10000,30,7,14,8,8,9,"Monday","Friday","Gadgets","CA","CAD","Sep","Sat"
"TRUE",50000,60,7,14,9,9,0,"Sunday","Tuesday","Gadgets","US","USD","Nov","Wed"
"TRUE",1e+05,30,9,21,12,12,7,"Sunday","Monday","Gadgets","US","USD","Jan","Fri"
"TRUE",10000,30,8,16,10,10,1,"Friday","Saturday","Gadgets","US","USD","Nov","Wed"
"TRUE",20000,30,6,13,10,10,10,"Saturday","Monday","Gadgets","GB","GBP","Nov","Thu"
"TRUE",35000,35,7,17,0,0,22,"Monday","Saturday","Gadgets","SG","SGD","Dec","Mon"
"TRUE",15000,30,5,13,11,11,11,"Thursday","Tuesday","Gadgets","US","USD","Nov","Tue"
"TRUE",50000,30,6,16,9,9,23,"Wednesday","Thursday","Gadgets","CA","CAD","Jun","Mon"
"TRUE",5000,30,6,16,11,11,23,"Thursday","Wednesday","Gadgets","CA","CAD","Feb","Tue"
"TRUE",5000,30.0564583333333,8,18,7,9,17,"Friday","Tuesday","Gadgets","US","USD","Sep","Wed"
"TRUE",5000,30,9,15,12,12,14,"Thursday","Saturday","Gadgets","US","USD","Mar","Tue"
"TRUE",30000,30,5,13,3,3,8,"Thursday","Monday","Gadgets","US","USD","Oct","Tue"
"TRUE",10000,35.4797569444444,8,13,11,22,1,"Wednesday","Monday","Gadgets","US","USD","Mar","Wed"
"TRUE",50000,28,7,15,0,0,12,"Wednesday","Tuesday","Gadgets","HK","HKD","Nov","Wed"
"TRUE",5000,30,6,12,8,8,4,"Saturday","Wednesday","Gadgets","GB","GBP","Dec","Thu"
"TRUE",4992,21.3790046296296,6,13,7,17,4,"Saturday","Sunday","Gadgets","NL","EUR","Dec","Sat"
"TRUE",935,30,6,14,15,15,10,"Wednesday","Wednesday","Gadgets","US","USD","Oct","Mon"
"TRUE",8000,37,8,12,10,10,15,"Friday","Wednesday","Gadgets","US","USD","Nov","Wed"
"TRUE",40000,30,7,16,9,9,10,"Thursday","Wednesday","Gadgets","US","USD","Jan","Tue"
"TRUE",65000,35,7,11,12,12,4,"Wednesday","Thursday","Gadgets","US","USD","Jan","Wed"
"TRUE",50000,31,5,16,0,0,12,"Thursday","Thursday","Gadgets","ES","EUR","May","Mon"
"TRUE",10000,40,6,16,16,16,15,"Friday","Monday","Gadgets","US","USD","Nov","Sun"
"TRUE",15518,32,8,11,10,10,1,"Saturday","Friday","Gadgets","HK","HKD","Oct","Tue"
"TRUE",26000,60,3,12,9,9,19,"Sunday","Tuesday","Gadgets","US","USD","Nov","Wed"
"TRUE",30000,36.3000694444444,10,17,11,18,5,"Thursday","Monday","Gadgets","US","USD","Nov","Wed"
"TRUE",7500,45,9,15,9,9,12,"Friday","Wednesday","Gadgets","US","USD","Jun","Tue"
"TRUE",50000,34.5510069444444,8,20,17,7,1,"Wednesday","Wednesday","Gadgets","IT","EUR","Jun","Wed"
"TRUE",12000,30,1,6,18,18,17,"Saturday","Tuesday","Gadgets","US","USD","May","Thu"
"TRUE",35000,30,5,12,18,18,19,"Friday","Friday","Gadgets","GB","GBP","Jul","Wed"
"TRUE",30000,30,10,7,16,16,3,"Wednesday","Sunday","Gadgets","AU","AUD","Nov","Mon"
"TRUE",10000,30,8,15,6,6,17,"Friday","Tuesday","Gadgets","US","USD","Sep","Wed"
"TRUE",15000,30,9,14,9,9,17,"Saturday","Wednesday","Gadgets","US","USD","Oct","Thu"
"TRUE",30000,30,5,16,11,11,11,"Saturday","Tuesday","Gadgets","US","USD","Sep","Thu"
"TRUE",50000,33,7,17,10,10,17,"Saturday","Tuesday","Gadgets","US","USD","Aug","Mon"
"TRUE",10000,41.9857060185185,2,10,11,11,15,"Tuesday","Wednesday","Gadgets","US","USD","Sep","Tue"
"TRUE",50000,45,10,11,9,9,15,"Saturday","Tuesday","Gadgets","US","USD","Oct","Wed"
"TRUE",7200,31,6,14,11,11,16,"Saturday","Friday","Gadgets","US","USD","Sep","Wed"
"TRUE",10000,32,8,14,17,17,12,"Sunday","Wednesday","Gadgets","US","USD","Aug","Wed"
"TRUE",5000,23.4046412037037,8,14,16,2,16,"Sunday","Sunday","Gadgets","US","USD","Dec","Thu"
"TRUE",15000,45,6,15,1,1,8,"Friday","Saturday","Gadgets","NL","EUR","Dec","Tue"
"TRUE",9000,19.0350694444444,9,14,8,9,17,"Monday","Tuesday","Gadgets","US","USD","Nov","Wed"
"TRUE",15000,45,7,11,9,9,16,"Saturday","Wednesday","Gadgets","US","USD","Oct","Wed"
"TRUE",1e+05,30.2897106481481,6,14,6,13,13,"Wednesday","Wednesday","Gadgets","US","USD","Aug","Mon"
"TRUE",14000,30,5,14,9,9,2,"Thursday","Friday","Gadgets","GB","GBP","Feb","Tue"
"TRUE",5000,45,10,11,13,13,10,"Tuesday","Friday","Gadgets","US","USD","Mar","Sat"
"TRUE",10000,45,8,13,11,11,16,"Friday","Sunday","Gadgets","US","USD","Apr","Tue"
"TRUE",45000,31.4057291666667,3,8,9,19,16,"Friday","Saturday","Gadgets","US","USD","Mar","Tue"
"TRUE",5000,30,4,15,10,10,0,"Thursday","Sunday","Gadgets","US","USD","Apr","Tue"
"TRUE",60000,30,5,16,11,11,10,"Thursday","Tuesday","Gadgets","US","USD","Oct","Tue"
"TRUE",10000,32,8,12,7,7,7,"Saturday","Wednesday","Gadgets","US","USD","May","Tue"
"TRUE",60000,30,8,15,3,3,0,"Saturday","Thursday","Gadgets","AU","AUD","Sep","Thu"
"TRUE",1000,34.9122569444444,6,17,0,22,18,"Tuesday","Tuesday","Gadgets","US","USD","Mar","Wed"
"TRUE",1000,30,9,20,19,19,18,"Friday","Tuesday","Gadgets","US","USD","Aug","Wed"
"TRUE",7500,30,7,17,13,13,22,"Saturday","Thursday","Gadgets","US","USD","Oct","Thu"
"TRUE",60000,36.0035185185185,10,13,8,9,15,"Tuesday","Monday","Gadgets","US","USD","Mar","Mon"
"TRUE",59000,60,5,14,4,4,7,"Saturday","Tuesday","Gadgets","AU","AUD","Nov","Tue"
"TRUE",750,18.669525462963,7,16,13,5,5,"Sunday","Monday","Gadgets","DE","EUR","Nov","Tue"
"TRUE",30000,41.4852199074074,9,18,14,2,5,"Monday","Wednesday","Gadgets","DE","EUR","Aug","Mon"
"TRUE",10000,45,9,13,5,5,19,"Saturday","Saturday","Gadgets","US","USD","Nov","Wed"
"TRUE",17500,30,10,15,12,12,15,"Thursday","Wednesday","Gadgets","US","USD","Sep","Tue"
"TRUE",7500,39.6507986111111,9,18,10,1,13,"Monday","Wednesday","Gadgets","US","USD","Mar","Wed"
"TRUE",6800,28,10,12,9,9,17,"Friday","Wednesday","Gadgets","US","USD","Sep","Fri"
"TRUE",25000,35,7,15,7,7,10,"Friday","Monday","Gadgets","US","USD","Jan","Fri"
"TRUE",2000,44,6,19,21,21,20,"Sunday","Thursday","Gadgets","US","USD","Oct","Fri"
"TRUE",280,27,9,14,13,13,1,"Wednesday","Tuesday","Gadgets","US","USD","Feb","Thu"
"TRUE",8000,30,7,15,9,9,11,"Sunday","Tuesday","Gadgets","US","USD","Apr","Fri"
"TRUE",67000,31,8,18,19,19,14,"Thursday","Wednesday","Gadgets","US","USD","Sep","Mon"
"TRUE",25000,49,7,10,17,17,18,"Thursday","Sunday","Gadgets","US","USD","Jun","Thu"
"TRUE",5000,30,10,17,2,2,17,"Saturday","Wednesday","Gadgets","US","USD","Jun","Thu"
"TRUE",6000,30,8,9,10,10,9,"Thursday","Friday","Gadgets","GB","GBP","Aug","Tue"
"TRUE",200,30,1,13,2,2,6,"Saturday","Tuesday","Gadgets","NL","EUR","Dec","Thu"
"TRUE",25000,30,5,15,8,8,9,"Saturday","Thursday","Gadgets","CA","CAD","Aug","Thu"
"TRUE",50000,30,6,13,1,1,8,"Thursday","Saturday","Gadgets","CH","CHF","Apr","Tue"
"TRUE",5000,46.7168981481481,7,5,3,21,22,"Friday","Wednesday","Gadgets","US","USD","Nov","Mon"
"TRUE",20000,25,2,14,14,14,21,"Thursday","Wednesday","Gadgets","US","USD","Aug","Sun"
"TRUE",15000,30,7,16,4,4,2,"Thursday","Monday","Gadgets","US","USD","Jul","Tue"
"TRUE",20000,31.9037268518519,10,15,8,6,23,"Sunday","Saturday","Gadgets","AU","AUD","Dec","Wed"
"TRUE",10000,31.3734722222222,8,16,10,19,12,"Friday","Friday","Gadgets","US","USD","Aug","Tue"
"TRUE",50000,45,7,16,16,16,7,"Thursday","Tuesday","Gadgets","US","USD","Jun","Mon"
"TRUE",10000,60,6,13,8,8,17,"Friday","Thursday","Gadgets","US","USD","Dec","Mon"
"TRUE",40000,31.5869560185185,8,16,8,23,2,"Monday","Tuesday","Gadgets","US","USD","Oct","Fri"
"TRUE",5200,30,5,10,17,17,11,"Thursday","Tuesday","Gadgets","US","USD","Nov","Tue"
"TRUE",5000,29.9735300925926,10,15,20,20,9,"Wednesday","Monday","Gadgets","US","USD","Jun","Mon"
"TRUE",50000,30,8,15,10,10,23,"Friday","Wednesday","Gadgets","US","USD","Oct","Wed"
"TRUE",10000,44,5,12,0,0,22,"Friday","Wednesday","Gadgets","US","USD","Feb","Wed"
"TRUE",50000,33.457974537037,7,16,10,21,18,"Sunday","Tuesday","Gadgets","US","USD","Aug","Tue"
"TRUE",50000,29,5,14,3,3,4,"Friday","Saturday","Gadgets","IT","EUR","Oct","Thu"
"TRUE",300,30,2,12,9,9,11,"Sunday","Thursday","Gadgets","GB","GBP","Aug","Fri"
"TRUE",2000,20,8,9,21,21,13,"Tuesday","Tuesday","Gadgets","CA","CAD","May","Wed"
"TRUE",500,30,3,13,14,14,22,"Wednesday","Friday","Gadgets","NL","EUR","Apr","Mon"
"TRUE",1000,30,7,16,15,15,4,"Wednesday","Friday","Gadgets","IT","EUR","Jan","Mon"
"TRUE",35000,33.3710416666667,7,12,4,13,18,"Tuesday","Wednesday","Gadgets","US","USD","Mar","Thu"
"TRUE",2800,55,8,17,5,5,6,"Monday","Monday","Gadgets","ES","EUR","Sep","Tue"
"TRUE",5000,30,8,13,11,11,14,"Sunday","Wednesday","Gadgets","FR","EUR","May","Fri"
"TRUE",50000,35,7,10,5,5,15,"Tuesday","Thursday","Gadgets","CA","CAD","Jul","Tue"
"TRUE",50000,30,5,14,3,3,6,"Thursday","Monday","Gadgets","DE","EUR","Sep","Tue"
"TRUE",15000,49,7,12,14,14,1,"Monday","Friday","Gadgets","US","USD","Sep","Mon"
"TRUE",500,22,6,15,13,13,12,"Wednesday","Friday","Gadgets","CA","CAD","Sep","Tue"
"TRUE",50000,35,9,14,16,16,11,"Tuesday","Saturday","Gadgets","US","USD","Dec","Tue"
"TRUE",15000,60,7,14,23,23,9,"Sunday","Thursday","Gadgets","US","USD","Dec","Wed"
"TRUE",5500,42,5,13,20,20,18,"Thursday","Wednesday","Gadgets","US","USD","Jun","Thu"
"TRUE",500,30,7,15,13,13,5,"Sunday","Thursday","Gadgets","IT","EUR","Jul","Fri"
"TRUE",25000,30,11,14,12,12,12,"Thursday","Thursday","Gadgets","US","USD","Apr","Tue"
"TRUE",500,18,7,15,15,15,4,"Monday","Thursday","Gadgets","IT","EUR","Oct","Thu"
"TRUE",10000,35.7090046296296,9,16,14,7,7,"Wednesday","Saturday","Gadgets","US","USD","Apr","Tue"
"TRUE",2000,30,3,14,18,18,13,"Thursday","Wednesday","Gadgets","US","USD","Apr","Tue"
"TRUE",15000,30,5,19,9,9,10,"Thursday","Thursday","Gadgets","US","USD","Jan","Tue"
"TRUE",75000,30,9,13,15,15,9,"Friday","Monday","Gadgets","US","USD","Jun","Wed"
"TRUE",35000,37.7429398148148,6,15,8,1,18,"Friday","Monday","Gadgets","US","USD","Jul","Tue"
"TRUE",7000,30,9,12,12,12,22,"Friday","Monday","Gadgets","US","USD","Sep","Wed"
"TRUE",30000,30,5,7,12,12,15,"Friday","Friday","Gadgets","US","USD","May","Wed"
"TRUE",50000,30,9,21,11,11,1,"Saturday","Tuesday","Gadgets","US","USD","Dec","Thu"
"TRUE",50000,30,9,16,21,21,2,"Sunday","Monday","Gadgets","US","USD","May","Fri"
"TRUE",20000,33,7,15,14,14,16,"Sunday","Thursday","Gadgets","US","USD","Apr","Tue"
"TRUE",1000,45,4,14,8,8,16,"Saturday","Monday","Gadgets","US","USD","Jul","Wed"
"TRUE",40000,30,7,13,23,23,15,"Sunday","Tuesday","Gadgets","US","USD","Sep","Fri"
"TRUE",20000,30,5,6,5,5,9,"Thursday","Thursday","Gadgets","GB","GBP","Nov","Tue"
"TRUE",20000,30.0461574074074,6,14,11,13,6,"Thursday","Thursday","Gadgets","US","USD","Sep","Tue"
"TRUE",50000,30,7,15,10,10,2,"Thursday","Friday","Gadgets","US","USD","Sep","Tue"
"TRUE",1000,30,4,16,17,17,15,"Saturday","Tuesday","Gadgets","US","USD","Oct","Thu"
"TRUE",1e+05,45,6,15,4,4,22,"Monday","Monday","Gadgets","CA","CAD","Jan","Fri"
"TRUE",3000,31,9,13,9,9,8,"Thursday","Thursday","Gadgets","GB","GBP","Nov","Mon"
"TRUE",35000,30,7,15,6,6,18,"Saturday","Tuesday","Gadgets","GB","GBP","Apr","Thu"
"TRUE",25000,30,9,15,8,8,9,"Thursday","Wednesday","Gadgets","US","USD","Nov","Tue"
"TRUE",2000,30,8,13,15,15,13,"Wednesday","Friday","Gadgets","US","USD","Feb","Mon"
"TRUE",2500,43.9893634259259,3,14,0,23,21,"Sunday","Monday","Gadgets","US","USD","May","Sat"
"TRUE",50000,34,7,18,11,11,16,"Monday","Monday","Gadgets","US","USD","Apr","Tue"
"TRUE",30000,30,5,13,15,15,11,"Thursday","Tuesday","Gadgets","US","USD","Aug","Tue"
"TRUE",28000,30,9,11,23,23,11,"Saturday","Tuesday","Gadgets","US","USD","Apr","Thu"
"TRUE",30000,45,10,16,12,12,21,"Saturday","Monday","Gadgets","US","USD","Jun","Wed"
"TRUE",50000,40,4,8,9,9,15,"Sunday","Sunday","Gadgets","US","USD","Nov","Tue"
"TRUE",50000,30,7,16,14,14,13,"Wednesday","Friday","Gadgets","US","USD","May","Mon"
"TRUE",4000,30,4,14,18,18,10,"Wednesday","Tuesday","Gadgets","US","USD","Nov","Mon"
"TRUE",3000,14,4,14,12,12,9,"Wednesday","Wednesday","Gadgets","US","USD","Sep","Wed"
"TRUE",3000,40,6,16,13,13,20,"Tuesday","Wednesday","Gadgets","US","USD","Oct","Thu"
"TRUE",10000,30,8,7,5,5,15,"Thursday","Monday","Gadgets","US","USD","Feb","Tue"
"TRUE",10000,40,6,16,10,10,17,"Sunday","Saturday","Gadgets","US","USD","Aug","Tue"
"TRUE",25000,30,9,17,5,5,10,"Saturday","Thursday","Gadgets","DE","EUR","Nov","Thu"
"TRUE",20000,39.9196643518518,3,19,18,16,9,"Monday","Saturday","Gadgets","US","USD","May","Wed"
"TRUE",1900,50,6,12,11,11,0,"Friday","Wednesday","Gadgets","US","USD","Nov","Thu"
"TRUE",25000,30,5,9,10,10,11,"Thursday","Thursday","Gadgets","US","USD","Jun","Tue"
"TRUE",30000,39,9,17,19,19,3,"Saturday","Tuesday","Gadgets","HK","HKD","Nov","Tue"
"TRUE",11000,35,7,12,23,23,17,"Wednesday","Saturday","Gadgets","US","USD","Jan","Wed"
"TRUE",10000,30,8,16,21,21,19,"Wednesday","Thursday","Gadgets","US","USD","Jan","Mon"
"TRUE",2000,30,3,7,10,10,14,"Wednesday","Friday","Gadgets","GB","GBP","Feb","Mon"
"TRUE",30000,45,5,15,7,7,16,"Saturday","Wednesday","Gadgets","US","USD","Dec","Wed"
"TRUE",23400,34,8,16,0,0,21,"Monday","Friday","Gadgets","US","USD","Apr","Tue"
"TRUE",24000,56,7,14,7,7,0,"Tuesday","Thursday","Gadgets","US","USD","Jul","Tue"
"TRUE",55000,50,7,16,0,0,10,"Wednesday","Tuesday","Gadgets","US","USD","Oct","Tue"
"TRUE",50000,33.9984606481481,9,22,11,11,20,"Monday","Monday","Gadgets","US","USD","Oct","Tue"
"TRUE",1000,20,10,16,7,7,9,"Tuesday","Wednesday","Gadgets","US","USD","May","Wed"
"TRUE",6000,30,9,22,9,9,4,"Friday","Tuesday","Gadgets","FR","EUR","Jul","Wed"
"TRUE",25000,45,6,12,14,14,13,"Monday","Monday","Gadgets","DE","EUR","May","Fri"
"TRUE",2000,30,8,13,22,22,10,"Thursday","Friday","Gadgets","US","USD","Jan","Tue"
"TRUE",50000,45,8,10,17,17,2,"Friday","Thursday","Gadgets","US","USD","Feb","Tue"
"TRUE",20000,30,10,21,8,8,4,"Thursday","Friday","Gadgets","US","USD","Jan","Tue"
"TRUE",25000,30,7,14,15,15,10,"Sunday","Monday","Gadgets","US","USD","May","Fri"
"TRUE",380,28,6,16,11,11,2,"Sunday","Sunday","Gadgets","US","USD","Feb","Sun"
"TRUE",30000,30,7,8,10,10,8,"Saturday","Thursday","Gadgets","FR","EUR","Jan","Thu"
"TRUE",7500,45,8,14,10,10,18,"Sunday","Friday","Gadgets","US","USD","Jun","Thu"
"TRUE",7500,45,8,14,10,10,7,"Friday","Monday","Gadgets","US","USD","Jun","Tue"
"TRUE",10000,50,4,16,10,10,16,"Saturday","Sunday","Gadgets","US","USD","Sep","Fri"
"TRUE",5000,45.4703356481482,7,14,14,1,19,"Monday","Tuesday","Gadgets","US","USD","Dec","Thu"
"TRUE",10000,22.482349537037,6,14,4,16,8,"Tuesday","Thursday","Gadgets","GB","GBP","Oct","Mon"
"TRUE",10000,45,9,17,21,21,0,"Friday","Thursday","Gadgets","US","USD","Feb","Tue"
"TRUE",4000,50,7,10,11,11,9,"Friday","Thursday","Gadgets","US","USD","Feb","Thu"
"TRUE",10000,40,7,15,11,11,15,"Saturday","Friday","Gadgets","US","USD","Sep","Mon"
"TRUE",3600,31,10,14,4,4,6,"Thursday","Sunday","Gadgets","AU","AUD","Mar","Mon"
"TRUE",2000,30,12,22,12,12,0,"Friday","Thursday","Gadgets","CA","CAD","Aug","Wed"
"TRUE",35000,35,4,8,8,8,1,"Thursday","Saturday","Gadgets","GB","GBP","Jul","Thu"
"TRUE",15000,30.2524652777778,6,15,3,9,22,"Friday","Wednesday","Gadgets","GB","GBP","Nov","Wed"
"TRUE",55000,32.5547569444444,5,13,8,21,16,"Sunday","Wednesday","Gadgets","US","USD","Apr","Wed"
"TRUE",15000,39.7074189814815,6,17,9,1,21,"Monday","Monday","Gadgets","US","USD","Aug","Wed"
"TRUE",1e+05,60,8,14,16,16,16,"Saturday","Wednesday","Gadgets","US","USD","Nov","Tue"
"TRUE",50000,45,9,10,9,9,11,"Friday","Friday","Gadgets","US","USD","Sep","Tue"
"TRUE",3000,30,6,13,19,19,8,"Sunday","Sunday","Gadgets","US","USD","Jun","Fri"
"TRUE",15000,30,1,20,11,11,20,"Friday","Tuesday","Gadgets","US","USD","Apr","Wed"
"TRUE",6500,39.2757523148148,12,13,5,12,12,"Tuesday","Tuesday","Gadgets","US","USD","Apr","Fri"
"TRUE",250000,60,6,18,19,19,12,"Saturday","Thursday","Gadgets","US","USD","Apr","Tue"
"TRUE",500,14,5,10,7,7,6,"Monday","Monday","Gadgets","NL","EUR","Dec","Mon"
"TRUE",2000,30,4,19,13,13,12,"Thursday","Saturday","Gadgets","US","USD","Nov","Tue"
"TRUE",10000,60,6,13,23,23,1,"Friday","Saturday","Gadgets","US","USD","Jun","Mon"
"TRUE",20000,30,7,15,10,10,15,"Sunday","Sunday","Gadgets","US","USD","Sep","Fri"
"TRUE",10000,30,6,15,5,5,0,"Friday","Monday","Gadgets","US","USD","Jan","Wed"
"TRUE",20000,30,4,13,8,8,15,"Wednesday","Friday","Gadgets","US","USD","Jan","Mon"
"TRUE",2000,20,5,12,2,2,14,"Tuesday","Wednesday","Gadgets","US","USD","May","Wed"
"TRUE",15500,35.3710069444444,6,16,9,18,17,"Monday","Wednesday","Gadgets","US","USD","Oct","Mon"
"TRUE",1000,15.6203819444444,7,14,1,16,8,"Monday","Friday","Gadgets","DE","EUR","Jul","Sun"
"TRUE",3500,30.1763078703704,2,15,12,17,23,"Thursday","Wednesday","Gadgets","US","USD","Sep","Tue"
"TRUE",10000,21,6,14,10,10,11,"Tuesday","Monday","Gadgets","US","USD","Apr","Tue"
"TRUE",100,30,2,13,17,17,10,"Saturday","Monday","Gadgets","US","USD","Sep","Thu"
"TRUE",4500,30,2,16,12,12,12,"Wednesday","Tuesday","Gadgets","US","USD","Jun","Mon"
"TRUE",500,21,8,16,14,14,8,"Friday","Thursday","Gadgets","IT","EUR","Sep","Fri"
"TRUE",500,30,4,18,15,15,1,"Sunday","Monday","Gadgets","US","USD","Apr","Fri"
"TRUE",5500,30,8,15,10,10,16,"Wednesday","Sunday","Gadgets","CA","CAD","Oct","Mon"
"TRUE",30000,35,5,7,7,7,3,"Tuesday","Wednesday","Gadgets","US","USD","Aug","Tue"
"TRUE",10000,45,6,11,23,23,21,"Wednesday","Wednesday","Gadgets","US","USD","Mar","Sun"
"TRUE",12000,30,3,7,3,3,3,"Tuesday","Thursday","Gadgets","US","USD","Mar","Sun"
"TRUE",1900,30,4,15,15,15,14,"Saturday","Tuesday","Gadgets","US","USD","Apr","Thu"
"TRUE",3500,26.318275462963,5,15,13,21,9,"Wednesday","Thursday","Gadgets","US","USD","Apr","Fri"
"TRUE",20000,44,7,15,14,14,21,"Thursday","Monday","Gadgets","US","USD","Nov","Tue"
"TRUE",50000,30,7,14,9,9,8,"Friday","Thursday","Gadgets","US","USD","Dec","Wed"
"TRUE",16500,31.0811226851852,5,16,17,19,13,"Friday","Saturday","Gadgets","US","USD","Sep","Tue"
"TRUE",12000,30,8,16,13,13,13,"Wednesday","Tuesday","Gadgets","US","USD","Oct","Mon"
"TRUE",12000,30,3,13,11,11,20,"Sunday","Monday","Gadgets","US","USD","Apr","Fri"
"TRUE",20000,30,7,11,11,11,20,"Thursday","Sunday","Gadgets","US","USD","Aug","Tue"
"TRUE",500,7,7,15,16,16,12,"Friday","Friday","Gadgets","GB","GBP","Mar","Fri"
"TRUE",20000,30,5,12,7,7,14,"Thursday","Thursday","Gadgets","US","USD","May","Tue"
"TRUE",18000,49.5235532407407,9,14,11,0,13,"Tuesday","Friday","Gadgets","US","USD","Feb","Mon"
"TRUE",800,42.8003703703704,3,14,14,10,8,"Friday","Thursday","Gadgets","US","USD","Nov","Thu"
"TRUE",20000,52.7405092592593,7,17,6,23,12,"Thursday","Tuesday","Gadgets","US","USD","Nov","Mon"
"TRUE",90000,45,8,12,15,15,15,"Friday","Thursday","Gadgets","US","USD","Jun","Tue"
"TRUE",10000,30,5,12,10,10,14,"Friday","Monday","Gadgets","US","USD","Feb","Wed"
"TRUE",10000,30,4,10,9,9,23,"Wednesday","Tuesday","Gadgets","US","USD","Nov","Mon"
"TRUE",25000,30,8,12,9,9,11,"Friday","Monday","Gadgets","US","USD","Jun","Wed"
"TRUE",15000,48.477025462963,7,10,14,1,17,"Monday","Wednesday","Gadgets","US","USD","Dec","Mon"
"TRUE",5000,35,10,17,14,14,2,"Thursday","Saturday","Gadgets","US","USD","Nov","Thu"
"TRUE",20000,60,8,15,8,8,8,"Saturday","Monday","Gadgets","US","USD","Jan","Tue"
"TRUE",12500,30,9,14,23,23,18,"Thursday","Wednesday","Gadgets","US","USD","Nov","Tue"
"TRUE",3000,30,1,13,17,17,3,"Wednesday","Tuesday","Gadgets","US","USD","Sep","Mon"
"TRUE",15000,45,7,13,2,2,15,"Monday","Thursday","Gadgets","US","USD","Oct","Fri"
"TRUE",15000,30,8,13,20,20,14,"Friday","Tuesday","Gadgets","US","USD","Aug","Wed"
"TRUE",35000,60,8,16,9,9,18,"Monday","Sunday","Gadgets","CA","CAD","Dec","Thu"
"TRUE",9500,30,8,15,13,13,16,"Thursday","Sunday","Gadgets","US","USD","Nov","Tue"
"TRUE",32000,44.9348842592593,8,13,3,1,0,"Friday","Wednesday","Gadgets","US","USD","Jun","Tue"
"TRUE",8400,35,9,16,15,15,11,"Wednesday","Saturday","Gadgets","US","USD","Apr","Wed"
"TRUE",7000,30,2,7,14,14,15,"Friday","Sunday","Gadgets","DK","DKK","Jan","Wed"
"TRUE",15000,30,5,13,9,9,8,"Friday","Friday","Gadgets","US","USD","Oct","Wed"
"TRUE",25000,35,8,15,0,0,23,"Thursday","Monday","Gadgets","US","USD","Nov","Thu"
"TRUE",50000,30,4,10,5,5,8,"Thursday","Sunday","Gadgets","US","USD","Jun","Tue"
"TRUE",30000,45,12,15,4,4,5,"Monday","Thursday","Gadgets","US","USD","Aug","Fri"
"TRUE",30000,45,6,9,11,11,1,"Monday","Monday","Gadgets","US","USD","Aug","Fri"
"TRUE",5000,60,7,10,11,11,13,"Saturday","Saturday","Gadgets","US","USD","Sep","Tue"
"TRUE",7998,30,8,16,12,12,22,"Sunday","Monday","Gadgets","US","USD","Aug","Fri"
"TRUE",1500,30,2,15,17,17,11,"Thursday","Monday","Gadgets","US","USD","Jul","Tue"
"TRUE",25000,45,4,11,3,3,3,"Friday","Thursday","Gadgets","US","USD","Feb","Tue"
"TRUE",60000,30,6,11,11,11,21,"Sunday","Wednesday","Gadgets","US","USD","Oct","Fri"
"TRUE",25000,45,6,14,12,12,11,"Thursday","Saturday","Gadgets","US","USD","Aug","Mon"
"TRUE",50000,30,8,11,7,7,0,"Wednesday","Thursday","Gadgets","US","USD","Nov","Mon"
"TRUE",3000,19.0407523148148,9,11,9,10,1,"Monday","Thursday","Gadgets","US","USD","Sep","Wed"
"TRUE",500,30,4,12,20,20,20,"Saturday","Tuesday","Gadgets","US","USD","Apr","Thu"
"TRUE",20000,37.526412037037,5,15,11,0,21,"Friday","Friday","Gadgets","US","USD","Sep","Tue"
"TRUE",10000,45,10,12,1,1,23,"Saturday","Sunday","Gadgets","AU","AUD","Dec","Wed"
"TRUE",10000,30,5,16,14,14,21,"Thursday","Saturday","Gadgets","US","USD","Jan","Tue"
"TRUE",500,29.5349189814815,5,9,10,23,23,"Wednesday","Monday","Gadgets","US","USD","Nov","Tue"
"TRUE",18000,30,9,16,16,16,14,"Sunday","Monday","Gadgets","US","USD","Jul","Fri"
"TRUE",30000,40,4,12,15,15,14,"Monday","Sunday","Gadgets","US","USD","Feb","Wed"
"TRUE",30000,40,7,16,12,12,5,"Saturday","Saturday","Gadgets","US","USD","Nov","Mon"
"TRUE",80000,30,5,13,20,20,13,"Friday","Tuesday","Gadgets","US","USD","Jul","Wed"
"TRUE",2000,20,10,18,9,9,12,"Tuesday","Wednesday","Gadgets","AU","AUD","Jun","Wed"
"TRUE",1000,60,11,13,11,11,10,"Monday","Tuesday","Gadgets","US","USD","Jul","Thu"
"TRUE",4775,27.5097916666667,7,14,6,18,14,"Tuesday","Sunday","Gadgets","GB","GBP","Nov","Wed"
"TRUE",10000,40,11,20,10,10,9,"Wednesday","Saturday","Gadgets","US","USD","Jun","Fri"
"TRUE",10000,30,1,13,16,16,21,"Friday","Friday","Gadgets","AU","AUD","Sep","Wed"
"TRUE",50000,60,4,12,1,1,19,"Thursday","Monday","Gadgets","US","USD","Oct","Sun"
"TRUE",1000,30,10,15,14,14,10,"Thursday","Sunday","Gadgets","GB","GBP","Apr","Tue"
"TRUE",10000,60,5,6,17,17,8,"Monday","Tuesday","Gadgets","US","USD","Mar","Thu"
"TRUE",10000,60,5,15,2,2,16,"Saturday","Tuesday","Gadgets","US","USD","Aug","Tue"
"TRUE",15000,22.2633217592593,5,18,8,15,5,"Friday","Monday","Gadgets","GB","GBP","Aug","Thu"
"TRUE",5000,30,6,5,14,14,15,"Friday","Wednesday","Gadgets","US","USD","Jan","Wed"
"TRUE",20000,45,5,14,21,21,16,"Friday","Tuesday","Gadgets","US","USD","Dec","Tue"
"TRUE",30000,30,9,15,9,9,4,"Saturday","Tuesday","Gadgets","US","USD","Sep","Thu"
"TRUE",15000,30,7,12,12,12,12,"Sunday","Monday","Gadgets","GB","GBP","Apr","Fri"
"TRUE",35000,40,7,14,19,19,11,"Wednesday","Friday","Gadgets","US","USD","Sep","Fri"
"TRUE",15000,40,8,19,10,10,12,"Saturday","Monday","Gadgets","US","USD","Nov","Mon"
"TRUE",25000,37,10,18,11,11,17,"Friday","Tuesday","Gadgets","US","USD","Aug","Wed"
"TRUE",30000,30,9,15,16,16,23,"Saturday","Saturday","Gadgets","US","USD","May","Thu"
"TRUE",8000,30,6,14,10,10,0,"Friday","Friday","Gadgets","US","USD","Nov","Wed"
"TRUE",70000,30,10,15,10,10,10,"Friday","Friday","Gadgets","US","USD","May","Wed"
"TRUE",1e+05,46.5076157407407,7,15,7,20,11,"Friday","Wednesday","Gadgets","US","USD","Jan","Mon"
"TRUE",25000,45,10,15,20,20,6,"Wednesday","Tuesday","Gadgets","US","USD","Oct","Sun"
"TRUE",27000,30,9,12,20,20,15,"Thursday","Friday","Gadgets","US","USD","Nov","Tue"
"TRUE",1500,18.2363657407407,3,16,10,16,9,"Friday","Thursday","Gadgets","US","USD","Oct","Mon"
"TRUE",20000,31,8,15,9,9,21,"Sunday","Saturday","Gadgets","US","USD","Jan","Thu"
"TRUE",3000,45,5,11,15,15,21,"Monday","Friday","Gadgets","US","USD","Jun","Fri"
"TRUE",1450,30,5,8,10,10,21,"Wednesday","Friday","Gadgets","US","USD","Mar","Mon"
"TRUE",15000,60,6,21,6,6,2,"Friday","Thursday","Gadgets","US","USD","Jul","Mon"
"TRUE",1,3.03434027777778,7,15,13,14,13,"Monday","Wednesday","Gadgets","US","USD","Apr","Fri"
"TRUE",10000,30,7,7,8,8,13,"Monday","Sunday","Gadgets","US","USD","Nov","Sat"
"TRUE",20000,40,7,10,23,23,15,"Wednesday","Wednesday","Gadgets","US","USD","Oct","Fri"
"TRUE",50000,36,8,9,19,19,15,"Wednesday","Tuesday","Gadgets","US","USD","May","Tue"
"TRUE",20000,30,5,9,6,6,22,"Thursday","Monday","Gadgets","CA","CAD","Aug","Tue"
"TRUE",25000,30,8,19,11,11,11,"Saturday","Thursday","Gadgets","ES","EUR","Aug","Thu"
"TRUE",10000,30,9,18,11,11,15,"Thursday","Saturday","Gadgets","US","USD","Sep","Tue"
"TRUE",75000,30,8,12,6,6,13,"Saturday","Monday","Gadgets","US","USD","Sep","Thu"
"TRUE",8888,60,6,13,22,22,2,"Saturday","Sunday","Gadgets","US","USD","Oct","Tue"
"TRUE",5000,30,3,11,2,2,9,"Thursday","Wednesday","Gadgets","GB","GBP","Aug","Tue"
"TRUE",500,45,5,14,15,15,12,"Saturday","Wednesday","Gadgets","US","USD","Apr","Wed"
"TRUE",3000,28,7,12,11,11,23,"Tuesday","Monday","Gadgets","US","USD","Aug","Tue"
"TRUE",30000,40,6,17,20,20,11,"Sunday","Monday","Gadgets","US","USD","Jun","Tue"
"TRUE",1000,30,7,18,19,19,23,"Sunday","Thursday","Gadgets","AU","AUD","Oct","Fri"
"TRUE",25000,30,9,14,7,7,12,"Friday","Thursday","Gadgets","US","USD","Jun","Wed"
"TRUE",1000,30,6,12,8,8,7,"Thursday","Sunday","Gadgets","US","USD","Jan","Tue"
"TRUE",5000,30,8,11,10,10,12,"Friday","Friday","Gadgets","US","USD","Oct","Wed"
"TRUE",1500,19,8,15,14,14,14,"Saturday","Monday","Gadgets","US","USD","Sep","Mon"
"TRUE",7500,30,6,19,18,18,21,"Thursday","Wednesday","Gadgets","US","USD","Sep","Tue"
"TRUE",2000,35,4,14,15,15,13,"Sunday","Sunday","Gadgets","IE","EUR","Feb","Sun"
"TRUE",100,37.370162037037,7,15,17,1,16,"Monday","Wednesday","Gadgets","US","USD","Nov","Fri"
"TRUE",35000,45,10,14,15,15,17,"Saturday","Tuesday","Gadgets","US","USD","Nov","Wed"
"TRUE",10100,35,6,14,14,14,13,"Wednesday","Friday","Gadgets","US","USD","Oct","Wed"
"TRUE",50000,36.4588310185185,10,15,9,21,2,"Wednesday","Monday","Gadgets","US","USD","Oct","Tue"
"TRUE",500,30,7,12,13,13,3,"Wednesday","Saturday","Gadgets","US","USD","Jul","Mon"
"TRUE",3000,31.3748032407407,7,20,10,19,20,"Friday","Wednesday","Gadgets","US","USD","Dec","Tue"
"TRUE",5000,30,8,19,10,10,5,"Sunday","Tuesday","Gadgets","US","USD","Mar","Fri"
"TRUE",1e+05,36.4786342592593,9,16,7,19,20,"Thursday","Wednesday","Gadgets","US","USD","Jun","Wed"
"TRUE",750,27.0384606481481,8,13,15,16,4,"Sunday","Wednesday","Gadgets","GB","GBP","Sep","Mon"
"TRUE",2000,60,2,9,13,13,19,"Friday","Wednesday","Gadgets","US","USD","Nov","Mon"
"TRUE",5000,40,6,6,17,17,16,"Monday","Friday","Gadgets","US","USD","Mar","Wed"
"TRUE",5000,30,9,10,20,20,21,"Sunday","Friday","Gadgets","US","USD","Aug","Fri"
"TRUE",12000,60,7,14,7,7,2,"Saturday","Monday","Gadgets","US","USD","Sep","Tue"
"TRUE",3000,30,5,15,13,13,13,"Sunday","Thursday","Gadgets","US","USD","Aug","Fri"
"TRUE",7500,30.2680902777778,8,17,14,21,21,"Thursday","Thursday","Gadgets","US","USD","Oct","Tue"
"TRUE",5000,24.7277777777778,3,7,12,6,13,"Saturday","Friday","Gadgets","AU","AUD","Dec","Tue"
"TRUE",3000,32.1615972222222,5,17,10,13,19,"Monday","Monday","Gadgets","CA","CAD","Sep","Thu"
"TRUE",3000,25.2923263888889,7,18,11,19,6,"Monday","Wednesday","Gadgets","US","USD","Feb","Thu"
"TRUE",3000,21,1,12,15,15,17,"Tuesday","Tuesday","Gadgets","US","USD","May","Tue"
"TRUE",3000,30,9,14,0,0,20,"Wednesday","Wednesday","Gadgets","CA","CAD","Jul","Mon"
"TRUE",27500,30,1,10,13,13,15,"Saturday","Friday","Gadgets","US","USD","Sep","Thu"
"TRUE",10000,45,6,12,20,20,23,"Friday","Sunday","Gadgets","NZ","NZD","Jun","Tue"
"TRUE",27000,45.9079166666667,11,18,19,17,12,"Thursday","Saturday","Gadgets","US","USD","Nov","Sun"
"TRUE",1e+05,30,6,14,2,2,16,"Wednesday","Tuesday","Gadgets","US","USD","Sep","Mon"
"TRUE",50000,45,10,15,9,9,12,"Thursday","Wednesday","Gadgets","US","USD","Jun","Mon"
"TRUE",10000,40,6,12,6,6,23,"Monday","Thursday","Gadgets","AU","AUD","Dec","Wed"
"TRUE",10000,60,8,16,2,2,0,"Saturday","Wednesday","Gadgets","US","USD","Jul","Tue"
"TRUE",1e+05,33,4,7,18,18,10,"Friday","Wednesday","Gadgets","US","USD","Aug","Sun"
"TRUE",20000,30,7,12,9,9,0,"Thursday","Saturday","Gadgets","US","USD","Oct","Tue"
"TRUE",20000,40,8,14,11,11,16,"Friday","Monday","Gadgets","GB","GBP","May","Sun"
"TRUE",1000,30,6,6,23,23,20,"Friday","Wednesday","Gadgets","AU","AUD","Mar","Wed"
"TRUE",3000,60,7,17,14,14,10,"Saturday","Monday","Gadgets","US","USD","Jul","Tue"
"TRUE",10000,30,9,17,22,22,3,"Wednesday","Monday","Gadgets","US","USD","Jul","Mon"
"TRUE",5000,30,9,18,20,20,17,"Wednesday","Tuesday","Gadgets","CA","CAD","Jan","Mon"
"TRUE",25000,31.1890046296296,5,11,14,19,8,"Saturday","Monday","Gadgets","US","USD","Mar","Wed"
"TRUE",1000,35,6,7,11,11,0,"Wednesday","Saturday","Gadgets","US","USD","Jul","Wed"
"TRUE",30000,31,6,12,22,22,1,"Friday","Wednesday","Gadgets","US","USD","Jun","Tue"
"TRUE",9,23.0962268518519,3,15,11,14,14,"Tuesday","Tuesday","Gadgets","US","USD","Nov","Sun"
"TRUE",30000,21.3568171296296,5,14,16,0,15,"Tuesday","Tuesday","Gadgets","US","USD","Nov","Mon"
"TRUE",3000,40,9,9,19,19,0,"Sunday","Friday","Gadgets","AU","AUD","May","Tue"
"TRUE",5000,60,8,18,18,18,10,"Monday","Thursday","Gadgets","US","USD","Nov","Thu"
"TRUE",20000,30,6,17,10,10,9,"Wednesday","Sunday","Gadgets","US","USD","Mar","Mon"
"TRUE",50000,33.7885185185185,9,15,7,1,15,"Monday","Tuesday","Gadgets","US","USD","Dec","Tue"
"TRUE",50000,51.1179861111111,10,16,9,12,15,"Friday","Thursday","Gadgets","US","USD","Sep","Wed"
"TRUE",7500,30,7,16,10,10,22,"Wednesday","Monday","Gadgets","US","USD","Feb","Mon"
"TRUE",5,14,7,16,10,10,15,"Wednesday","Tuesday","Gadgets","US","USD","Sep","Wed"
"TRUE",15000,30,9,19,12,12,14,"Wednesday","Thursday","Gadgets","US","USD","May","Mon"
"TRUE",10000,15,8,14,10,10,23,"Wednesday","Thursday","Gadgets","US","USD","Mar","Tue"
"TRUE",50000,30,7,18,14,14,17,"Friday","Wednesday","Gadgets","US","USD","Nov","Wed"
"TRUE",50,12.300150462963,4,13,15,23,15,"Saturday","Sunday","Gadgets","CA","CAD","May","Mon"
"TRUE",25000,28,9,18,8,8,6,"Tuesday","Tuesday","Gadgets","AU","AUD","Oct","Tue"
"TRUE",2000,30,9,12,21,21,8,"Friday","Tuesday","Gadgets","AU","AUD","Feb","Wed"
"TRUE",7,45,6,3,17,17,17,"Friday","Tuesday","Gadgets","NL","EUR","Nov","Tue"
"TRUE",15000,60,7,12,3,3,13,"Sunday","Wednesday","Gadgets","US","USD","Jul","Wed"
"TRUE",10000,30,8,13,8,8,17,"Thursday","Monday","Gadgets","US","USD","Jul","Tue"
"TRUE",1,30,7,15,12,12,0,"Wednesday","Tuesday","Gadgets","US","USD","May","Mon"
"TRUE",250,30,4,12,15,15,15,"Sunday","Tuesday","Gadgets","US","USD","Dec","Fri"
"TRUE",5000,40,5,14,7,7,11,"Wednesday","Tuesday","Gadgets","US","USD","Apr","Fri"
"TRUE",1,22,7,14,17,17,13,"Tuesday","Sunday","Gadgets","US","USD","Aug","Mon"
"FALSE",50000,30,7,14,2,2,13,"Friday","Thursday","Gadgets","US","USD","May","Wed"
"FALSE",1e+05,45,7,14,0,0,21,"Saturday","Tuesday","Gadgets","US","USD","Jun","Wed"
"FALSE",30000,29.4786689814815,8,12,11,23,21,"Sunday","Wednesday","Gadgets","US","USD","May","Sat"
"FALSE",140000,29.0816898148148,5,9,1,3,9,"Wednesday","Tuesday","Gadgets","DE","EUR","May","Tue"
"FALSE",125000,30,5,12,15,15,21,"Tuesday","Saturday","Gadgets","US","USD","Feb","Sun"
"FALSE",195000,25,13,16,4,4,10,"Tuesday","Wednesday","Gadgets","US","USD","Aug","Fri"
"FALSE",30000,30.1282175925926,4,11,10,14,14,"Thursday","Tuesday","Gadgets","US","USD","Apr","Tue"
"FALSE",75000,42.7446180555556,7,12,1,19,6,"Tuesday","Monday","Gadgets","US","USD","Apr","Tue"
"FALSE",50000,50,6,15,11,11,1,"Thursday","Wednesday","Gadgets","US","USD","Sep","Wed"
"FALSE",17000,60,1,13,9,9,10,"Tuesday","Tuesday","Gadgets","US","USD","Jul","Fri"
"FALSE",50000,30,7,16,2,2,14,"Friday","Friday","Gadgets","US","USD","Nov","Wed"
"FALSE",40000,30,9,20,15,15,16,"Sunday","Thursday","Gadgets","US","USD","Oct","Fri"
"FALSE",25000,30,6,15,14,14,23,"Thursday","Tuesday","Gadgets","US","USD","Nov","Tue"
"FALSE",88000,30,4,15,22,22,13,"Saturday","Friday","Gadgets","US","USD","Oct","Thu"
"FALSE",20000,35,5,14,6,6,11,"Saturday","Sunday","Gadgets","CA","CAD","Nov","Sat"
"FALSE",50000,46.9595138888889,8,17,14,14,13,"Saturday","Sunday","Gadgets","GB","GBP","Oct","Mon"
"FALSE",50000,30,5,12,16,16,21,"Thursday","Tuesday","Gadgets","US","USD","Aug","Tue"
"FALSE",45000,45,5,11,12,12,10,"Thursday","Thursday","Gadgets","US","USD","Sep","Mon"
"FALSE",430000,45,4,12,9,9,7,"Friday","Monday","Gadgets","SE","SEK","Aug","Tue"
"FALSE",150000,30.5906944444444,6,13,8,23,3,"Friday","Monday","Gadgets","US","USD","Sep","Wed"
"FALSE",225000,30,6,13,2,2,15,"Friday","Thursday","Gadgets","US","USD","Jul","Wed"
"FALSE",45000,53.2064236111111,7,12,4,8,22,"Tuesday","Thursday","Gadgets","NL","EUR","Dec","Fri"
"FALSE",10000,45,8,14,17,17,0,"Friday","Friday","Gadgets","US","USD","Jan","Tue"
"FALSE",60000,30,6,10,15,15,12,"Friday","Friday","Gadgets","CA","CAD","Apr","Wed"
"FALSE",20000,30.1410416666667,6,15,14,18,11,"Thursday","Friday","Gadgets","US","USD","Oct","Tue"
"FALSE",165000,45,6,13,6,6,10,"Friday","Friday","Gadgets","NL","EUR","Aug","Tue"
"FALSE",6e+05,30,5,15,3,3,13,"Thursday","Tuesday","Gadgets","NO","NOK","Oct","Tue"
"FALSE",60000,60,1,10,21,21,21,"Friday","Saturday","Gadgets","US","USD","Nov","Mon"
"FALSE",40000,50,6,11,17,17,16,"Monday","Sunday","Gadgets","US","USD","Sep","Sun"
"FALSE",18000,40.7971064814815,11,15,16,12,14,"Monday","Monday","Gadgets","US","USD","Aug","Tue"
"FALSE",250000,59.0685763888889,5,17,14,15,8,"Monday","Wednesday","Gadgets","US","USD","Oct","Fri"
"FALSE",40000,30,6,13,3,3,1,"Sunday","Wednesday","Gadgets","AU","AUD","Sep","Fri"
"FALSE",150000,33,6,16,8,8,6,"Sunday","Tuesday","Gadgets","US","USD","Feb","Tue"
"FALSE",15000,31,11,16,23,23,13,"Wednesday","Monday","Gadgets","DE","EUR","Sep","Sun"
"FALSE",30000,30,1,12,11,11,16,"Saturday","Sunday","Gadgets","US","USD","Sep","Thu"
"FALSE",55000,30,7,16,18,18,9,"Friday","Wednesday","Gadgets","US","USD","Sep","Wed"
"FALSE",33000,30,5,13,2,2,0,"Friday","Tuesday","Gadgets","US","USD","Sep","Wed"
"FALSE",40000,20,6,14,19,19,16,"Monday","Thursday","Gadgets","US","USD","Oct","Tue"
"FALSE",1e+05,30,8,14,14,14,16,"Tuesday","Tuesday","Gadgets","US","USD","Feb","Sun"
"FALSE",8000,30,7,11,11,11,15,"Wednesday","Tuesday","Gadgets","US","USD","Mar","Mon"
"FALSE",1e+05,47.3081944444444,6,11,20,4,12,"Monday","Wednesday","Gadgets","US","USD","Nov","Tue"
"FALSE",75000,30,7,13,6,6,13,"Thursday","Monday","Gadgets","US","USD","Jun","Tue"
"FALSE",80000,30,5,14,7,7,16,"Thursday","Monday","Gadgets","US","USD","Jul","Tue"
"FALSE",85000,30,7,17,5,5,20,"Saturday","Thursday","Gadgets","US","USD","Jul","Thu"
"FALSE",299000,30,9,14,5,5,6,"Monday","Monday","Gadgets","NL","EUR","Oct","Sat"
"FALSE",55000,31,6,11,8,8,13,"Friday","Saturday","Gadgets","SG","SGD","Aug","Tue"
"FALSE",50000,47.5643518518519,10,14,3,16,6,"Sunday","Wednesday","Gadgets","NL","EUR","Sep","Tue"
"FALSE",30000,40,8,14,16,16,10,"Saturday","Friday","Gadgets","US","USD","Jun","Mon"
"FALSE",50000,60,8,18,14,14,11,"Friday","Sunday","Gadgets","CA","CAD","Mar","Mon"
"FALSE",1000,30,6,13,15,15,14,"Thursday","Wednesday","Gadgets","US","USD","Nov","Tue"
"FALSE",91000,30,8,14,8,8,13,"Friday","Monday","Gadgets","US","USD","Oct","Wed"
"FALSE",20000,30,8,13,15,15,10,"Thursday","Monday","Gadgets","US","USD","Aug","Tue"
"FALSE",15000,32,6,10,13,13,11,"Saturday","Wednesday","Gadgets","US","USD","Nov","Tue"
"FALSE",10000,30,4,13,20,20,18,"Friday","Saturday","Gadgets","US","USD","Nov","Wed"
"FALSE",30000,45,6,13,20,20,23,"Sunday","Thursday","Gadgets","US","USD","Oct","Thu"
"FALSE",30000,58.8465972222222,9,13,12,9,21,"Tuesday","Monday","Gadgets","US","USD","Oct","Sat"
"FALSE",8000,45,5,13,23,23,13,"Friday","Monday","Gadgets","CA","CAD","Mar","Tue"
"FALSE",20000,45,7,15,18,18,15,"Sunday","Monday","Gadgets","US","USD","Dec","Thu"
"FALSE",40000,30.7009375,7,16,7,0,1,"Thursday","Monday","Gadgets","US","USD","Nov","Mon"
"FALSE",6e+05,30,8,17,15,15,3,"Friday","Thursday","Gadgets","SE","SEK","Nov","Wed"
"FALSE",30000,45,5,14,10,10,7,"Thursday","Thursday","Gadgets","US","USD","May","Mon"
"FALSE",20000,32.0740162037037,7,15,13,15,9,"Tuesday","Thursday","Gadgets","GB","GBP","Dec","Fri"
"FALSE",892500,60,2,15,13,13,4,"Monday","Thursday","Gadgets","ES","EUR","Mar","Thu"
"FALSE",50000,30,7,12,14,14,15,"Sunday","Wednesday","Gadgets","US","USD","Dec","Fri"
"FALSE",5000,30,3,15,13,13,18,"Wednesday","Tuesday","Gadgets","US","USD","Oct","Mon"
"FALSE",1e+05,45,2,11,13,13,20,"Sunday","Sunday","Gadgets","CA","CAD","Oct","Thu"
"FALSE",70000,60,7,16,12,12,17,"Friday","Monday","Gadgets","US","USD","Oct","Mon"
"FALSE",165000,59.3247685185185,1,13,11,19,18,"Friday","Monday","Gadgets","US","USD","Jul","Tue"
"FALSE",20000,41.2067824074074,8,17,14,18,13,"Monday","Saturday","Gadgets","US","USD","Nov","Tue"
"FALSE",15000,45,8,15,11,11,10,"Thursday","Friday","Gadgets","US","USD","Apr","Mon"
"FALSE",1e+05,31.8687615740741,10,13,2,22,12,"Sunday","Wednesday","Gadgets","US","USD","Aug","Thu"
"FALSE",10000,30,6,8,12,12,10,"Thursday","Sunday","Gadgets","FR","EUR","Oct","Tue"
"FALSE",53000,30,6,10,20,20,3,"Wednesday","Monday","Gadgets","CA","CAD","Sep","Mon"
"FALSE",95000,31.3924421296296,8,16,11,21,11,"Tuesday","Thursday","Gadgets","US","USD","May","Sat"
"FALSE",10000,30,6,13,16,16,9,"Wednesday","Tuesday","Gadgets","US","USD","Dec","Mon"
"FALSE",20000,60,5,14,17,17,6,"Friday","Tuesday","Gadgets","NL","EUR","Jun","Mon"
"FALSE",20000,60,8,16,18,18,12,"Thursday","Friday","Gadgets","GB","GBP","Feb","Sun"
"FALSE",5000,30,1,13,14,14,18,"Sunday","Thursday","Gadgets","US","USD","Mar","Fri"
"FALSE",30000,40,4,10,21,21,2,"Wednesday","Monday","Gadgets","US","USD","Jun","Fri"
"FALSE",50000,30,7,18,2,2,20,"Thursday","Friday","Gadgets","US","USD","Aug","Tue"
"FALSE",125000,30,6,14,18,18,12,"Thursday","Friday","Gadgets","US","USD","Apr","Tue"
"FALSE",500,60,2,6,13,13,2,"Sunday","Tuesday","Gadgets","GB","GBP","Jul","Wed"
"FALSE",20000,26.359537037037,6,16,13,22,22,"Thursday","Thursday","Gadgets","US","USD","Apr","Sat"
"FALSE",60000,14.0064814814815,5,12,11,11,11,"Friday","Thursday","Gadgets","US","USD","Dec","Fri"
"FALSE",6000,30,3,17,10,10,22,"Wednesday","Sunday","Gadgets","US","USD","May","Mon"
"FALSE",50000,30,9,15,2,2,12,"Thursday","Monday","Gadgets","US","USD","Apr","Tue"
"FALSE",50000,40,7,14,9,9,0,"Friday","Tuesday","Gadgets","CA","CAD","Mar","Sun"
"FALSE",1e+05,40,1,10,15,15,23,"Tuesday","Wednesday","Gadgets","US","USD","Oct","Thu"
"FALSE",1e+05,30.2546412037037,8,14,16,22,9,"Sunday","Thursday","Gadgets","US","USD","Oct","Fri"
"FALSE",7500,32,7,17,10,10,14,"Saturday","Monday","Gadgets","US","USD","Jul","Tue"
"FALSE",15000,30,5,15,13,13,14,"Thursday","Wednesday","Gadgets","FR","EUR","Apr","Tue"
"FALSE",10000,30,3,15,20,20,12,"Friday","Monday","Gadgets","US","USD","Oct","Wed"
"FALSE",6500,43,2,12,12,12,7,"Friday","Thursday","Gadgets","FR","EUR","May","Thu"
"FALSE",250000,32.3727199074074,1,9,16,0,4,"Wednesday","Tuesday","Gadgets","US","USD","Feb","Fri"
"FALSE",30000,30,4,13,9,9,11,"Saturday","Wednesday","Gadgets","SE","SEK","Oct","Thu"
"FALSE",350000,33.3473958333333,5,13,8,17,16,"Saturday","Tuesday","Gadgets","US","USD","Jul","Mon"
"FALSE",55000,60,8,13,11,11,16,"Saturday","Wednesday","Gadgets","US","USD","Jun","Tue"
"FALSE",50000,60,8,12,22,22,18,"Saturday","Sunday","Gadgets","US","USD","Oct","Tue"
"FALSE",60000,60,3,14,19,19,9,"Monday","Wednesday","Gadgets","US","USD","Oct","Thu"
"FALSE",2500,30,5,12,17,17,13,"Saturday","Monday","Gadgets","GB","GBP","Jan","Thu"
"FALSE",45000,30,5,6,19,19,2,"Monday","Monday","Gadgets","US","USD","Jun","Sat"
"FALSE",10000,60,3,16,12,12,13,"Saturday","Wednesday","Gadgets","CA","CAD","Jun","Tue"
"FALSE",8000,29.9993981481481,10,15,14,14,19,"Friday","Wednesday","Gadgets","US","USD","Jul","Wed"
"FALSE",11000,30,4,17,8,8,9,"Wednesday","Friday","Gadgets","US","USD","Feb","Mon"
"FALSE",18000,34.5002662037037,6,15,9,21,15,"Tuesday","Sunday","Gadgets","US","USD","Nov","Wed"
"FALSE",25000,60,6,14,10,10,15,"Saturday","Monday","Gadgets","US","USD","Feb","Tue"
"FALSE",70000,35,6,12,2,2,6,"Monday","Monday","Gadgets","US","USD","Jun","Mon"
"FALSE",10000,60,8,15,17,17,21,"Friday","Monday","Gadgets","NZ","NZD","May","Mon"
"FALSE",5000,30,4,13,13,13,20,"Friday","Sunday","Gadgets","US","USD","Aug","Wed"
"FALSE",250000,45,6,12,8,8,10,"Saturday","Monday","Gadgets","US","USD","Oct","Wed"
"FALSE",6000,30,1,7,19,19,9,"Wednesday","Monday","Gadgets","US","USD","May","Mon"
"FALSE",20000,32.3316898148148,6,13,15,22,21,"Sunday","Wednesday","Gadgets","US","USD","May","Wed"
"FALSE",7000,45,5,14,20,20,19,"Thursday","Monday","Gadgets","US","USD","Jan","Mon"
"FALSE",6000,32.9780555555556,8,12,12,11,2,"Sunday","Saturday","Gadgets","US","USD","Sep","Tue"
"FALSE",35000,30,5,17,0,0,22,"Friday","Tuesday","Gadgets","US","USD","Sep","Wed"
"FALSE",50000,40,6,16,0,0,6,"Monday","Monday","Gadgets","NL","EUR","May","Wed"
"FALSE",3500,30,7,13,11,11,11,"Saturday","Saturday","Gadgets","US","USD","Feb","Thu"
"FALSE",3000,30,7,13,15,15,10,"Sunday","Tuesday","Gadgets","US","USD","Oct","Fri"
"FALSE",1e+05,60,2,12,9,9,12,"Tuesday","Monday","Gadgets","US","USD","May","Fri"
"FALSE",10000,29,5,12,7,7,18,"Saturday","Friday","Gadgets","US","USD","Sep","Fri"
"FALSE",15000,30,7,14,2,2,21,"Wednesday","Sunday","Gadgets","US","USD","Jul","Mon"
"FALSE",45000,30,9,15,18,18,13,"Thursday","Friday","Gadgets","US","USD","Sep","Tue"
"FALSE",30000,45,6,13,14,14,21,"Sunday","Saturday","Gadgets","US","USD","Sep","Thu"
"FALSE",75000,60,6,11,0,0,7,"Sunday","Thursday","Gadgets","NL","EUR","Jun","Wed"
"FALSE",13000,30,8,12,11,11,12,"Wednesday","Monday","Gadgets","US","USD","Aug","Mon"
"FALSE",12500,45,7,6,2,2,20,"Tuesday","Wednesday","Gadgets","US","USD","Aug","Sat"
"FALSE",145000,31.8401851851852,5,15,17,13,13,"Monday","Friday","Gadgets","US","USD","Mar","Thu"
"FALSE",10000,41,6,17,7,7,12,"Sunday","Wednesday","Gadgets","IT","EUR","Jul","Mon"
"FALSE",15000,30,2,16,17,17,13,"Saturday","Friday","Gadgets","US","USD","Mar","Thu"
"FALSE",185000,30,3,15,23,23,7,"Saturday","Tuesday","Gadgets","US","USD","Apr","Thu"
"FALSE",10500,30,10,13,17,17,22,"Thursday","Saturday","Gadgets","US","USD","Jul","Tue"
"FALSE",176000,30,2,11,14,14,15,"Friday","Tuesday","Gadgets","GB","GBP","Aug","Wed"
"FALSE",50000,30,6,14,19,19,22,"Sunday","Monday","Gadgets","US","USD","Aug","Fri"
"FALSE",2e+05,60,5,14,4,4,6,"Saturday","Tuesday","Gadgets","NL","EUR","Sep","Tue"
"FALSE",10000,30,7,12,11,11,15,"Sunday","Wednesday","Gadgets","US","USD","Nov","Fri"
"FALSE",1e+05,43.9864236111111,7,15,0,0,9,"Sunday","Saturday","Gadgets","US","USD","Aug","Fri"
"FALSE",35000,31.9943402777778,7,20,10,10,15,"Monday","Thursday","Gadgets","US","USD","Aug","Thu"
"FALSE",95000,48,7,6,2,2,16,"Tuesday","Monday","Gadgets","US","USD","May","Wed"
"FALSE",20000,30,2,12,15,15,11,"Thursday","Thursday","Gadgets","US","USD","Nov","Tue"
"FALSE",92500,50,8,14,19,19,22,"Friday","Monday","Gadgets","US","USD","Oct","Thu"
"FALSE",15000,30,4,11,11,11,15,"Saturday","Monday","Gadgets","GB","GBP","Jul","Thu"
"FALSE",20000,35,6,13,11,11,1,"Tuesday","Wednesday","Gadgets","DE","EUR","May","Tue"
"FALSE",25000,30,4,14,10,10,9,"Thursday","Friday","Gadgets","US","USD","Jul","Tue"
"FALSE",50000,30,2,10,10,10,17,"Friday","Friday","Gadgets","US","USD","Oct","Wed"
"FALSE",2500000,30,5,12,15,15,10,"Sunday","Tuesday","Gadgets","US","USD","May","Fri"
"FALSE",80000,60,7,8,6,6,4,"Wednesday","Sunday","Gadgets","US","USD","Feb","Sat"
"FALSE",150000,45,5,14,19,19,12,"Thursday","Sunday","Gadgets","US","USD","Apr","Mon"
"FALSE",25000,30,8,9,23,23,18,"Wednesday","Saturday","Gadgets","US","USD","Jul","Mon"
"FALSE",50000,30,7,12,15,15,21,"Thursday","Wednesday","Gadgets","US","USD","Jan","Tue"
"FALSE",7500,20,7,13,14,14,10,"Tuesday","Tuesday","Gadgets","US","USD","May","Wed"
"FALSE",75000,39.4521990740741,9,16,10,21,19,"Friday","Saturday","Gadgets","IE","EUR","Nov","Mon"
"FALSE",5000,30,5,14,12,12,15,"Thursday","Saturday","Gadgets","US","USD","Oct","Tue"
"FALSE",75000,33.8859490740741,4,12,13,11,14,"Monday","Friday","Gadgets","US","USD","Jun","Tue"
"FALSE",20000,40,8,5,22,22,14,"Sunday","Tuesday","Gadgets","US","USD","Feb","Tue"
"FALSE",10000,25,5,13,9,9,22,"Saturday","Saturday","Gadgets","AU","AUD","Jul","Tue"
"FALSE",20000,30,5,15,14,14,15,"Saturday","Wednesday","Gadgets","US","USD","Mar","Thu"
"FALSE",50000,45,5,18,21,21,10,"Friday","Wednesday","Gadgets","US","USD","Mar","Tue"
"FALSE",475000,30,3,14,17,17,16,"Wednesday","Wednesday","Gadgets","US","USD","Sep","Mon"
"FALSE",7000,30,5,11,14,14,12,"Sunday","Monday","Gadgets","US","USD","Sep","Fri"
"FALSE",50000,30.1361342592593,6,17,13,16,10,"Thursday","Thursday","Gadgets","US","USD","Aug","Tue"
"FALSE",75000,30,6,16,8,8,15,"Saturday","Sunday","Gadgets","US","USD","Dec","Thu"
"FALSE",85000,30,9,16,7,7,18,"Wednesday","Monday","Gadgets","US","USD","Apr","Mon"
"FALSE",9500,33.4113310185185,1,15,14,23,12,"Friday","Tuesday","Gadgets","US","USD","Sep","Sun"
"FALSE",15000,46.6635648148148,9,15,7,22,23,"Friday","Monday","Gadgets","CA","CAD","Mar","Mon"
"FALSE",38000,33.5299074074074,6,13,10,22,13,"Monday","Sunday","Gadgets","US","USD","Oct","Wed"
"FALSE",15000,15.3424189814815,3,14,10,19,11,"Sunday","Monday","Gadgets","GB","GBP","Jul","Sat"
"FALSE",15000,15,4,12,18,18,4,"Saturday","Sunday","Gadgets","AU","AUD","May","Fri"
"FALSE",15000,40,3,15,12,12,17,"Tuesday","Wednesday","Gadgets","US","USD","Dec","Thu"
"FALSE",60000,40,6,12,11,11,3,"Saturday","Saturday","Gadgets","GB","GBP","Jun","Mon"
"FALSE",5000,30,8,9,9,9,16,"Sunday","Saturday","Gadgets","CA","CAD","Jun","Fri"
"FALSE",10000,30,4,12,10,10,12,"Friday","Thursday","Gadgets","US","USD","Sep","Wed"
"FALSE",70000,30,5,13,16,16,16,"Sunday","Tuesday","Gadgets","AU","AUD","Dec","Fri"
"FALSE",20000,45,5,15,18,18,8,"Friday","Tuesday","Gadgets","US","USD","Jul","Tue"
"FALSE",8000,30,5,16,8,8,21,"Monday","Thursday","Gadgets","US","USD","Oct","Sat"
"FALSE",20000,30,2,13,9,9,12,"Thursday","Tuesday","Gadgets","US","USD","Jun","Tue"
"FALSE",15000,31,6,9,19,19,11,"Thursday","Sunday","Gadgets","US","USD","Jul","Mon"
"FALSE",20000,35,5,13,10,10,17,"Tuesday","Tuesday","Gadgets","CA","CAD","Dec","Tue"
"FALSE",35000,30,3,10,21,21,20,"Tuesday","Thursday","Gadgets","AU","AUD","Jan","Sun"
"FALSE",28000,35.2798032407407,1,8,17,0,17,"Saturday","Wednesday","Gadgets","US","USD","Jul","Fri"
"FALSE",60000,31,5,17,19,19,20,"Sunday","Monday","Gadgets","AU","AUD","Jul","Thu"
"FALSE",50000,60,6,16,18,18,16,"Wednesday","Saturday","Gadgets","US","USD","Feb","Sat"
"FALSE",6500,28.884537037037,2,18,17,15,11,"Friday","Wednesday","Gadgets","US","USD","May","Thu"
"FALSE",15000,43.7507060185185,4,17,20,14,14,"Friday","Monday","Gadgets","US","USD","Feb","Wed"
"FALSE",150000,50,4,15,1,1,12,"Wednesday","Wednesday","Gadgets","US","USD","Mar","Tue"
"FALSE",20000,30,3,14,11,11,8,"Wednesday","Saturday","Gadgets","SE","SEK","Feb","Mon"
"FALSE",15000,60,9,12,17,17,23,"Wednesday","Wednesday","Gadgets","US","USD","Feb","Sat"
"FALSE",12000,60,1,11,3,3,6,"Sunday","Monday","Gadgets","CA","CAD","Oct","Wed"
"FALSE",25000,28.4841087962963,11,23,11,22,22,"Monday","Sunday","Gadgets","US","USD","Nov","Mon"
"FALSE",7500,40,2,9,12,12,21,"Saturday","Wednesday","Gadgets","US","USD","Oct","Mon"
"FALSE",15000,30,9,16,13,13,7,"Friday","Friday","Gadgets","US","USD","Dec","Wed"
"FALSE",12000,60,3,17,8,8,13,"Friday","Thursday","Gadgets","GB","GBP","Nov","Mon"
"FALSE",1e+05,30,7,11,4,4,2,"Friday","Tuesday","Gadgets","ES","EUR","Nov","Wed"
"FALSE",10000,60,8,11,4,4,16,"Saturday","Friday","Gadgets","GB","GBP","Sep","Tue"
"FALSE",70000,30,4,8,21,21,18,"Thursday","Thursday","Gadgets","US","USD","Dec","Tue"
"FALSE",1e+05,30,6,13,14,14,22,"Saturday","Saturday","Gadgets","AU","AUD","Nov","Thu"
"FALSE",61000,34,1,16,17,17,12,"Monday","Thursday","Gadgets","MX","MXN","Dec","Tue"
"FALSE",80000,45,9,12,11,11,3,"Saturday","Wednesday","Gadgets","US","USD","Oct","Wed"
"FALSE",20000,60,7,16,12,12,17,"Sunday","Thursday","Gadgets","US","USD","Jun","Wed"
"FALSE",300,30,3,14,14,14,13,"Sunday","Thursday","Gadgets","US","USD","Nov","Fri"
"FALSE",30000,30,8,13,11,11,4,"Thursday","Thursday","Gadgets","GB","GBP","May","Tue"
"FALSE",35000,40,7,9,7,7,18,"Sunday","Tuesday","Gadgets","US","USD","Jun","Tue"
"FALSE",215000,21,4,18,3,3,3,"Monday","Wednesday","Gadgets","DE","EUR","Aug","Mon"
"FALSE",47000,30,4,12,14,14,17,"Saturday","Monday","Gadgets","US","USD","Aug","Thu"
"FALSE",12000,30,7,19,17,17,19,"Wednesday","Monday","Gadgets","US","USD","Aug","Mon"
"FALSE",30000,30,8,17,10,10,11,"Thursday","Tuesday","Gadgets","GB","GBP","Dec","Tue"
"FALSE",45000,30,8,14,10,10,17,"Thursday","Monday","Gadgets","US","USD","Aug","Tue"
"FALSE",75000,30,2,14,19,19,20,"Friday","Wednesday","Gadgets","US","USD","Jul","Wed"
"FALSE",5000,30,3,12,17,17,17,"Thursday","Saturday","Gadgets","US","USD","Mar","Tue"
"FALSE",25000,33,2,15,3,3,2,"Tuesday","Tuesday","Gadgets","NL","EUR","Mar","Thu"
"FALSE",150000,30,5,18,22,22,15,"Saturday","Wednesday","Gadgets","US","USD","Apr","Thu"
"FALSE",2000,60,5,14,2,2,0,"Sunday","Sunday","Gadgets","US","USD","Apr","Wed"
"FALSE",39800,30,1,13,6,6,23,"Friday","Thursday","Gadgets","US","USD","May","Wed"
"FALSE",15000,30,4,8,17,17,14,"Saturday","Wednesday","Gadgets","US","USD","Jun","Thu"
"FALSE",800,39.8318865740741,3,8,1,21,6,"Monday","Wednesday","Gadgets","AU","AUD","May","Thu"
"FALSE",11850,58.0090162037037,3,11,11,12,8,"Wednesday","Tuesday","Gadgets","US","USD","Nov","Mon"
"FALSE",45000,30,1,6,17,17,8,"Friday","Thursday","Gadgets","US","USD","Oct","Wed"
"FALSE",30000,32.6191203703704,5,11,9,23,10,"Saturday","Tuesday","Gadgets","US","USD","Jul","Tue"
"FALSE",4000,30,3,9,12,12,0,"Friday","Thursday","Gadgets","US","USD","Aug","Wed"
"FALSE",92500,31,7,17,17,17,18,"Wednesday","Sunday","Gadgets","US","USD","Apr","Sun"
"FALSE",235000,30,5,15,12,12,12,"Saturday","Tuesday","Gadgets","US","USD","Sep","Thu"
"FALSE",1e+05,30,9,17,20,20,9,"Saturday","Thursday","Gadgets","US","USD","Jun","Thu"
"FALSE",1200,60,1,6,18,18,8,"Monday","Friday","Gadgets","CA","CAD","Aug","Thu"
"FALSE",15000,30,5,15,13,13,14,"Thursday","Monday","Gadgets","GB","GBP","Jul","Tue"
"FALSE",45000,30,8,13,17,17,8,"Wednesday","Monday","Gadgets","GB","GBP","Feb","Mon"
"FALSE",13500,30,3,14,16,16,2,"Tuesday","Thursday","Gadgets","GB","GBP","Jul","Sun"
"FALSE",15990,35,12,14,17,17,0,"Tuesday","Sunday","Gadgets","US","USD","Mar","Tue"
"FALSE",5000,30,10,24,12,12,4,"Wednesday","Monday","Gadgets","AU","AUD","May","Mon"
"FALSE",15000,30,4,5,14,14,22,"Wednesday","Thursday","Gadgets","CA","CAD","Mar","Mon"
"FALSE",1500000,30,7,13,4,4,9,"Saturday","Monday","Gadgets","DK","DKK","Aug","Thu"
"FALSE",50000,30,4,13,10,10,21,"Thursday","Thursday","Gadgets","CA","CAD","Feb","Tue"
"FALSE",25000,30,4,14,20,20,3,"Saturday","Wednesday","Gadgets","US","USD","Jul","Thu"
"FALSE",55000,31.5438541666667,7,16,0,14,12,"Sunday","Wednesday","Gadgets","US","USD","Dec","Thu"
"FALSE",5000,30,3,18,8,8,21,"Saturday","Monday","Gadgets","US","USD","Jun","Thu"
"FALSE",2500,30,8,14,8,8,13,"Sunday","Wednesday","Gadgets","US","USD","Mar","Fri"
"FALSE",15000,30,1,16,15,15,14,"Wednesday","Sunday","Gadgets","GB","GBP","Jun","Mon"
"FALSE",135000,37,7,14,12,12,21,"Saturday","Sunday","Gadgets","US","USD","Dec","Thu"
"FALSE",35000,30,5,13,9,9,11,"Saturday","Monday","Gadgets","NL","EUR","Oct","Thu"
"FALSE",25000,42.5925462962963,3,18,11,2,18,"Friday","Tuesday","Gadgets","US","USD","Apr","Thu"
"FALSE",27750,36.3757291666667,6,21,13,23,11,"Sunday","Tuesday","Gadgets","US","USD","Jul","Sat"
"FALSE",25000,45.2395138888889,11,12,17,23,21,"Thursday","Wednesday","Gadgets","US","USD","Oct","Mon"
"FALSE",666,23,10,14,23,23,2,"Monday","Sunday","Gadgets","US","USD","Sep","Sat"
"FALSE",1e+05,29.6293518518519,9,16,7,23,15,"Tuesday","Wednesday","Gadgets","US","USD","Sep","Mon"
"FALSE",175000,42.6235532407407,8,17,5,20,13,"Friday","Sunday","Gadgets","GB","GBP","Jun","Fri"
"FALSE",3000,30,5,12,19,19,15,"Thursday","Friday","Gadgets","GB","GBP","Aug","Tue"
"FALSE",3500,30,6,19,14,14,17,"Sunday","Tuesday","Gadgets","GB","GBP","Mar","Fri"
"FALSE",1500,5,6,17,16,16,14,"Monday","Wednesday","Gadgets","US","USD","Jan","Wed"
"FALSE",50000,31.0700694444444,8,14,9,10,2,"Friday","Wednesday","Gadgets","US","USD","May","Tue"
"FALSE",75000,30,10,17,10,10,17,"Saturday","Thursday","Gadgets","US","USD","Jun","Thu"
"FALSE",20000,30,8,13,7,7,10,"Thursday","Friday","Gadgets","GB","GBP","Apr","Tue"
"FALSE",50000,30.5533564814815,7,13,9,23,18,"Thursday","Monday","Gadgets","US","USD","Jun","Tue"
"FALSE",32000,40,3,12,12,12,17,"Wednesday","Thursday","Gadgets","CA","CAD","Sep","Fri"
"FALSE",152000,29.9306365740741,9,20,16,15,4,"Tuesday","Monday","Gadgets","DE","EUR","Jul","Sun"
"FALSE",26500,36.2647222222222,7,12,18,1,15,"Saturday","Monday","Gadgets","US","USD","Jan","Thu"
"FALSE",75000,28.4728356481481,6,13,12,0,11,"Wednesday","Monday","Gadgets","US","USD","Dec","Tue"
"FALSE",5000,30,9,14,11,11,23,"Thursday","Monday","Gadgets","US","USD","Jun","Tue"
"FALSE",30000,30,6,10,8,8,14,"Thursday","Friday","Gadgets","US","USD","May","Tue"
"FALSE",10000,30,3,13,17,17,15,"Saturday","Thursday","Gadgets","US","USD","Jul","Thu"
"FALSE",660000,30,10,19,2,2,8,"Saturday","Monday","Gadgets","ES","EUR","Mar","Thu"
"FALSE",9000,15,1,14,21,21,20,"Sunday","Saturday","Gadgets","US","USD","Mar","Sat"
"FALSE",7200,60,8,15,0,0,4,"Saturday","Sunday","Gadgets","US","USD","Sep","Tue"
"FALSE",2500,10.944224537037,7,14,11,9,9,"Monday","Sunday","Gadgets","DE","EUR","Jun","Thu"
"FALSE",5e+05,30,7,12,12,12,12,"Thursday","Tuesday","Gadgets","GB","GBP","Jun","Tue"
"FALSE",6000,30,2,14,15,15,14,"Thursday","Wednesday","Gadgets","US","USD","Aug","Tue"
"FALSE",1e+05,30,7,16,21,21,10,"Saturday","Tuesday","Gadgets","ES","EUR","Jul","Thu"
"FALSE",60000,30,11,19,19,19,21,"Sunday","Saturday","Gadgets","US","USD","Dec","Fri"
"FALSE",13000,30,4,7,12,12,13,"Wednesday","Tuesday","Gadgets","US","USD","Sep","Mon"
"FALSE",8000,16.3376157407407,5,14,14,22,10,"Wednesday","Monday","Gadgets","US","USD","Dec","Mon"
"FALSE",9000,60,8,7,13,13,18,"Tuesday","Thursday","Gadgets","US","USD","Jan","Fri"
"FALSE",30000,40,4,8,10,10,8,"Monday","Sunday","Gadgets","US","USD","Sep","Wed"
"FALSE",60000,30,3,15,16,16,19,"Monday","Tuesday","Gadgets","AU","AUD","Aug","Sat"
"FALSE",100,30,3,9,21,21,21,"Thursday","Tuesday","Gadgets","GB","GBP","Jul","Tue"
"FALSE",4500,30,6,8,7,7,8,"Friday","Sunday","Gadgets","GB","GBP","Jul","Wed"
"FALSE",35000,40,8,14,11,11,10,"Tuesday","Tuesday","Gadgets","US","USD","Oct","Thu"
"FALSE",250000,30,4,12,6,6,12,"Wednesday","Monday","Gadgets","US","USD","Oct","Mon"
"FALSE",50000,30,5,16,19,19,0,"Sunday","Tuesday","Gadgets","AU","AUD","Jan","Fri"
"FALSE",75000,30,7,15,11,11,15,"Wednesday","Sunday","Gadgets","US","USD","May","Mon"
"FALSE",140000,30,3,8,6,6,23,"Wednesday","Sunday","Gadgets","AU","AUD","Oct","Mon"
"FALSE",42000,31.5901157407407,5,13,3,18,11,"Friday","Tuesday","Gadgets","GB","GBP","Jun","Tue"
"FALSE",85000,30,8,15,13,13,17,"Thursday","Thursday","Gadgets","CA","CAD","Jun","Tue"
"FALSE",50000,45,9,13,16,16,12,"Thursday","Monday","Gadgets","US","USD","May","Mon"
"FALSE",9993,50.0540856481481,3,8,9,11,14,"Tuesday","Friday","Gadgets","US","USD","Oct","Mon"
"FALSE",45000,30,3,10,17,17,8,"Friday","Saturday","Gadgets","US","USD","Dec","Wed"
"FALSE",15000,30,8,13,7,7,13,"Wednesday","Friday","Gadgets","US","USD","May","Mon"
"FALSE",60000,30,5,16,7,7,11,"Friday","Thursday","Gadgets","US","USD","Aug","Wed"
"FALSE",1e+06,30,2,13,22,22,17,"Wednesday","Thursday","Gadgets","US","USD","Jul","Mon"
"FALSE",5000,35,6,12,0,0,17,"Wednesday","Tuesday","Gadgets","FR","EUR","Dec","Wed"
"FALSE",750,30,5,12,10,10,17,"Friday","Tuesday","Gadgets","GB","GBP","Jul","Wed"
"FALSE",20000,30,5,14,15,15,12,"Friday","Friday","Gadgets","US","USD","Sep","Wed"
"FALSE",15000,45,7,16,14,14,8,"Sunday","Sunday","Gadgets","GB","GBP","Dec","Thu"
"FALSE",50000,30,7,14,14,14,16,"Sunday","Tuesday","Gadgets","US","USD","Oct","Fri"
"FALSE",1600,40,7,10,18,18,17,"Thursday","Saturday","Gadgets","US","USD","Feb","Sat"
"FALSE",36000,30,7,16,12,12,16,"Saturday","Friday","Gadgets","US","USD","Sep","Thu"
"FALSE",52000,40,5,16,6,6,12,"Tuesday","Wednesday","Gadgets","US","USD","Oct","Thu"
"FALSE",10000,30,7,8,15,15,23,"Sunday","Sunday","Gadgets","US","USD","Jul","Fri"
"FALSE",25000,30,8,21,7,7,20,"Thursday","Monday","Gadgets","US","USD","Oct","Tue"
"FALSE",1250,30,7,11,11,11,19,"Sunday","Friday","Gadgets","US","USD","Jun","Fri"
"FALSE",5000,30,7,13,19,19,21,"Saturday","Saturday","Gadgets","US","USD","Oct","Thu"
"FALSE",5000,60,4,12,20,20,11,"Friday","Wednesday","Gadgets","CA","CAD","Aug","Mon"
"FALSE",950,30,4,12,18,18,22,"Sunday","Friday","Gadgets","US","USD","May","Fri"
"FALSE",25000,30.9491898148148,6,14,2,1,17,"Thursday","Friday","Gadgets","US","USD","Aug","Mon"
"FALSE",20000,30,8,19,13,13,7,"Friday","Sunday","Gadgets","US","USD","Dec","Wed"
"FALSE",24000,37,3,7,14,14,3,"Sunday","Wednesday","Gadgets","CA","CAD","Feb","Fri"
"FALSE",80000,27.3390046296296,8,16,1,10,8,"Saturday","Saturday","Gadgets","AU","AUD","Nov","Sun"
"FALSE",20000,30,7,10,13,13,0,"Friday","Tuesday","Gadgets","US","USD","Jul","Wed"
"FALSE",240000,30,7,13,3,3,9,"Thursday","Tuesday","Gadgets","ES","EUR","Nov","Tue"
"FALSE",9000,30,6,10,14,14,1,"Saturday","Friday","Gadgets","US","USD","Sep","Thu"
"FALSE",80000,40,7,9,18,18,20,"Wednesday","Tuesday","Gadgets","US","USD","Dec","Fri"
"FALSE",5000,30,3,13,13,13,13,"Sunday","Tuesday","Gadgets","US","USD","Mar","Fri"
"FALSE",50000,39.6699305555556,7,8,17,9,21,"Sunday","Sunday","Gadgets","US","USD","May","Tue"
"FALSE",120000,45,7,16,6,6,14,"Friday","Monday","Gadgets","US","USD","Nov","Tue"
"FALSE",7000,36,5,13,21,21,19,"Saturday","Wednesday","Gadgets","US","USD","Aug","Fri"
"FALSE",15000,30,9,16,14,14,18,"Thursday","Monday","Gadgets","US","USD","May","Tue"
"FALSE",8000,29.9996412037037,8,19,18,18,11,"Wednesday","Monday","Gadgets","US","USD","Aug","Mon"
"FALSE",10000,60,10,12,13,13,6,"Sunday","Tuesday","Gadgets","US","USD","Apr","Wed"
"FALSE",89000,30,11,16,16,16,15,"Friday","Saturday","Gadgets","GB","GBP","Apr","Wed"
"FALSE",45000,38.5175,8,13,4,17,20,"Sunday","Friday","Gadgets","FR","EUR","Jul","Thu"
"FALSE",40000,60,6,14,16,16,15,"Saturday","Monday","Gadgets","US","USD","Jul","Tue"
"FALSE",1e+05,30,4,14,15,15,12,"Saturday","Tuesday","Gadgets","US","USD","Mar","Thu"
"FALSE",99000,29.9985069444444,7,14,8,8,6,"Friday","Thursday","Gadgets","GB","GBP","Apr","Wed"
"FALSE",1000,30,2,15,12,12,10,"Wednesday","Friday","Gadgets","NL","EUR","Feb","Mon"
"FALSE",3000,60,1,14,12,12,18,"Friday","Sunday","Gadgets","US","USD","Nov","Mon"
"FALSE",50000,45,5,13,10,10,0,"Saturday","Wednesday","Gadgets","US","USD","Nov","Wed"
"FALSE",25000,30,6,15,17,17,0,"Sunday","Thursday","Gadgets","US","USD","Aug","Fri"
"FALSE",50000,30,7,16,11,11,17,"Thursday","Saturday","Gadgets","US","USD","May","Tue"
"FALSE",30000,15,1,12,9,9,13,"Friday","Thursday","Gadgets","US","USD","May","Thu"
"FALSE",25000,30,7,13,16,16,14,"Thursday","Wednesday","Gadgets","US","USD","Nov","Tue"
"FALSE",35000,30,5,14,5,5,14,"Thursday","Saturday","Gadgets","US","USD","Sep","Tue"
"FALSE",85000,43.9847569444444,9,10,18,17,4,"Saturday","Thursday","Gadgets","NL","EUR","Sep","Thu"
"FALSE",65000,35,6,7,9,9,23,"Tuesday","Thursday","Gadgets","CA","CAD","Jun","Tue"
"FALSE",50000,60,8,13,23,23,13,"Monday","Wednesday","Gadgets","US","USD","Sep","Thu"
"FALSE",10000,30,6,15,20,20,21,"Wednesday","Tuesday","Gadgets","US","USD","Oct","Mon"
"FALSE",50000,60,7,13,3,3,6,"Tuesday","Friday","Gadgets","GB","GBP","Jun","Fri"
"FALSE",25000,44.9995138888889,3,7,13,13,0,"Friday","Wednesday","Gadgets","US","USD","Jun","Tue"
"FALSE",1300000,40,1,9,13,13,6,"Saturday","Thursday","Gadgets","DK","DKK","Feb","Mon"
"FALSE",15000,13.9317939814815,6,15,12,11,13,"Wednesday","Thursday","Gadgets","US","USD","Nov","Wed"
"FALSE",1500,30,11,15,12,12,18,"Wednesday","Wednesday","Gadgets","US","USD","Nov","Mon"
"FALSE",5000,30,8,11,13,13,19,"Thursday","Sunday","Gadgets","US","USD","Apr","Tue"
"FALSE",10000,40,4,13,13,13,0,"Saturday","Thursday","Gadgets","US","USD","Mar","Mon"
"FALSE",16000,31.7725347222222,6,13,7,1,20,"Saturday","Tuesday","Gadgets","US","USD","Mar","Tue"
"FALSE",1e+05,60,6,6,12,12,19,"Sunday","Tuesday","Gadgets","US","USD","Nov","Wed"
"FALSE",25000,30,1,10,23,23,12,"Friday","Saturday","Gadgets","US","USD","Jun","Wed"
"FALSE",250000,30,6,14,10,10,1,"Saturday","Monday","Gadgets","US","USD","Oct","Thu"
"FALSE",15000,30,3,7,15,15,13,"Saturday","Wednesday","Gadgets","CA","CAD","Jul","Thu"
"FALSE",80000,40,7,12,11,11,16,"Wednesday","Monday","Gadgets","US","USD","Aug","Fri"
"FALSE",15000,30,10,19,14,14,14,"Friday","Thursday","Gadgets","US","USD","Jan","Wed"
"FALSE",50000,31.955787037037,7,15,6,5,7,"Monday","Friday","Gadgets","DE","EUR","Oct","Thu"
"FALSE",25000,30,2,6,11,11,21,"Thursday","Thursday","Gadgets","US","USD","Jun","Tue"
"FALSE",450000,39.3759143518519,11,21,11,20,17,"Sunday","Thursday","Gadgets","US","USD","Dec","Wed"
"FALSE",1500,30,3,13,11,11,22,"Sunday","Tuesday","Gadgets","US","USD","Jun","Fri"
"FALSE",10000,45,1,11,14,14,11,"Monday","Wednesday","Gadgets","CA","CAD","Feb","Fri"
"FALSE",140000,30,6,14,13,13,8,"Wednesday","Tuesday","Gadgets","CA","CAD","Feb","Mon"
"FALSE",20000,60,5,15,16,16,14,"Friday","Friday","Gadgets","US","USD","Aug","Mon"
"FALSE",500,45,4,14,11,11,8,"Saturday","Wednesday","Gadgets","US","USD","Sep","Wed"
"FALSE",37000,30,4,14,13,13,9,"Wednesday","Monday","Gadgets","US","USD","Oct","Mon"
"FALSE",10000,32,2,15,19,19,19,"Monday","Monday","Gadgets","US","USD","Nov","Thu"
"FALSE",40000,25,8,17,4,4,3,"Monday","Friday","Gadgets","ES","EUR","May","Thu"
"FALSE",350000,34.9936226851852,6,8,19,19,18,"Friday","Wednesday","Gadgets","US","USD","Dec","Fri"
"FALSE",7000,30,7,13,0,0,19,"Wednesday","Friday","Gadgets","AU","AUD","Jun","Mon"
"FALSE",30000,28.3325347222222,6,13,9,17,20,"Tuesday","Sunday","Gadgets","US","USD","Jan","Tue"
"FALSE",24000,30,3,19,20,20,20,"Saturday","Thursday","Gadgets","US","USD","Jun","Thu"
"FALSE",125000,45,5,15,10,10,16,"Tuesday","Saturday","Gadgets","US","USD","Feb","Sat"
"FALSE",50000,60,5,10,0,0,17,"Sunday","Wednesday","Gadgets","US","USD","Aug","Wed"
"FALSE",80000,40,3,12,18,18,17,"Monday","Thursday","Gadgets","US","USD","Aug","Wed"
"FALSE",50000,56.4685416666667,1,13,11,22,22,"Monday","Monday","Gadgets","GB","GBP","Dec","Mon"
"FALSE",1e+05,30,3,14,4,4,0,"Saturday","Monday","Gadgets","AU","AUD","May","Thu"
"FALSE",35000,30,7,10,7,7,3,"Sunday","Friday","Gadgets","GB","GBP","May","Fri"
"FALSE",17000,30,4,13,19,19,12,"Tuesday","Sunday","Gadgets","US","USD","Jul","Sun"
"FALSE",2400,28,9,6,17,17,11,"Wednesday","Friday","Gadgets","US","USD","Apr","Wed"
"FALSE",500,30,5,12,15,15,12,"Saturday","Thursday","Gadgets","GB","GBP","Jan","Thu"
"FALSE",25000,30,1,7,11,11,1,"Friday","Tuesday","Gadgets","US","USD","Jul","Wed"
"FALSE",15000,30,2,12,10,10,2,"Sunday","Saturday","Gadgets","US","USD","Aug","Fri"
"FALSE",30000,41,7,13,9,9,11,"Monday","Wednesday","Gadgets","US","USD","Jun","Tue"
"FALSE",6000,30,8,16,14,14,19,"Thursday","Tuesday","Gadgets","FR","EUR","Feb","Tue"
"FALSE",8000,30,6,7,1,1,7,"Thursday","Thursday","Gadgets","NL","EUR","May","Tue"
"FALSE",500,30,1,9,9,9,6,"Saturday","Friday","Gadgets","FR","EUR","May","Thu"
"FALSE",26000,30,6,12,12,12,12,"Friday","Saturday","Gadgets","GB","GBP","Nov","Wed"
"FALSE",7000,45,8,17,9,9,3,"Thursday","Monday","Gadgets","GB","GBP","Jul","Mon"
"FALSE",65000,45.9997106481481,3,16,9,9,3,"Friday","Saturday","Gadgets","AU","AUD","Jun","Mon"
"FALSE",88200,47,6,6,10,10,19,"Tuesday","Wednesday","Gadgets","CA","CAD","Mar","Thu"
"FALSE",25000,30,5,14,6,6,13,"Friday","Wednesday","Gadgets","CA","CAD","Oct","Wed"
"FALSE",40000,30,4,15,4,4,5,"Monday","Sunday","Gadgets","GB","GBP","Jun","Sat"
"FALSE",10000,30,9,11,23,23,16,"Tuesday","Wednesday","Gadgets","US","USD","Nov","Sun"
"FALSE",42000,32,5,13,8,8,2,"Friday","Monday","Gadgets","US","USD","Jan","Mon"
"FALSE",12000,30,7,16,14,14,12,"Saturday","Tuesday","Gadgets","US","USD","Jan","Thu"
"FALSE",30000,30,3,13,9,9,7,"Wednesday","Monday","Gadgets","US","USD","Mar","Mon"
"FALSE",27000,37,5,13,15,15,15,"Thursday","Thursday","Gadgets","US","USD","Sep","Tue"
"FALSE",10000,45,9,11,19,19,2,"Saturday","Sunday","Gadgets","US","USD","Nov","Wed"
"FALSE",29000,30,9,8,11,11,14,"Thursday","Thursday","Gadgets","US","USD","Jun","Tue"
"FALSE",20000,45,7,13,7,7,15,"Friday","Friday","Gadgets","US","USD","May","Tue"
"FALSE",1000,30,9,13,1,1,10,"Saturday","Monday","Gadgets","US","USD","Sep","Thu"
"FALSE",75000,30,10,17,12,12,12,"Thursday","Monday","Gadgets","US","USD","Jun","Tue"
"FALSE",8000,60,7,16,19,19,14,"Thursday","Sunday","Gadgets","US","USD","May","Sun"
"FALSE",40000,60,9,17,22,22,21,"Sunday","Tuesday","Gadgets","US","USD","Dec","Wed"
"FALSE",147000,34.9838541666667,4,8,12,12,11,"Tuesday","Thursday","Gadgets","US","USD","Jan","Tue"
"FALSE",30000,30,9,18,13,13,5,"Friday","Sunday","Gadgets","AT","EUR","Dec","Wed"
"FALSE",170000,30,8,6,12,12,0,"Thursday","Tuesday","Gadgets","SE","SEK","Mar","Tue"
"FALSE",20000,29.4250462962963,8,9,13,23,21,"Monday","Friday","Gadgets","US","USD","Apr","Sun"
"FALSE",60000,45,6,10,1,1,3,"Friday","Tuesday","Gadgets","DE","EUR","May","Tue"
"FALSE",150000,40,6,13,23,23,17,"Saturday","Friday","Gadgets","US","USD","Nov","Mon"
"FALSE",25000,30,5,14,13,13,10,"Monday","Thursday","Gadgets","US","USD","Jun","Sat"
"FALSE",50000,45,7,13,7,7,19,"Friday","Tuesday","Gadgets","US","USD","Nov","Tue"
"FALSE",105000,30,2,12,8,8,9,"Monday","Friday","Gadgets","US","USD","Apr","Sat"
"FALSE",10000,60,4,13,16,16,0,"Monday","Wednesday","Gadgets","US","USD","Jun","Thu"
"FALSE",60000,40,2,20,11,11,12,"Wednesday","Tuesday","Gadgets","AT","EUR","Sep","Fri"
"FALSE",30000,58.975,8,15,14,14,14,"Thursday","Sunday","Gadgets","US","USD","Jun","Mon"
"FALSE",35000,30,7,13,11,11,11,"Friday","Friday","Gadgets","US","USD","Jan","Wed"
"FALSE",190000,28.2240393518519,6,15,11,16,4,"Sunday","Saturday","Gadgets","FR","EUR","Nov","Sun"
"FALSE",40000,35,7,14,19,19,4,"Tuesday","Monday","Gadgets","US","USD","Apr","Tue"
"FALSE",5000,28.0005208333333,5,17,19,20,11,"Wednesday","Tuesday","Gadgets","US","USD","Nov","Wed"
"FALSE",68000,29.2596064814815,5,20,10,16,4,"Monday","Friday","Gadgets","DE","EUR","Feb","Sun"
"FALSE",25000,45,6,17,8,8,13,"Friday","Monday","Gadgets","US","USD","Feb","Tue"
"FALSE",1e+05,40,9,10,3,3,10,"Monday","Tuesday","Gadgets","FR","EUR","Sep","Wed"
"FALSE",65000,30,8,16,21,21,23,"Friday","Tuesday","Gadgets","US","USD","Apr","Wed"
"FALSE",16000,20,10,16,10,10,17,"Sunday","Sunday","Gadgets","US","USD","Apr","Mon"
"FALSE",1e+05,31.6239930555556,8,12,8,22,8,"Thursday","Monday","Gadgets","US","USD","Aug","Mon"
"FALSE",25000,30,6,14,1,1,17,"Monday","Thursday","Gadgets","US","USD","Nov","Sat"
"FALSE",25000,40,10,15,13,13,22,"Monday","Friday","Gadgets","US","USD","Dec","Wed"
"FALSE",50000,28,7,9,9,9,16,"Thursday","Tuesday","Gadgets","US","USD","Oct","Thu"
"FALSE",71337,38.011724537037,6,16,5,6,4,"Sunday","Saturday","Gadgets","GB","GBP","May","Thu"
"FALSE",10000,60,8,12,12,12,21,"Monday","Sunday","Gadgets","US","USD","May","Thu"
"FALSE",700,34,7,10,1,1,17,"Saturday","Saturday","Gadgets","US","USD","Jun","Sun"
"FALSE",50000,36.584837962963,4,14,19,9,8,"Sunday","Monday","Gadgets","US","USD","Jan","Fri"
"FALSE",1500,30,6,12,10,10,23,"Thursday","Wednesday","Gadgets","US","USD","Nov","Tue"
"FALSE",10000,30,5,14,15,15,9,"Thursday","Thursday","Gadgets","GB","GBP","Nov","Tue"
"FALSE",40000,30,5,8,19,19,21,"Wednesday","Wednesday","Gadgets","US","USD","Jun","Mon"
"FALSE",50000,40,7,13,9,9,2,"Tuesday","Thursday","Gadgets","US","USD","Nov","Thu"
"FALSE",10000,30,5,16,16,16,1,"Friday","Saturday","Gadgets","GB","GBP","Jan","Wed"
"FALSE",75000,31.1820833333333,6,15,16,21,16,"Sunday","Monday","Gadgets","US","USD","Jun","Thu"
"FALSE",50000,30,9,14,12,12,21,"Thursday","Thursday","Gadgets","US","USD","Apr","Tue"
"FALSE",20000,30,9,15,11,11,20,"Wednesday","Saturday","Gadgets","US","USD","Dec","Mon"
"FALSE",5600,14,3,12,14,14,16,"Wednesday","Friday","Gadgets","US","USD","Feb","Wed"
"FALSE",1e+05,30,2,10,8,8,16,"Thursday","Thursday","Gadgets","US","USD","Apr","Tue"
"FALSE",25000,60,3,14,11,11,23,"Saturday","Thursday","Gadgets","US","USD","Oct","Tue"
"FALSE",35000,30,5,4,16,16,13,"Friday","Thursday","Gadgets","US","USD","Jun","Wed"
"FALSE",600,60,1,9,16,16,13,"Tuesday","Tuesday","Gadgets","US","USD","Aug","Fri"
"FALSE",25000,30,7,16,23,23,21,"Saturday","Sunday","Gadgets","US","USD","Dec","Thu"
"FALSE",60000,45,8,12,8,8,15,"Friday","Thursday","Gadgets","US","USD","Jan","Tue"
"FALSE",4e+05,30,6,15,2,2,7,"Sunday","Tuesday","Gadgets","ES","EUR","Jun","Fri"
"FALSE",10000,56.9840162037037,3,7,18,17,21,"Sunday","Tuesday","Gadgets","US","USD","Sep","Sat"
"FALSE",2e+05,60,1,6,19,19,1,"Friday","Saturday","Gadgets","US","USD","Sep","Mon"
"FALSE",5000,30,5,13,14,14,16,"Thursday","Thursday","Gadgets","CA","CAD","Oct","Tue"
"FALSE",8888,30,9,16,8,8,17,"Thursday","Monday","Gadgets","US","USD","Apr","Tue"
"FALSE",55000,30,7,12,2,2,1,"Saturday","Tuesday","Gadgets","US","USD","Oct","Thu"
"FALSE",125000,40,7,17,8,8,21,"Tuesday","Monday","Gadgets","US","USD","Sep","Thu"
"FALSE",42000,30,5,15,10,10,19,"Thursday","Wednesday","Gadgets","US","USD","Nov","Tue"
"FALSE",20000,31.2452893518519,9,19,18,23,1,"Thursday","Wednesday","Gadgets","US","USD","Feb","Mon"
"FALSE",1e+05,30,8,12,6,6,10,"Friday","Monday","Gadgets","CA","CAD","Nov","Wed"
"FALSE",30000,30,9,16,17,17,13,"Friday","Tuesday","Gadgets","CA","CAD","Feb","Wed"
"FALSE",20000,45,2,17,1,1,22,"Friday","Wednesday","Gadgets","US","USD","Aug","Tue"
"FALSE",10000,46,6,15,16,16,13,"Friday","Saturday","Gadgets","US","USD","Sep","Mon"
"FALSE",250000,60,7,12,10,10,12,"Friday","Tuesday","Gadgets","MX","MXN","Dec","Mon"
"FALSE",20000,40,5,16,7,7,4,"Monday","Thursday","Gadgets","CH","CHF","Jan","Wed"
"FALSE",20000,30,10,14,15,15,16,"Sunday","Sunday","Gadgets","US","USD","Nov","Fri"
"FALSE",20000,44.9963541666667,8,14,21,21,14,"Friday","Tuesday","Gadgets","US","USD","Dec","Tue"
"FALSE",55000,42,2,14,10,10,23,"Monday","Sunday","Gadgets","AU","AUD","Apr","Mon"
"FALSE",25000,40,8,17,10,10,18,"Sunday","Thursday","Gadgets","CA","CAD","Mar","Tue"
"FALSE",1e+05,30,5,11,17,17,23,"Thursday","Tuesday","Gadgets","US","USD","Nov","Tue"
"FALSE",4000,30,7,4,21,21,18,"Saturday","Tuesday","Gadgets","US","USD","Aug","Thu"
"FALSE",125000,30,10,17,15,15,10,"Wednesday","Friday","Gadgets","US","USD","Feb","Mon"
"FALSE",60000,60,8,16,21,21,12,"Tuesday","Wednesday","Gadgets","US","USD","Oct","Fri"
"FALSE",10000,30,9,12,14,14,19,"Thursday","Thursday","Gadgets","NZ","NZD","Oct","Tue"
"FALSE",190000,40,4,17,10,10,14,"Wednesday","Thursday","Gadgets","US","USD","Apr","Fri"
"FALSE",63000,29,10,13,11,11,22,"Thursday","Monday","Gadgets","US","USD","Mar","Wed"
"FALSE",40000,30,2,15,8,8,10,"Saturday","Sunday","Gadgets","US","USD","Sep","Thu"
"FALSE",30000,30,9,12,5,5,4,"Friday","Monday","Gadgets","GB","GBP","Oct","Wed"
"FALSE",36000,30,6,12,16,16,15,"Thursday","Sunday","Gadgets","GB","GBP","Jun","Tue"
"FALSE",27000,40.0974189814815,4,8,20,23,0,"Friday","Tuesday","Gadgets","CA","CAD","Sep","Sun"
"FALSE",68000,30,1,12,14,14,3,"Friday","Tuesday","Gadgets","US","USD","Sep","Wed"
"FALSE",90000,45,8,13,19,19,0,"Saturday","Tuesday","Gadgets","US","USD","Jun","Wed"
"FALSE",1e+05,45,10,14,8,8,20,"Saturday","Monday","Gadgets","US","USD","Dec","Wed"
"FALSE",5000,30,5,17,12,12,21,"Thursday","Saturday","Gadgets","US","USD","Jun","Tue"
"FALSE",6000,30,7,12,18,18,18,"Tuesday","Sunday","Gadgets","US","USD","Apr","Sun"
"FALSE",110000,47,8,18,3,3,19,"Thursday","Monday","Gadgets","US","USD","May","Sat"
"FALSE",75000,60,7,17,10,10,14,"Friday","Tuesday","Gadgets","US","USD","Mar","Mon"
"FALSE",25000,30,4,13,20,20,8,"Saturday","Monday","Gadgets","US","USD","May","Thu"
"FALSE",50000,28.0103819444444,5,15,18,19,15,"Thursday","Friday","Gadgets","US","USD","Jun","Thu"
"FALSE",230000,60,7,11,12,12,2,"Tuesday","Tuesday","Gadgets","DE","EUR","Apr","Fri"
"FALSE",20000,30,1,13,11,11,16,"Monday","Wednesday","Gadgets","US","USD","Dec","Sat"
"FALSE",5e+05,60,7,17,7,7,10,"Tuesday","Saturday","Gadgets","US","USD","Jul","Fri"
"FALSE",2e+05,31.3147106481481,6,7,11,18,11,"Friday","Friday","Gadgets","SE","SEK","May","Tue"
"FALSE",12500,30,6,15,13,13,7,"Thursday","Sunday","Gadgets","DE","EUR","Oct","Tue"
"FALSE",1e+05,45,2,10,14,14,7,"Saturday","Saturday","Gadgets","US","USD","Jun","Wed"
"FALSE",30000,31,7,9,8,8,14,"Thursday","Wednesday","Gadgets","US","USD","Oct","Mon"
"FALSE",40000,45,6,17,18,18,12,"Friday","Thursday","Gadgets","US","USD","Sep","Tue"
"FALSE",35000,37,2,15,21,21,23,"Friday","Sunday","Gadgets","US","USD","Feb","Wed"
"FALSE",50000,29.6860300925926,9,15,7,23,16,"Monday","Monday","Gadgets","US","USD","May","Sun"
"FALSE",50000,32.4625578703704,8,15,10,22,16,"Sunday","Monday","Gadgets","US","USD","Dec","Wed"
"FALSE",15000,35.4128819444444,8,10,13,22,14,"Tuesday","Thursday","Gadgets","US","USD","Nov","Tue"
"FALSE",10000,30,8,12,12,12,12,"Wednesday","Sunday","Gadgets","US","USD","Feb","Mon"
"FALSE",45000,45,2,12,14,14,14,"Saturday","Wednesday","Gadgets","US","USD","Dec","Wed"
"FALSE",25000,45,6,10,6,6,4,"Friday","Friday","Gadgets","US","USD","Mar","Tue"
"FALSE",55000,60,1,14,7,7,12,"Sunday","Monday","Gadgets","US","USD","Dec","Wed"
"FALSE",60000,30,4,14,20,20,18,"Saturday","Wednesday","Gadgets","US","USD","May","Thu"
"FALSE",3500,30,4,13,14,14,7,"Sunday","Tuesday","Gadgets","CA","CAD","Jul","Fri"
"FALSE",14000,45,3,16,13,13,18,"Friday","Thursday","Gadgets","US","USD","Jul","Tue"
"FALSE",12000,30,5,13,11,11,8,"Wednesday","Wednesday","Gadgets","US","USD","Feb","Mon"
"FALSE",10000,30,5,14,12,12,16,"Thursday","Wednesday","Gadgets","US","USD","Jun","Tue"
"FALSE",10000,40.4111342592593,5,8,7,17,16,"Sunday","Saturday","Gadgets","US","USD","Mar","Tue"
"FALSE",8000,34.3731481481481,8,12,1,9,2,"Sunday","Tuesday","Gadgets","US","USD","Apr","Mon"
"FALSE",1000,45,4,12,18,18,13,"Friday","Thursday","Gadgets","US","USD","Mar","Tue"
"FALSE",30000,45,7,12,9,9,14,"Thursday","Monday","Gadgets","US","USD","May","Mon"
"FALSE",250000,60,3,12,17,17,10,"Saturday","Monday","Gadgets","US","USD","Oct","Tue"
"FALSE",20000,30,3,15,9,9,3,"Sunday","Friday","Gadgets","IT","EUR","Oct","Fri"
"FALSE",2e+05,45,7,15,16,16,22,"Sunday","Tuesday","Gadgets","SG","SGD","Nov","Thu"
"FALSE",1000,30,4,15,15,15,10,"Friday","Monday","Gadgets","US","USD","Dec","Wed"
"FALSE",421380,31.3385763888889,7,14,2,11,6,"Sunday","Saturday","Gadgets","SE","SEK","Jul","Thu"
"FALSE",35000,30,6,13,11,11,15,"Sunday","Tuesday","Gadgets","CA","CAD","Jun","Fri"
"FALSE",20000,30,7,14,14,14,12,"Wednesday","Thursday","Gadgets","US","USD","Apr","Mon"
"FALSE",25000,20,5,15,18,18,16,"Tuesday","Tuesday","Gadgets","US","USD","Jan","Wed"
"FALSE",90000,30,5,18,8,8,2,"Saturday","Tuesday","Gadgets","CA","CAD","Sep","Thu"
"FALSE",10000,30,6,13,11,11,8,"Wednesday","Saturday","Gadgets","US","USD","Dec","Mon"
"FALSE",79000,30,7,18,18,18,9,"Tuesday","Friday","Gadgets","NL","EUR","Nov","Sun"
"FALSE",50000,30,7,17,23,23,19,"Friday","Wednesday","Gadgets","US","USD","Nov","Wed"
"FALSE",15000,30,8,14,9,9,3,"Saturday","Friday","Gadgets","GB","GBP","Feb","Thu"
"FALSE",29500,35,4,7,5,5,11,"Saturday","Wednesday","Gadgets","GB","GBP","Feb","Sat"
"FALSE",1e+05,60,4,13,8,8,9,"Thursday","Friday","Gadgets","FR","EUR","May","Sun"
"FALSE",1e+05,45,9,18,15,15,20,"Sunday","Monday","Gadgets","US","USD","Oct","Thu"
"FALSE",5000,30,1,11,20,20,19,"Wednesday","Sunday","Gadgets","US","USD","Jul","Mon"
"FALSE",60000,30,5,16,22,22,0,"Monday","Tuesday","Gadgets","US","USD","Nov","Sat"
"FALSE",25000,30,6,12,16,16,13,"Thursday","Tuesday","Gadgets","US","USD","Feb","Tue"
"FALSE",5000,45,6,15,11,11,13,"Monday","Tuesday","Gadgets","US","USD","Apr","Fri"
"FALSE",30000,30,3,16,18,18,12,"Saturday","Thursday","Gadgets","US","USD","Nov","Thu"
"FALSE",16500,30,6,10,15,15,16,"Thursday","Sunday","Gadgets","US","USD","May","Tue"
"FALSE",3500,35,1,9,0,0,13,"Tuesday","Sunday","Gadgets","CA","CAD","Sep","Tue"
"FALSE",50000,30,9,14,0,0,4,"Thursday","Wednesday","Gadgets","DE","EUR","Jan","Tue"
"FALSE",20000,60,5,18,12,12,23,"Saturday","Monday","Gadgets","US","USD","Nov","Tue"
"FALSE",68300,44,9,25,13,13,14,"Sunday","Wednesday","Gadgets","US","USD","May","Fri"
"FALSE",3000,50,4,17,11,11,4,"Thursday","Sunday","Gadgets","GB","GBP","Aug","Wed"
"FALSE",40000,45,8,17,12,12,17,"Thursday","Saturday","Gadgets","US","USD","Apr","Mon"
"FALSE",2000,30,3,12,13,13,23,"Wednesday","Thursday","Gadgets","US","USD","Jun","Mon"
"FALSE",9950,21,4,14,13,13,19,"Monday","Friday","Gadgets","CA","CAD","Oct","Mon"
"FALSE",130000,32.929212962963,1,19,13,12,12,"Tuesday","Thursday","Gadgets","ES","EUR","Mar","Thu"
"FALSE",46000,30,2,7,17,17,13,"Wednesday","Monday","Gadgets","US","USD","Mar","Mon"
"FALSE",25000,30,8,17,18,18,19,"Saturday","Monday","Gadgets","FR","EUR","Jun","Thu"
"FALSE",50000,45,8,21,11,11,16,"Thursday","Tuesday","Gadgets","US","USD","Jun","Mon"
"FALSE",10000,30,4,12,7,7,20,"Wednesday","Sunday","Gadgets","GB","GBP","Apr","Mon"
"FALSE",10000,30,4,17,17,17,21,"Thursday","Sunday","Gadgets","US","USD","Jun","Tue"
"FALSE",1e+05,46.0285416666667,3,14,20,21,22,"Friday","Sunday","Gadgets","US","USD","Oct","Mon"
"FALSE",20000,31,7,15,13,13,23,"Friday","Monday","Gadgets","IT","EUR","Oct","Tue"
"FALSE",25000,30,2,16,5,5,10,"Wednesday","Saturday","Gadgets","NL","EUR","Apr","Mon"
"FALSE",33333,30,1,12,10,10,11,"Saturday","Thursday","Gadgets","DE","EUR","Nov","Thu"
"FALSE",3500,45,5,18,15,15,13,"Thursday","Tuesday","Gadgets","FR","EUR","Aug","Mon"
"FALSE",60000,60,5,15,1,1,14,"Wednesday","Saturday","Gadgets","US","USD","Sep","Sat"
"FALSE",40000,45,3,13,9,9,17,"Saturday","Monday","Gadgets","US","USD","Jan","Wed"
"FALSE",25000,60,3,17,12,12,8,"Sunday","Monday","Gadgets","CA","CAD","Dec","Wed"
"FALSE",28000,50,8,18,19,19,17,"Saturday","Friday","Gadgets","NZ","NZD","Mar","Fri"
"FALSE",10000,30,6,15,11,11,13,"Sunday","Friday","Gadgets","CA","CAD","Nov","Fri"
"FALSE",25000,30,5,10,13,13,3,"Friday","Sunday","Gadgets","AT","EUR","Sep","Wed"
"FALSE",150000,30,7,18,9,9,18,"Friday","Tuesday","Gadgets","US","USD","Mar","Wed"
"FALSE",65000,31,5,12,18,18,9,"Monday","Tuesday","Gadgets","IT","EUR","Sep","Fri"
"FALSE",16500,21,7,16,3,3,19,"Friday","Wednesday","Gadgets","US","USD","Dec","Fri"
"FALSE",175000,30,3,10,14,14,11,"Sunday","Friday","Gadgets","US","USD","Sep","Fri"
"FALSE",5000,30,7,15,9,9,13,"Friday","Saturday","Gadgets","GB","GBP","Jun","Wed"
"FALSE",18500,28.1213657407407,5,16,10,13,13,"Wednesday","Monday","Gadgets","US","USD","May","Wed"
"FALSE",20000,45,5,9,12,12,22,"Sunday","Tuesday","Gadgets","US","USD","Apr","Thu"
"FALSE",50000,33,7,21,12,12,2,"Tuesday","Saturday","Gadgets","GB","GBP","Aug","Thu"
"FALSE",39250,21,1,5,12,12,6,"Wednesday","Sunday","Gadgets","US","USD","Oct","Wed"
"FALSE",80000,50,2,14,14,14,4,"Thursday","Monday","Gadgets","NL","EUR","Mar","Wed"
"FALSE",4500,60,8,15,12,12,9,"Friday","Wednesday","Gadgets","US","USD","Dec","Mon"
"FALSE",30000,40,6,15,20,20,3,"Saturday","Wednesday","Gadgets","US","USD","Jul","Mon"
"FALSE",1e+05,30,5,14,15,15,0,"Thursday","Tuesday","Gadgets","US","USD","Dec","Tue"
"FALSE",10000,30,4,14,16,16,5,"Saturday","Wednesday","Gadgets","US","USD","Jun","Thu"
"FALSE",12500,30,2,10,18,18,11,"Thursday","Friday","Gadgets","US","USD","Dec","Tue"
"FALSE",28000,37,4,4,10,10,18,"Saturday","Friday","Gadgets","US","USD","Jul","Thu"
"FALSE",25000,30,6,14,6,6,7,"Thursday","Saturday","Gadgets","US","USD","Mar","Tue"
"FALSE",35000,30,9,18,17,17,10,"Friday","Sunday","Gadgets","GB","GBP","Mar","Wed"
"FALSE",65000,30,8,15,22,22,13,"Thursday","Tuesday","Gadgets","US","USD","Sep","Tue"
"FALSE",18000,30,6,11,15,15,21,"Thursday","Thursday","Gadgets","US","USD","May","Tue"
"FALSE",15000,33.4813425925926,8,15,11,22,12,"Sunday","Thursday","Gadgets","CA","CAD","Nov","Tue"
"FALSE",20000,30,8,15,15,15,13,"Sunday","Thursday","Gadgets","US","USD","Jul","Fri"
"FALSE",80000,40,6,13,17,17,23,"Tuesday","Friday","Gadgets","US","USD","Sep","Thu"
"FALSE",5000,60,3,17,21,21,18,"Saturday","Tuesday","Gadgets","US","USD","Jun","Tue"
"FALSE",19000,45,7,11,21,21,18,"Thursday","Friday","Gadgets","US","USD","Nov","Mon"
"FALSE",49200,30,5,16,10,10,12,"Monday","Tuesday","Gadgets","US","USD","Jan","Sat"
"FALSE",32000,30.8382060185185,5,16,11,8,10,"Friday","Tuesday","Gadgets","US","USD","Aug","Tue"
"FALSE",50000,45,5,10,0,0,12,"Monday","Monday","Gadgets","BE","EUR","Sep","Fri"
"FALSE",30000,30,7,14,20,20,15,"Saturday","Saturday","Gadgets","US","USD","May","Thu"
"FALSE",40000,30.556412037037,9,12,11,1,11,"Saturday","Tuesday","Gadgets","US","USD","Nov","Wed"
"FALSE",2e+05,30,3,13,15,15,10,"Friday","Monday","Gadgets","US","USD","Apr","Wed"
"FALSE",7000,30,8,12,10,10,2,"Wednesday","Friday","Gadgets","US","USD","Jun","Mon"
"FALSE",250000,30,10,10,9,9,17,"Friday","Monday","Gadgets","US","USD","Aug","Wed"
"FALSE",12500,30,5,12,8,8,8,"Friday","Friday","Gadgets","AT","EUR","Jun","Wed"
"FALSE",1e+05,45,5,14,20,20,19,"Thursday","Sunday","Gadgets","US","USD","Dec","Mon"
"FALSE",7500,35,8,12,10,10,22,"Tuesday","Tuesday","Gadgets","US","USD","Aug","Tue"
"FALSE",1700,17.1285763888889,2,12,18,21,21,"Monday","Saturday","Gadgets","US","USD","Aug","Fri"
"FALSE",50000,60,3,11,7,7,20,"Tuesday","Tuesday","Gadgets","US","USD","Feb","Fri"
"FALSE",45000,25,7,2,23,23,1,"Friday","Wednesday","Gadgets","ES","EUR","Apr","Mon"
"FALSE",8000,30,2,16,9,9,15,"Wednesday","Tuesday","Gadgets","US","USD","Apr","Mon"
"FALSE",10000,30,6,11,10,10,9,"Saturday","Thursday","Gadgets","US","USD","Dec","Thu"
"FALSE",40000,41.0885532407407,3,17,14,17,17,"Thursday","Tuesday","Gadgets","US","USD","Nov","Fri"
"FALSE",5000,30,7,16,4,4,5,"Thursday","Friday","Gadgets","GB","GBP","Jul","Tue"
"FALSE",30000,35,8,14,11,11,19,"Tuesday","Sunday","Gadgets","US","USD","May","Tue"
"FALSE",15000,30,6,11,9,9,13,"Wednesday","Tuesday","Gadgets","US","USD","Mar","Mon"
"FALSE",15000,45,8,5,14,14,11,"Monday","Monday","Gadgets","US","USD","Jan","Fri"
"FALSE",6000,30,2,4,12,12,10,"Friday","Monday","Gadgets","US","USD","Jun","Wed"
"FALSE",7000,30,6,12,11,11,17,"Saturday","Sunday","Gadgets","US","USD","Jan","Thu"
"FALSE",50000,30,8,19,8,8,14,"Wednesday","Tuesday","Gadgets","US","USD","May","Mon"
"FALSE",20000,40.3531712962963,6,5,14,22,10,"Monday","Thursday","Gadgets","CA","CAD","Jun","Wed"
"FALSE",10800,30,9,12,19,19,15,"Thursday","Wednesday","Gadgets","US","USD","Apr","Tue"
"FALSE",30000,30,6,13,4,4,2,"Friday","Tuesday","Gadgets","US","USD","Sep","Wed"
"FALSE",1350,30,6,12,15,15,13,"Wednesday","Saturday","Gadgets","US","USD","Dec","Mon"
"FALSE",5e+05,30,6,10,9,9,9,"Wednesday","Friday","Gadgets","DK","DKK","Oct","Mon"
"FALSE",25000,30,11,14,5,5,21,"Wednesday","Sunday","Gadgets","US","USD","Apr","Mon"
"FALSE",85000,30,5,13,11,11,15,"Saturday","Saturday","Gadgets","US","USD","Dec","Thu"
"FALSE",20000,30,7,15,7,7,9,"Friday","Monday","Gadgets","NL","EUR","Aug","Wed"
"FALSE",50000,39,6,13,11,11,11,"Saturday","Thursday","Gadgets","US","USD","Sep","Tue"
"FALSE",20000,30,7,17,13,13,11,"Thursday","Friday","Gadgets","GB","GBP","May","Tue"
"FALSE",25000,60,8,19,23,23,18,"Monday","Tuesday","Gadgets","US","USD","Feb","Thu"
"FALSE",3e+05,60,6,14,6,6,7,"Monday","Friday","Gadgets","DK","DKK","Jun","Thu"
"FALSE",50000,60,3,10,10,10,19,"Friday","Monday","Gadgets","CA","CAD","Jan","Mon"
"FALSE",55000,30,5,15,21,21,10,"Sunday","Tuesday","Gadgets","AU","AUD","Jul","Fri"
"FALSE",50000,35,8,14,12,12,16,"Wednesday","Monday","Gadgets","US","USD","Dec","Wed"
"FALSE",25000,30,7,6,14,14,12,"Wednesday","Saturday","Gadgets","GB","GBP","Nov","Mon"
"FALSE",90000,33,5,12,7,7,21,"Tuesday","Sunday","Gadgets","AU","AUD","Feb","Thu"
"FALSE",25000,30,5,16,17,17,3,"Saturday","Wednesday","Gadgets","AU","AUD","Jan","Thu"
"FALSE",5000,45,8,18,7,7,16,"Thursday","Thursday","Gadgets","US","USD","May","Mon"
"FALSE",14000,21,7,10,15,15,22,"Tuesday","Thursday","Gadgets","US","USD","Nov","Tue"
"FALSE",50000,31.9468055555556,5,13,5,3,3,"Sunday","Wednesday","Gadgets","NL","EUR","Sep","Wed"
"FALSE",7e+05,30,8,15,11,11,15,"Wednesday","Saturday","Gadgets","US","USD","Apr","Mon"
"FALSE",15000,35,5,15,21,21,19,"Monday","Friday","Gadgets","US","USD","Jun","Mon"
"FALSE",10000,30,1,12,7,7,6,"Monday","Saturday","Gadgets","US","USD","Nov","Sat"
"FALSE",30000,50,5,9,20,20,11,"Saturday","Tuesday","Gadgets","US","USD","Jan","Fri"
"FALSE",50000,30,7,5,6,6,7,"Monday","Saturday","Gadgets","US","USD","Apr","Sat"
"FALSE",12000,26.2228356481481,4,10,17,22,14,"Monday","Tuesday","Gadgets","US","USD","Jun","Wed"
"FALSE",75000,39,8,9,2,2,22,"Sunday","Thursday","Gadgets","AU","AUD","Oct","Wed"
"FALSE",18000,30,2,12,18,18,0,"Thursday","Tuesday","Gadgets","US","USD","Sep","Tue"
"FALSE",8000,30,5,9,0,0,13,"Tuesday","Saturday","Gadgets","US","USD","Jun","Sun"
"FALSE",70000,30,9,15,9,9,17,"Wednesday","Monday","Gadgets","US","USD","Sep","Mon"
"FALSE",38900,32.1848263888889,11,17,19,23,13,"Friday","Thursday","Gadgets","US","USD","Jul","Mon"
"FALSE",15000,30,8,13,16,16,5,"Wednesday","Sunday","Gadgets","IT","EUR","Apr","Mon"
"FALSE",10000,31,9,17,15,15,20,"Saturday","Monday","Gadgets","US","USD","Mar","Wed"
"FALSE",28000,33.1366435185185,7,17,17,21,16,"Sunday","Monday","Gadgets","US","USD","Dec","Tue"
"FALSE",60000,30,6,14,12,12,2,"Saturday","Wednesday","Gadgets","US","USD","Jul","Thu"
"FALSE",7500,30,6,10,16,16,6,"Thursday","Saturday","Gadgets","DE","EUR","Sep","Tue"
"FALSE",5000,30,6,17,16,16,8,"Friday","Wednesday","Gadgets","US","USD","Oct","Wed"
"FALSE",36000,30.5167361111111,8,18,16,4,11,"Wednesday","Wednesday","Gadgets","US","USD","May","Sun"
"FALSE",40000,60,10,12,10,10,18,"Saturday","Monday","Gadgets","US","USD","Jun","Tue"
"FALSE",10000,30,7,17,15,15,21,"Wednesday","Sunday","Gadgets","US","USD","Oct","Mon"
"FALSE",50000,39.7767939814815,9,12,16,11,15,"Sunday","Tuesday","Gadgets","US","USD","May","Tue"
"FALSE",45000,40,6,11,12,12,18,"Saturday","Saturday","Gadgets","US","USD","Mar","Mon"
"FALSE",1e+05,42.7166550925926,6,14,4,22,11,"Friday","Tuesday","Gadgets","CA","CAD","Dec","Fri"
"FALSE",1e+05,60,4,13,21,21,16,"Friday","Thursday","Gadgets","US","USD","Apr","Mon"
"FALSE",20000,60,4,13,11,11,11,"Sunday","Tuesday","Gadgets","US","USD","Aug","Wed"
"FALSE",250000,30,6,11,23,23,22,"Tuesday","Wednesday","Gadgets","US","USD","Nov","Sun"
"FALSE",2000,60,3,11,20,20,5,"Monday","Tuesday","Gadgets","AU","AUD","Aug","Thu"
"FALSE",5000,60,8,13,1,1,2,"Monday","Thursday","Gadgets","GB","GBP","Oct","Thu"
"FALSE",63000,42.227349537037,6,13,11,16,8,"Thursday","Sunday","Gadgets","US","USD","Nov","Thu"
"FALSE",70000,60,4,14,17,17,11,"Thursday","Thursday","Gadgets","US","USD","May","Sun"
"FALSE",1000,60,4,12,12,12,18,"Friday","Wednesday","Gadgets","CA","CAD","Mar","Mon"
"FALSE",30000,30,2,6,15,15,17,"Thursday","Friday","Gadgets","US","USD","Jul","Tue"
"FALSE",197000,30,1,13,11,11,22,"Thursday","Thursday","Gadgets","CA","CAD","Jan","Tue"
"FALSE",10000,30,7,16,8,8,3,"Thursday","Sunday","Gadgets","US","USD","Nov","Tue"
"FALSE",1e+05,30,10,16,9,9,23,"Sunday","Tuesday","Gadgets","US","USD","Apr","Fri"
"FALSE",67000,32,2,14,19,19,6,"Friday","Wednesday","Gadgets","GB","GBP","Apr","Mon"
"FALSE",75000,34,6,14,15,15,19,"Thursday","Tuesday","Gadgets","US","USD","Nov","Fri"
"FALSE",20000,58.7678125,6,13,22,16,16,"Saturday","Sunday","Gadgets","NL","EUR","Nov","Wed"
"FALSE",95000,60,4,6,17,17,13,"Friday","Monday","Gadgets","US","USD","Feb","Mon"
"FALSE",90000,29.9986226851852,7,14,11,11,9,"Wednesday","Monday","Gadgets","DE","EUR","Nov","Mon"
"FALSE",196000,33.432974537037,8,14,12,22,14,"Monday","Tuesday","Gadgets","US","USD","Jul","Wed"
"FALSE",10000,30,5,13,22,22,20,"Tuesday","Thursday","Gadgets","US","USD","May","Sun"
"FALSE",30000,30,3,16,13,13,11,"Monday","Monday","Gadgets","US","USD","Oct","Sat"
"FALSE",25000,30,4,18,11,11,14,"Wednesday","Tuesday","Gadgets","US","USD","Jun","Mon"
"FALSE",25000,30,8,18,12,12,5,"Friday","Tuesday","Gadgets","CA","CAD","Jan","Wed"
"FALSE",20000,30,2,12,13,13,15,"Wednesday","Tuesday","Gadgets","US","USD","Nov","Mon"
"FALSE",50000,40.378287037037,4,11,11,21,10,"Sunday","Saturday","Gadgets","US","USD","Jan","Tue"
"FALSE",5000,30,2,16,10,10,20,"Wednesday","Friday","Gadgets","US","USD","Mar","Mon"
"FALSE",5500,20,9,19,18,18,9,"Tuesday","Tuesday","Gadgets","US","USD","Aug","Wed"
"FALSE",13000,32.7003935185185,6,12,8,1,17,"Sunday","Tuesday","Gadgets","US","USD","Feb","Tue"
"FALSE",35000,41.6165972222222,7,15,14,5,14,"Thursday","Monday","Gadgets","US","USD","Jun","Thu"
"FALSE",7000,40,6,10,1,1,16,"Monday","Saturday","Gadgets","US","USD","Sep","Wed"
"FALSE",1500,30,6,12,11,11,10,"Thursday","Monday","Gadgets","US","USD","Mar","Tue"
"FALSE",50000,20.3934490740741,1,11,10,20,19,"Sunday","Thursday","Gadgets","US","USD","Dec","Mon"
"FALSE",80000,60,3,11,0,0,17,"Tuesday","Saturday","Gadgets","US","USD","Jan","Fri"
"FALSE",50000,40,2,18,4,4,11,"Wednesday","Thursday","Gadgets","GB","GBP","Feb","Fri"
"FALSE",50000,30,6,15,13,13,18,"Tuesday","Friday","Gadgets","US","USD","Mar","Sun"
"FALSE",20000,30,2,8,10,10,10,"Wednesday","Wednesday","Gadgets","NL","EUR","Mar","Mon"
"FALSE",70000,30,5,17,7,7,1,"Saturday","Monday","Gadgets","DK","DKK","Jun","Thu"
"FALSE",15000,30,3,14,12,12,15,"Sunday","Saturday","Gadgets","US","USD","Jan","Fri"
"FALSE",47000,60,9,18,17,17,16,"Saturday","Saturday","Gadgets","US","USD","Dec","Tue"
"FALSE",1171000,44,5,11,15,15,22,"Wednesday","Friday","Gadgets","US","USD","Apr","Mon"
"FALSE",30000,40,1,6,14,14,19,"Sunday","Monday","Gadgets","US","USD","May","Tue"
"FALSE",10000,60,3,8,17,17,3,"Friday","Monday","Gadgets","DE","EUR","Jul","Mon"
"FALSE",23000,29,3,16,9,9,14,"Wednesday","Tuesday","Gadgets","US","USD","Nov","Tue"
"FALSE",2000,30,5,17,4,4,12,"Thursday","Tuesday","Gadgets","GB","GBP","Mar","Tue"
"FALSE",125000,30,8,17,11,11,11,"Wednesday","Friday","Gadgets","CA","CAD","Dec","Mon"
"FALSE",50000,30,6,14,23,23,20,"Saturday","Sunday","Gadgets","US","USD","Jun","Thu"
"FALSE",35000,35,9,13,14,14,20,"Wednesday","Tuesday","Gadgets","US","USD","Oct","Wed"
"FALSE",50000,43.9989467592593,8,15,8,8,22,"Thursday","Monday","Gadgets","US","USD","Jul","Tue"
"FALSE",5000,40,4,15,8,8,14,"Monday","Tuesday","Gadgets","US","USD","Dec","Wed"
"FALSE",2e+05,31,5,8,20,20,16,"Thursday","Sunday","Gadgets","CA","CAD","Aug","Mon"
"FALSE",50000,30,5,13,9,9,11,"Saturday","Tuesday","Gadgets","US","USD","Sep","Thu"
"FALSE",1000,45,6,15,16,16,10,"Monday","Friday","Gadgets","US","USD","Jan","Fri"
"FALSE",40000,28.1954513888889,5,8,16,21,15,"Friday","Monday","Gadgets","US","USD","Jan","Fri"
"FALSE",18000,57.8437384259259,7,18,18,15,15,"Monday","Monday","Gadgets","US","USD","Nov","Sat"
"FALSE",20000,30,7,15,5,5,11,"Thursday","Tuesday","Gadgets","US","USD","Apr","Tue"
"FALSE",5e+05,35,3,14,12,12,14,"Friday","Wednesday","Gadgets","CA","CAD","Nov","Fri"
"FALSE",210000,30,6,15,17,17,2,"Sunday","Monday","Gadgets","US","USD","Oct","Fri"
"FALSE",70000,44.289537037037,4,13,19,2,15,"Thursday","Monday","Gadgets","US","USD","Jun","Mon"
"FALSE",10000,45,7,13,0,0,18,"Sunday","Saturday","Gadgets","US","USD","Nov","Thu"
"FALSE",70000,30,6,11,12,12,17,"Wednesday","Wednesday","Gadgets","US","USD","Dec","Mon"
"FALSE",350,25,6,5,15,15,3,"Friday","Thursday","Gadgets","US","USD","Aug","Mon"
"FALSE",1e+05,60,6,15,3,3,2,"Tuesday","Friday","Gadgets","IE","EUR","Jun","Fri"
"FALSE",25000,30,8,16,21,21,20,"Thursday","Tuesday","Gadgets","US","USD","Aug","Tue"
"FALSE",16500,30,2,15,10,10,5,"Wednesday","Saturday","Gadgets","DE","EUR","Nov","Mon"
"FALSE",20000,35,5,10,8,8,8,"Tuesday","Wednesday","Gadgets","FR","EUR","Aug","Tue"
"FALSE",1000,30,3,11,18,18,15,"Thursday","Tuesday","Gadgets","US","USD","Mar","Tue"
"FALSE",15000,30,5,13,8,8,19,"Sunday","Monday","Gadgets","US","USD","Jan","Fri"
"FALSE",48000,60,6,13,12,12,10,"Tuesday","Tuesday","Gadgets","US","USD","Feb","Fri"
"FALSE",40000,60,4,17,12,12,5,"Saturday","Tuesday","Gadgets","GB","GBP","Oct","Tue"
"FALSE",5000,60,6,9,22,22,21,"Friday","Sunday","Gadgets","US","USD","Jul","Mon"
"FALSE",1e+05,30,1,8,8,8,7,"Saturday","Wednesday","Gadgets","US","USD","Jun","Thu"
"FALSE",1000,30,1,14,9,9,18,"Wednesday","Wednesday","Gadgets","US","USD","Apr","Mon"
"FALSE",20000,30,2,12,0,0,21,"Friday","Thursday","Gadgets","AU","AUD","Nov","Wed"
"FALSE",30000,30,9,15,5,5,6,"Tuesday","Friday","Gadgets","GB","GBP","Mar","Sun"
"FALSE",25000,30,6,14,1,1,10,"Wednesday","Saturday","Gadgets","FR","EUR","Feb","Mon"
"FALSE",30000,30,5,12,15,15,10,"Wednesday","Tuesday","Gadgets","IT","EUR","Sep","Mon"
"FALSE",1e+05,33,8,17,12,12,2,"Monday","Thursday","Gadgets","AT","EUR","Mar","Wed"
"FALSE",25000,32,7,10,7,7,17,"Monday","Thursday","Gadgets","US","USD","Dec","Thu"
"FALSE",2e+05,28.2637847222222,2,12,11,18,16,"Friday","Wednesday","Gadgets","US","USD","Jul","Fri"
"FALSE",15000,30,7,14,17,17,22,"Saturday","Saturday","Gadgets","US","USD","Nov","Thu"
"FALSE",155000,30,6,12,5,5,11,"Friday","Wednesday","Gadgets","US","USD","Jul","Wed"
"FALSE",3000,25,7,16,12,12,13,"Thursday","Saturday","Gadgets","DE","EUR","Feb","Sun"
"FALSE",20000,35.9492824074074,7,10,8,6,5,"Monday","Wednesday","Gadgets","AU","AUD","Dec","Sun"
"FALSE",9000,30,4,13,9,9,12,"Wednesday","Saturday","Gadgets","US","USD","Aug","Mon"
"FALSE",30000,60,5,23,17,17,3,"Friday","Sunday","Gadgets","ES","EUR","May","Mon"
"FALSE",120000,30,7,15,13,13,20,"Monday","Monday","Gadgets","US","USD","Aug","Sat"
"FALSE",99000,44,6,11,8,8,20,"Saturday","Monday","Gadgets","US","USD","Oct","Thu"
"FALSE",12500,15,4,12,16,16,7,"Friday","Thursday","Gadgets","US","USD","Sep","Thu"
"FALSE",55500,30,8,7,20,20,20,"Thursday","Monday","Gadgets","US","USD","Jan","Tue"
"FALSE",8000,30,8,15,6,6,3,"Saturday","Saturday","Gadgets","GB","GBP","Nov","Thu"
"FALSE",210000,37.308900462963,6,15,7,15,7,"Thursday","Thursday","Gadgets","US","USD","Nov","Tue"
"FALSE",75000,30,1,14,15,15,17,"Sunday","Friday","Gadgets","US","USD","Feb","Fri"
"FALSE",20000,33,8,10,14,14,15,"Monday","Monday","Gadgets","US","USD","Nov","Wed"
"FALSE",20000,45,5,10,11,11,20,"Saturday","Monday","Gadgets","US","USD","Jul","Wed"
"FALSE",25000,30,7,14,21,21,4,"Sunday","Thursday","Gadgets","US","USD","Feb","Fri"
"FALSE",10000,30,7,8,9,9,2,"Wednesday","Friday","Gadgets","US","USD","Aug","Mon"
"FALSE",2500,60,7,17,11,11,21,"Friday","Saturday","Gadgets","US","USD","Apr","Mon"
"FALSE",7500,30,7,13,16,16,13,"Wednesday","Thursday","Gadgets","US","USD","Aug","Mon"
"FALSE",125000,40,1,14,21,21,14,"Wednesday","Friday","Gadgets","US","USD","Sep","Fri"
"FALSE",60000,32,8,14,4,4,21,"Friday","Monday","Gadgets","US","USD","Sep","Mon"
"FALSE",22000,35,6,14,16,16,19,"Monday","Monday","Gadgets","US","USD","May","Mon"
"FALSE",25000,35.4585416666667,5,12,8,20,8,"Friday","Tuesday","Gadgets","US","USD","Aug","Fri"
"FALSE",185000,31.6357291666667,3,16,10,1,13,"Saturday","Wednesday","Gadgets","US","USD","Jun","Tue"
"FALSE",35000,30,4,13,11,11,12,"Thursday","Monday","Gadgets","US","USD","May","Tue"
"FALSE",15500,31.9278819444444,7,17,11,9,15,"Tuesday","Thursday","Gadgets","US","USD","Dec","Fri"
"FALSE",5000,30,3,18,8,8,19,"Thursday","Thursday","Gadgets","US","USD","Mar","Tue"
"FALSE",90000,60,9,13,9,9,7,"Saturday","Friday","Gadgets","GB","GBP","Sep","Tue"
"FALSE",1000,30,8,17,9,9,14,"Wednesday","Friday","Gadgets","US","USD","Jun","Mon"
"FALSE",3000,60,5,14,16,16,12,"Tuesday","Thursday","Gadgets","US","USD","Jan","Fri"
"FALSE",9900,30,1,15,9,9,21,"Friday","Sunday","Gadgets","AU","AUD","Aug","Wed"
"FALSE",75000,30,2,13,15,15,20,"Friday","Saturday","Gadgets","US","USD","Sep","Wed"
"FALSE",10000,45,8,16,1,1,1,"Monday","Tuesday","Gadgets","CA","CAD","Apr","Fri"
"FALSE",48000,28,8,11,0,0,3,"Monday","Wednesday","Gadgets","ES","EUR","Jun","Mon"
"FALSE",10000,30,2,18,11,11,9,"Wednesday","Wednesday","Gadgets","US","USD","Jul","Mon"
"FALSE",50000,32,1,13,17,17,19,"Saturday","Tuesday","Gadgets","US","USD","May","Tue"
"FALSE",20000,30,6,18,11,11,10,"Sunday","Thursday","Gadgets","US","USD","Mar","Fri"
"FALSE",10500,45,4,14,18,18,16,"Sunday","Thursday","Gadgets","US","USD","Jun","Thu"
"FALSE",10000,45,4,15,18,18,15,"Friday","Friday","Gadgets","US","USD","Sep","Tue"
"FALSE",6500,30,7,12,12,12,15,"Saturday","Wednesday","Gadgets","US","USD","Jun","Thu"
"FALSE",45000,30,8,16,14,14,11,"Wednesday","Monday","Gadgets","US","USD","Jan","Mon"
"FALSE",55000,30,3,5,0,0,7,"Saturday","Wednesday","Gadgets","US","USD","Apr","Thu"
"FALSE",5000,30,9,13,13,13,23,"Friday","Monday","Gadgets","US","USD","Jan","Wed"
"FALSE",5e+05,30,1,14,21,21,23,"Wednesday","Friday","Gadgets","US","USD","Jun","Mon"
"FALSE",7000,35,1,5,10,10,7,"Thursday","Saturday","Gadgets","CA","CAD","Sep","Thu"
"FALSE",35000,30,2,13,10,10,4,"Wednesday","Monday","Gadgets","GB","GBP","Jul","Mon"
"FALSE",30000,28.6004398148148,5,14,4,19,15,"Thursday","Sunday","Gadgets","US","USD","Aug","Thu"
"FALSE",79900,50,3,7,19,19,19,"Wednesday","Tuesday","Gadgets","US","USD","May","Tue"
"FALSE",22000,24.2291319444444,6,15,16,22,0,"Friday","Tuesday","Gadgets","US","USD","Apr","Tue"
"FALSE",16500,30,7,16,11,11,3,"Wednesday","Friday","Gadgets","GB","GBP","May","Mon"
"FALSE",5000,30,6,15,14,14,14,"Thursday","Saturday","Gadgets","GB","GBP","Sep","Tue"
"FALSE",62000,32.0285648148148,4,11,1,2,7,"Monday","Monday","Gadgets","GB","GBP","Nov","Thu"
"FALSE",15711,34.4374768518519,12,18,6,16,14,"Saturday","Tuesday","Gadgets","US","USD","Feb","Sun"
"FALSE",25000,60,2,8,10,10,16,"Sunday","Friday","Gadgets","US","USD","Dec","Wed"
"FALSE",15000,23.7915625,8,15,18,13,9,"Sunday","Friday","Gadgets","US","USD","Jul","Thu"
"FALSE",25000,30,9,13,3,3,4,"Sunday","Saturday","Gadgets","GB","GBP","Oct","Fri"
"FALSE",9000,60,9,12,14,14,22,"Sunday","Tuesday","Gadgets","US","USD","Apr","Wed"
"FALSE",43500,30.6049768518519,6,17,9,23,8,"Wednesday","Saturday","Gadgets","US","USD","Oct","Mon"
"FALSE",20000,35,5,16,8,8,6,"Wednesday","Tuesday","Gadgets","AT","EUR","Dec","Wed"
"FALSE",80000,30,8,14,9,9,1,"Friday","Thursday","Gadgets","HK","HKD","Sep","Wed"
"FALSE",35000,60,8,15,13,13,19,"Friday","Wednesday","Gadgets","US","USD","Aug","Mon"
"FALSE",30000,30,7,17,18,18,10,"Wednesday","Wednesday","Gadgets","US","USD","Oct","Mon"
"FALSE",30000,30,2,16,11,11,16,"Tuesday","Tuesday","Gadgets","US","USD","Sep","Sun"
"FALSE",5000,20,2,4,10,10,23,"Monday","Monday","Gadgets","FR","EUR","Nov","Tue"
"FALSE",3000,30,7,10,5,5,8,"Saturday","Tuesday","Gadgets","DE","EUR","Jun","Thu"
"FALSE",5000,30,5,14,11,11,8,"Wednesday","Thursday","Gadgets","US","USD","Nov","Mon"
"FALSE",3000,30,9,20,12,12,15,"Saturday","Tuesday","Gadgets","ES","EUR","Dec","Thu"
"FALSE",74000,30,2,7,7,7,13,"Wednesday","Sunday","Gadgets","US","USD","Aug","Mon"
"FALSE",8000,30,5,16,0,0,0,"Sunday","Monday","Gadgets","US","USD","Feb","Fri"
"FALSE",8000,30,4,6,10,10,10,"Thursday","Saturday","Gadgets","US","USD","Oct","Tue"
"FALSE",20000,25.7770717592593,3,1,17,12,12,"Monday","Saturday","Gadgets","US","USD","Apr","Wed"
"FALSE",80000,30,10,14,15,15,22,"Thursday","Tuesday","Gadgets","US","USD","Dec","Tue"
"FALSE",25000,26.9886689814815,4,15,15,15,18,"Tuesday","Tuesday","Gadgets","US","USD","Sep","Wed"
"FALSE",1e+06,60,6,15,22,22,15,"Friday","Friday","Gadgets","US","USD","Dec","Mon"
"FALSE",10000,45,9,19,9,9,16,"Friday","Thursday","Gadgets","US","USD","Nov","Tue"
"FALSE",2e+05,30,9,16,7,7,9,"Thursday","Friday","Gadgets","GB","GBP","Mar","Tue"
"FALSE",20000,30,5,14,18,18,13,"Wednesday","Friday","Gadgets","US","USD","Mar","Mon"
"FALSE",50000,31,7,17,10,10,7,"Thursday","Tuesday","Gadgets","US","USD","Sep","Mon"
"FALSE",2000,30,6,8,11,11,14,"Monday","Wednesday","Gadgets","US","USD","Sep","Sat"
"FALSE",2000,31,8,15,3,3,15,"Thursday","Wednesday","Gadgets","GB","GBP","Aug","Mon"
"FALSE",50000,31,8,13,6,6,14,"Thursday","Wednesday","Gadgets","US","USD","Oct","Mon"
"FALSE",55000,60,9,8,10,10,8,"Sunday","Sunday","Gadgets","US","USD","Oct","Wed"
"FALSE",20001,31,7,14,21,21,21,"Wednesday","Wednesday","Gadgets","US","USD","Aug","Sun"
"FALSE",30000,45,6,11,20,20,15,"Sunday","Tuesday","Gadgets","US","USD","Dec","Thu"
"FALSE",1e+05,30,8,14,15,15,15,"Sunday","Wednesday","Gadgets","US","USD","May","Fri"
"FALSE",25000,30,7,17,19,19,22,"Wednesday","Wednesday","Gadgets","US","USD","Apr","Mon"
"FALSE",75000,30,6,14,9,9,0,"Sunday","Wednesday","Gadgets","US","USD","Sep","Fri"
"FALSE",10000,30,1,8,16,16,10,"Friday","Thursday","Gadgets","US","USD","Apr","Wed"
"FALSE",11000,30,2,14,15,15,0,"Thursday","Thursday","Gadgets","US","USD","Mar","Tue"
"FALSE",50,30,6,12,10,10,21,"Friday","Sunday","Gadgets","US","USD","Jul","Wed"
"FALSE",1e+05,31,8,14,10,10,10,"Friday","Saturday","Gadgets","US","USD","Nov","Tue"
"FALSE",35000,37.3327314814815,5,12,7,15,11,"Thursday","Saturday","Gadgets","US","USD","Nov","Tue"
"FALSE",3500,30,8,13,12,12,0,"Wednesday","Saturday","Gadgets","GB","GBP","Aug","Mon"
"FALSE",30000,30,5,12,13,13,18,"Wednesday","Saturday","Gadgets","CA","CAD","Aug","Mon"
"FALSE",10000,30,5,14,21,21,6,"Saturday","Friday","Gadgets","AU","AUD","Dec","Thu"
"FALSE",7000,35,3,11,10,10,10,"Friday","Tuesday","Gadgets","GB","GBP","Apr","Fri"
"FALSE",10000,45,3,16,15,15,14,"Sunday","Wednesday","Gadgets","US","USD","Oct","Thu"
"FALSE",7500,30,5,11,15,15,16,"Saturday","Wednesday","Gadgets","US","USD","Aug","Thu"
"FALSE",20000,27,9,15,10,10,11,"Thursday","Sunday","Gadgets","US","USD","Feb","Fri"
"FALSE",125000,30,6,16,15,15,12,"Saturday","Sunday","Gadgets","US","USD","Nov","Thu"
"FALSE",25000,30,5,11,16,16,21,"Saturday","Friday","Gadgets","US","USD","Feb","Thu"
"FALSE",30000,30,6,17,13,13,16,"Wednesday","Friday","Gadgets","US","USD","Mar","Mon"
"FALSE",25000,45,8,13,10,10,6,"Sunday","Wednesday","Gadgets","US","USD","Apr","Thu"
"FALSE",1e+05,30,6,12,11,11,14,"Wednesday","Monday","Gadgets","US","USD","Nov","Mon"
"FALSE",19900,60,6,14,10,10,10,"Sunday","Wednesday","Gadgets","GB","GBP","Dec","Wed"
"FALSE",30000,60,4,12,9,9,23,"Sunday","Thursday","Gadgets","NL","EUR","Sep","Wed"
"FALSE",5000,30,6,16,15,15,17,"Friday","Friday","Gadgets","CA","CAD","Nov","Wed"
"FALSE",30000,30,3,14,22,22,20,"Wednesday","Saturday","Gadgets","US","USD","Mar","Mon"
"FALSE",35000,30,5,12,12,12,8,"Wednesday","Tuesday","Gadgets","US","USD","Nov","Mon"
"FALSE",15000,30,6,14,12,12,9,"Wednesday","Saturday","Gadgets","GB","GBP","Sep","Mon"
"FALSE",49500,30,7,14,15,15,11,"Thursday","Thursday","Gadgets","US","USD","Jun","Tue"
"FALSE",8e+05,30,7,15,3,3,5,"Thursday","Sunday","Gadgets","NO","NOK","Dec","Tue"
"FALSE",50000,36,4,17,8,8,9,"Sunday","Saturday","Gadgets","GB","GBP","Dec","Sat"
"FALSE",50000,30,4,16,1,1,1,"Wednesday","Monday","Gadgets","US","USD","Jul","Mon"
"FALSE",10000,30,7,9,10,10,17,"Wednesday","Thursday","Gadgets","GB","GBP","Apr","Mon"
"FALSE",7000,30,5,15,13,13,10,"Wednesday","Wednesday","Gadgets","US","USD","Jan","Mon"
"FALSE",30000,31.3226388888889,4,11,13,21,19,"Friday","Sunday","Gadgets","US","USD","Aug","Tue"
"FALSE",80000,30,1,9,4,4,15,"Sunday","Wednesday","Gadgets","NZ","NZD","Mar","Fri"
"FALSE",25000,30,1,11,14,14,3,"Sunday","Friday","Gadgets","GB","GBP","Nov","Fri"
"FALSE",20000,30,4,13,16,16,17,"Saturday","Sunday","Gadgets","US","USD","Nov","Thu"
"FALSE",50000,43.9976736111111,10,14,22,22,22,"Friday","Friday","Gadgets","US","USD","Mar","Wed"
"FALSE",75000,35,8,17,13,13,15,"Thursday","Wednesday","Gadgets","US","USD","Apr","Thu"
"FALSE",1e+05,60,7,18,13,13,23,"Friday","Friday","Gadgets","US","USD","Nov","Mon"
"FALSE",10000,30,5,15,23,23,21,"Sunday","Thursday","Gadgets","US","USD","May","Fri"
"FALSE",9000,25,7,13,9,9,12,"Saturday","Sunday","Gadgets","US","USD","Nov","Tue"
"FALSE",25000,45,9,14,11,11,22,"Sunday","Tuesday","Gadgets","US","USD","Aug","Thu"
"FALSE",47000,38.6400925925926,8,16,22,13,13,"Saturday","Thursday","Gadgets","NL","EUR","Sep","Tue"
"FALSE",12500,45,2,11,16,16,5,"Friday","Wednesday","Gadgets","GB","GBP","Sep","Tue"
"FALSE",50000,30,7,22,8,8,19,"Saturday","Sunday","Gadgets","ES","EUR","Aug","Thu"
"FALSE",20000,60,1,17,16,16,16,"Monday","Sunday","Gadgets","US","USD","Feb","Thu"
"FALSE",50000,60,3,14,16,16,19,"Monday","Thursday","Gadgets","US","USD","Oct","Thu"
"FALSE",30000,30,2,7,14,14,16,"Wednesday","Thursday","Gadgets","US","USD","Nov","Mon"
"FALSE",26000,33.1616203703704,8,14,14,18,20,"Sunday","Thursday","Gadgets","US","USD","Mar","Tue"
"FALSE",50000,35,8,16,17,17,15,"Wednesday","Monday","Gadgets","CA","CAD","Mar","Wed"
"FALSE",20000,60,3,14,15,15,17,"Friday","Wednesday","Gadgets","US","USD","Sep","Mon"
"FALSE",50000,40,6,12,14,14,22,"Saturday","Friday","Gadgets","CA","CAD","Jan","Mon"
"FALSE",30000,60,3,17,12,12,1,"Monday","Wednesday","Gadgets","US","USD","Jun","Thu"
"FALSE",500,30,4,13,11,11,17,"Friday","Sunday","Gadgets","US","USD","Apr","Wed"
"FALSE",11500,35,5,11,3,3,14,"Thursday","Wednesday","Gadgets","IT","EUR","Sep","Thu"
"FALSE",10000,30,2,14,6,6,11,"Friday","Friday","Gadgets","US","USD","Aug","Wed"
"FALSE",50000,30,7,12,12,12,6,"Friday","Thursday","Gadgets","US","USD","Aug","Wed"
"FALSE",16000,30.6759606481481,7,15,2,18,5,"Friday","Thursday","Gadgets","IE","EUR","Oct","Wed"
"FALSE",2500,34.7006365740741,1,16,13,6,2,"Friday","Wednesday","Gadgets","US","USD","Mar","Fri"
"FALSE",3000,30,1,11,11,11,17,"Friday","Wednesday","Gadgets","US","USD","Jun","Wed"
"FALSE",1000,30,3,9,18,18,14,"Friday","Saturday","Gadgets","US","USD","Sep","Wed"
"FALSE",10000,45,8,21,11,11,5,"Thursday","Friday","Gadgets","US","USD","Aug","Mon"
"FALSE",44000,18.2758796296296,1,11,11,18,18,"Friday","Friday","Gadgets","US","USD","Nov","Mon"
"FALSE",150,55.9684143518519,3,8,14,13,13,"Thursday","Thursday","Gadgets","CA","CAD","Apr","Thu"
"FALSE",30000,10,6,9,20,20,23,"Monday","Sunday","Gadgets","US","USD","Jan","Fri"
"FALSE",10000,30,6,6,18,18,22,"Wednesday","Thursday","Gadgets","US","USD","Jan","Mon"
"FALSE",75000,36.2427546296296,8,15,12,17,17,"Thursday","Friday","Gadgets","US","USD","Dec","Wed"
"FALSE",1500000,27.2227430555556,7,14,13,19,10,"Monday","Sunday","Gadgets","US","USD","Mar","Tue"
"FALSE",1e+05,45,4,13,14,14,21,"Sunday","Tuesday","Gadgets","US","USD","Sep","Thu"
"FALSE",65000,45,1,14,13,13,12,"Saturday","Saturday","Gadgets","US","USD","Oct","Wed"
"FALSE",50000,39.9778472222222,6,2,23,23,21,"Monday","Saturday","Gadgets","CA","CAD","Nov","Wed"
"FALSE",1000,45,6,13,13,13,11,"Sunday","Tuesday","Gadgets","US","USD","Jul","Thu"
"FALSE",30000,30,3,14,15,15,15,"Monday","Sunday","Gadgets","US","USD","Apr","Sat"
"FALSE",130000,60,4,15,14,14,9,"Sunday","Thursday","Gadgets","US","USD","Mar","Wed"
"FALSE",55000,30,6,16,14,14,9,"Wednesday","Sunday","Gadgets","US","USD","Nov","Mon"
"FALSE",6000,30,5,14,19,19,14,"Wednesday","Monday","Gadgets","US","USD","Feb","Mon"
"FALSE",5000,30,1,13,14,14,2,"Sunday","Friday","Gadgets","US","USD","Nov","Fri"
"FALSE",5000,30,9,9,5,5,4,"Friday","Wednesday","Gadgets","US","USD","Oct","Wed"
"FALSE",35000,30,8,18,17,17,14,"Friday","Saturday","Gadgets","US","USD","Nov","Wed"
"FALSE",550000,45,7,10,9,9,22,"Friday","Sunday","Gadgets","HK","HKD","Oct","Tue"
"FALSE",1e+05,60,4,10,7,7,3,"Monday","Saturday","Gadgets","IT","EUR","Jun","Thu"
"FALSE",50000,30,5,16,23,23,13,"Wednesday","Tuesday","Gadgets","US","USD","Jun","Mon"
"FALSE",5000,30,5,7,17,17,4,"Thursday","Wednesday","Gadgets","ES","EUR","Jun","Tue"
"FALSE",10000,40,9,20,23,23,9,"Sunday","Saturday","Gadgets","US","USD","Oct","Tue"
"FALSE",80000,45.0826041666667,9,14,22,0,22,"Friday","Thursday","Gadgets","CA","CAD","Nov","Mon"
"FALSE",20000,45,3,15,15,15,20,"Tuesday","Tuesday","Gadgets","US","USD","Feb","Sat"
"FALSE",9000,45,2,14,10,10,15,"Thursday","Monday","Gadgets","ES","EUR","Apr","Mon"
"FALSE",3300000,7,3,13,16,16,20,"Wednesday","Sunday","Gadgets","US","USD","Jul","Wed"
"FALSE",1e+05,26.3127083333333,8,11,0,7,7,"Monday","Friday","Gadgets","US","USD","Jul","Wed"
"FALSE",50000,32,8,13,20,20,10,"Sunday","Sunday","Gadgets","CA","CAD","Jun","Wed"
"FALSE",50000,58.9638078703704,2,16,14,14,19,"Sunday","Monday","Gadgets","US","USD","Sep","Thu"
"FALSE",75000,60,3,13,14,14,21,"Sunday","Friday","Gadgets","US","USD","Nov","Wed"
"FALSE",20000,30,3,17,3,3,8,"Wednesday","Tuesday","Gadgets","AU","AUD","Sep","Mon"
"FALSE",50000,60,5,14,7,7,17,"Sunday","Monday","Gadgets","US","USD","May","Wed"
"FALSE",75000,30,2,5,14,14,20,"Friday","Saturday","Gadgets","US","USD","May","Wed"
"FALSE",185000,30,8,14,10,10,3,"Wednesday","Friday","Gadgets","DE","EUR","Aug","Mon"
"FALSE",50000,30,7,18,7,7,11,"Friday","Friday","Gadgets","US","USD","Aug","Wed"
"FALSE",1e+05,31,8,13,10,10,12,"Saturday","Friday","Gadgets","US","USD","Nov","Wed"
"FALSE",2500,30,7,14,17,17,14,"Monday","Thursday","Gadgets","US","USD","Feb","Sat"
"FALSE",5000,30,8,13,13,13,16,"Friday","Wednesday","Gadgets","US","USD","Aug","Wed"
"FALSE",40000,60,5,4,12,12,14,"Saturday","Wednesday","Gadgets","US","USD","Dec","Tue"
"FALSE",2500,30,6,13,7,7,8,"Sunday","Sunday","Gadgets","US","USD","Feb","Fri"
"FALSE",60000,60,3,17,14,14,15,"Saturday","Friday","Gadgets","US","USD","Nov","Tue"
"FALSE",7500,45,4,15,6,6,14,"Monday","Wednesday","Gadgets","GB","GBP","Sep","Fri"
"FALSE",60000,40,11,16,2,2,15,"Monday","Wednesday","Gadgets","IT","EUR","Sep","Wed"
"FALSE",12000,30,4,9,16,16,12,"Saturday","Sunday","Gadgets","US","USD","Aug","Thu"
"FALSE",50000,30,7,15,15,15,0,"Wednesday","Wednesday","Gadgets","US","USD","Dec","Mon"
"FALSE",18900,40,7,24,23,23,17,"Saturday","Tuesday","Gadgets","ES","EUR","Jun","Mon"
"FALSE",20000,30,1,11,12,12,1,"Monday","Monday","Gadgets","US","USD","Jul","Sat"
"FALSE",60000,32.025,2,16,12,13,19,"Wednesday","Saturday","Gadgets","US","USD","Jan","Sat"
"FALSE",10000,30,3,9,11,11,18,"Friday","Monday","Gadgets","US","USD","Jul","Wed"
"FALSE",18000,30,10,12,15,15,14,"Thursday","Thursday","Gadgets","US","USD","Mar","Tue"
"FALSE",5000,45,4,10,15,15,14,"Friday","Tuesday","Gadgets","US","USD","Oct","Tue"
"FALSE",15000,30,4,7,16,16,2,"Wednesday","Wednesday","Gadgets","US","USD","May","Mon"
"FALSE",85000,30,2,6,0,0,12,"Saturday","Tuesday","Gadgets","US","USD","Jan","Thu"
"FALSE",28700,30,7,13,21,21,18,"Tuesday","Thursday","Gadgets","US","USD","Aug","Sun"
"FALSE",3000,39,8,4,12,12,20,"Saturday","Tuesday","Gadgets","US","USD","Jul","Tue"
"FALSE",35000,60,7,16,12,12,21,"Tuesday","Tuesday","Gadgets","US","USD","Mar","Fri"
"FALSE",11000,45,10,13,2,2,19,"Friday","Thursday","Gadgets","US","USD","Oct","Tue"
"FALSE",25000,30,8,14,11,11,15,"Thursday","Wednesday","Gadgets","GB","GBP","Feb","Tue"
"FALSE",186700,30,3,8,10,10,15,"Saturday","Monday","Gadgets","US","USD","Apr","Thu"
"FALSE",25000,20,7,14,3,3,7,"Monday","Tuesday","Gadgets","GB","GBP","Mar","Tue"
"FALSE",50000,30,1,13,10,10,16,"Thursday","Sunday","Gadgets","US","USD","Nov","Tue"
"FALSE",30000,30,4,14,13,13,16,"Wednesday","Friday","Gadgets","US","USD","Dec","Mon"
"FALSE",7000,30,2,9,14,14,15,"Sunday","Tuesday","Gadgets","US","USD","Jan","Fri"
"FALSE",20000,30,7,14,9,9,1,"Thursday","Saturday","Gadgets","US","USD","Sep","Tue"
"FALSE",50000,30,1,15,2,2,1,"Sunday","Thursday","Gadgets","US","USD","Dec","Fri"
"FALSE",25000,30,6,15,1,1,22,"Sunday","Saturday","Gadgets","US","USD","Sep","Fri"
"FALSE",1000,15,1,14,11,11,16,"Saturday","Thursday","Gadgets","CA","CAD","Oct","Fri"
"FALSE",35000,30,8,13,11,11,3,"Thursday","Wednesday","Gadgets","US","USD","Oct","Tue"
"FALSE",16000,60,3,7,8,8,19,"Tuesday","Thursday","Gadgets","US","USD","Sep","Fri"
"FALSE",50000,30,3,15,6,6,2,"Tuesday","Tuesday","Gadgets","AU","AUD","Aug","Sun"
"FALSE",125000,45,1,14,13,13,11,"Friday","Thursday","Gadgets","US","USD","Jul","Tue"
"FALSE",35000,30,6,12,17,17,12,"Friday","Monday","Gadgets","US","USD","Jun","Wed"
"FALSE",75000,60,7,11,19,19,20,"Monday","Tuesday","Gadgets","US","USD","May","Thu"
"FALSE",30000,30,1,17,23,23,1,"Saturday","Sunday","Gadgets","AT","EUR","Nov","Thu"
"FALSE",25000,30,5,16,17,17,14,"Friday","Thursday","Gadgets","US","USD","Nov","Wed"
"FALSE",250,30,7,12,13,13,13,"Wednesday","Thursday","Gadgets","GB","GBP","Oct","Mon"
"FALSE",43725,60,5,15,9,9,8,"Tuesday","Thursday","Gadgets","US","USD","Mar","Fri"
"FALSE",30000,31,6,15,8,8,2,"Saturday","Monday","Gadgets","US","USD","Jun","Wed"
"FALSE",20000,30,2,6,19,19,23,"Wednesday","Friday","Gadgets","US","USD","Jul","Mon"
"FALSE",125000,60,2,13,16,16,8,"Saturday","Monday","Gadgets","US","USD","Jan","Tue"
"FALSE",5000,60,2,15,7,7,21,"Saturday","Thursday","Gadgets","US","USD","Jul","Tue"
"FALSE",5000,14,5,13,16,16,11,"Wednesday","Thursday","Gadgets","US","USD","Jul","Wed"
"FALSE",50000,23.1340277777778,6,11,13,17,20,"Sunday","Tuesday","Gadgets","US","USD","Jan","Fri"
"FALSE",15000,30,3,12,6,6,16,"Monday","Thursday","Gadgets","DE","EUR","Jun","Sat"
"FALSE",12000,48.0625231481481,6,8,11,12,12,"Monday","Wednesday","Gadgets","US","USD","Nov","Tue"
"FALSE",1e+05,30,2,7,14,14,12,"Wednesday","Monday","Gadgets","US","USD","Jan","Mon"
"FALSE",5e+05,45,7,20,7,7,4,"Wednesday","Wednesday","Gadgets","US","USD","Sep","Sun"
"FALSE",12000,30,4,5,23,23,16,"Tuesday","Sunday","Gadgets","US","USD","Jan","Sun"
"FALSE",10000,30,3,16,12,12,22,"Wednesday","Thursday","Gadgets","US","USD","Jul","Mon"
"FALSE",16000,30,1,12,13,13,14,"Saturday","Wednesday","Gadgets","US","USD","Jul","Thu"
"FALSE",20000,30,6,9,4,4,1,"Thursday","Tuesday","Gadgets","US","USD","Oct","Tue"
"FALSE",25000,30,2,13,15,15,6,"Thursday","Friday","Gadgets","AU","AUD","Jan","Tue"
"FALSE",20000,30,1,13,21,21,23,"Sunday","Friday","Gadgets","US","USD","Feb","Fri"
"FALSE",3450,30,2,15,12,12,14,"Friday","Sunday","Gadgets","GB","GBP","Aug","Wed"
"FALSE",15000,30,3,13,12,12,14,"Friday","Saturday","Gadgets","DK","DKK","Dec","Wed"
"FALSE",2e+05,60,3,1,17,17,15,"Friday","Saturday","Gadgets","US","USD","Apr","Mon"
"FALSE",180000,60,5,13,20,20,20,"Wednesday","Tuesday","Gadgets","US","USD","Aug","Sat"
"FALSE",60000,45,7,16,0,0,21,"Sunday","Wednesday","Gadgets","CA","CAD","Sep","Thu"
"FALSE",20000,30,5,13,9,9,21,"Thursday","Wednesday","Gadgets","US","USD","Mar","Tue"
"FALSE",15000,35,3,16,3,3,2,"Wednesday","Saturday","Gadgets","US","USD","Feb","Wed"
"FALSE",7000,30,5,15,13,13,0,"Thursday","Monday","Gadgets","US","USD","Jul","Tue"
"FALSE",15000,40,6,14,17,17,8,"Tuesday","Saturday","Gadgets","US","USD","Nov","Thu"
"FALSE",15000,33,7,18,1,1,11,"Monday","Thursday","Gadgets","US","USD","Jul","Wed"
"FALSE",175000,30,2,11,21,21,23,"Wednesday","Wednesday","Gadgets","US","USD","Sep","Mon"
"FALSE",270000,58.0496527777778,10,17,23,0,0,"Thursday","Tuesday","Gadgets","AU","AUD","Jul","Mon"
"FALSE",50000,30,1,11,12,12,8,"Sunday","Saturday","Gadgets","IT","EUR","Oct","Fri"
"FALSE",5000,30,8,17,11,11,12,"Wednesday","Saturday","Gadgets","US","USD","Mar","Mon"
"FALSE",250000,60,8,14,3,3,13,"Thursday","Wednesday","Gadgets","US","USD","Jun","Sun"
"FALSE",12500,55.3558333333333,5,13,2,11,7,"Thursday","Wednesday","Gadgets","NL","EUR","Sep","Fri"
"FALSE",40000,40,5,13,9,9,6,"Saturday","Tuesday","Gadgets","NL","EUR","Mar","Mon"
"FALSE",4000,7,7,17,16,16,16,"Wednesday","Tuesday","Gadgets","US","USD","Sep","Wed"
"FALSE",45000,30,7,16,23,23,20,"Tuesday","Saturday","Gadgets","US","USD","Jan","Sun"
"FALSE",5000,30,1,15,17,17,13,"Thursday","Tuesday","Gadgets","US","USD","Jan","Tue"
"FALSE",2e+05,30,4,15,12,12,23,"Sunday","Wednesday","Gadgets","US","USD","Mar","Fri"
"FALSE",12350,30,3,9,11,11,15,"Friday","Tuesday","Gadgets","US","USD","Nov","Wed"
"FALSE",25000,30,1,13,21,21,13,"Saturday","Friday","Gadgets","US","USD","Nov","Thu"
"FALSE",6500,30,1,14,14,14,11,"Sunday","Monday","Gadgets","US","USD","May","Fri"
"FALSE",75000,37,6,8,17,17,17,"Saturday","Wednesday","Gadgets","US","USD","Oct","Thu"
"FALSE",3500,60,7,9,13,13,10,"Saturday","Monday","Gadgets","GB","GBP","Aug","Tue"
"FALSE",1e+05,26.6127083333333,1,14,18,9,9,"Thursday","Tuesday","Gadgets","US","USD","May","Fri"
"FALSE",160000,60,3,14,14,14,8,"Saturday","Tuesday","Gadgets","DK","DKK","Sep","Tue"
"FALSE",500,20,6,14,23,23,17,"Tuesday","Tuesday","Gadgets","US","USD","Apr","Wed"
"FALSE",1000,30,7,8,14,14,20,"Wednesday","Friday","Gadgets","US","USD","Jun","Mon"
"FALSE",167000,53,3,14,22,22,22,"Sunday","Monday","Gadgets","US","USD","Sep","Wed"
"FALSE",15000,35,10,15,19,19,12,"Monday","Monday","Gadgets","US","USD","Oct","Mon"
"FALSE",25000,31,8,9,11,11,11,"Friday","Monday","Gadgets","US","USD","Jan","Tue"
"FALSE",9500,30,5,14,17,17,15,"Friday","Tuesday","Gadgets","US","USD","Jan","Wed"
"FALSE",1e+07,60,5,16,19,19,19,"Monday","Sunday","Gadgets","US","USD","May","Thu"
"FALSE",5000,30,6,8,17,17,12,"Wednesday","Monday","Gadgets","US","USD","Mar","Mon"
"FALSE",29999,30,5,12,3,3,2,"Monday","Saturday","Gadgets","US","USD","Jun","Sat"
"FALSE",1e+05,31.3065277777778,4,8,12,19,19,"Sunday","Sunday","Gadgets","US","USD","Apr","Thu"
"FALSE",1e+05,30,6,14,17,17,0,"Wednesday","Wednesday","Gadgets","US","USD","Dec","Mon"
"FALSE",8700,48.1711921296296,8,15,17,21,21,"Tuesday","Tuesday","Gadgets","US","USD","May","Wed"
"FALSE",50000,35,4,10,3,3,3,"Tuesday","Friday","Gadgets","IT","EUR","Oct","Tue"
"FALSE",50000,30,6,16,3,3,10,"Friday","Tuesday","Gadgets","GB","GBP","Apr","Wed"
"FALSE",10000,30,7,16,17,17,1,"Thursday","Friday","Gadgets","US","USD","Sep","Tue"
"FALSE",30000,30,4,16,16,16,20,"Sunday","Tuesday","Gadgets","US","USD","Jul","Fri"
"FALSE",45000,30,3,13,2,2,23,"Sunday","Thursday","Gadgets","SE","SEK","Jan","Fri"
"FALSE",8000,30,2,10,14,14,10,"Thursday","Monday","Gadgets","CA","CAD","Jul","Tue"
"FALSE",10000,38.5202314814815,5,11,9,21,16,"Wednesday","Saturday","Gadgets","US","USD","Oct","Sun"
"FALSE",3000,30,1,13,18,18,19,"Thursday","Friday","Gadgets","CA","CAD","Jan","Tue"
"FALSE",30000,31,4,7,12,12,23,"Friday","Wednesday","Gadgets","US","USD","Sep","Tue"
"FALSE",1500,31.267025462963,3,13,12,19,16,"Thursday","Sunday","Gadgets","CA","CAD","Aug","Mon"
"FALSE",10000,30,7,13,6,6,22,"Thursday","Tuesday","Gadgets","US","USD","Jul","Tue"
"FALSE",10000,60,3,13,9,9,17,"Friday","Sunday","Gadgets","US","USD","Aug","Mon"
"FALSE",90000,30,1,2,23,23,5,"Tuesday","Monday","Gadgets","US","USD","Jul","Sun"
"FALSE",20000,30,3,5,17,17,16,"Wednesday","Tuesday","Gadgets","US","USD","Mar","Mon"
"FALSE",4000,45,7,16,16,16,13,"Sunday","Thursday","Gadgets","US","USD","Feb","Thu"
"FALSE",2500,40,3,12,11,11,5,"Friday","Tuesday","Gadgets","US","USD","Nov","Sun"
"FALSE",35000,24.2061574074074,3,13,14,19,15,"Thursday","Thursday","Gadgets","US","USD","Dec","Mon"
"FALSE",50000,30,3,16,19,19,21,"Saturday","Wednesday","Gadgets","CA","CAD","Dec","Thu"
"FALSE",50000,60,10,11,23,23,18,"Friday","Sunday","Gadgets","US","USD","Dec","Mon"
"FALSE",1e+05,30,6,13,12,12,16,"Wednesday","Saturday","Gadgets","US","USD","Aug","Mon"
"FALSE",60000,45.5090856481482,7,12,10,22,14,"Saturday","Monday","Gadgets","US","USD","Jul","Wed"
"FALSE",20000,30,8,10,23,23,20,"Saturday","Wednesday","Gadgets","US","USD","Nov","Thu"
"FALSE",50000,60,3,16,1,1,7,"Monday","Wednesday","Gadgets","DK","DKK","Aug","Thu"
"FALSE",1000,37.3921064814815,8,13,16,2,17,"Friday","Sunday","Gadgets","CA","CAD","Mar","Tue"
"FALSE",10000,30,2,19,8,8,7,"Saturday","Monday","Gadgets","US","USD","Jun","Thu"
"FALSE",10000,30.0657060185185,8,28,13,15,20,"Wednesday","Friday","Gadgets","DE","EUR","Nov","Mon"
"FALSE",12000,28,6,14,1,1,6,"Saturday","Tuesday","Gadgets","GB","GBP","Sep","Sat"
"FALSE",20000,29.6541782407407,3,12,18,10,0,"Sunday","Friday","Gadgets","CA","CAD","Apr","Fri"
"FALSE",38385,48.1705671296296,9,15,19,23,19,"Sunday","Friday","Gadgets","US","USD","Oct","Mon"
"FALSE",10000,30,5,14,9,9,19,"Friday","Sunday","Gadgets","US","USD","Feb","Wed"
"FALSE",4e+05,59.8657986111111,1,11,15,12,10,"Thursday","Wednesday","Gadgets","US","USD","Apr","Sun"
"FALSE",1000,30,1,12,17,17,9,"Friday","Tuesday","Gadgets","US","USD","Apr","Wed"
"FALSE",8500,30,9,18,10,10,16,"Sunday","Tuesday","Gadgets","US","USD","Sep","Fri"
"FALSE",10000,60,7,15,10,10,17,"Wednesday","Saturday","Gadgets","US","USD","Nov","Sat"
"FALSE",17000,30,1,12,21,21,19,"Thursday","Wednesday","Gadgets","US","USD","Nov","Tue"
"FALSE",50000,45,6,19,10,10,18,"Sunday","Thursday","Gadgets","US","USD","Jul","Thu"
"FALSE",25000,30,9,16,7,7,16,"Friday","Tuesday","Gadgets","US","USD","Apr","Wed"
"FALSE",55250,30,2,8,16,16,16,"Sunday","Sunday","Gadgets","US","USD","Feb","Fri"
"FALSE",26000,30,5,16,10,10,9,"Wednesday","Friday","Gadgets","US","USD","Aug","Mon"
"FALSE",500,44.9772569444444,4,2,21,20,18,"Tuesday","Thursday","Gadgets","US","USD","Jan","Sat"
"FALSE",2e+05,59.2501851851852,6,14,12,18,18,"Thursday","Tuesday","Gadgets","US","USD","Aug","Mon"
"FALSE",25000,44.042337962963,4,14,15,16,15,"Saturday","Monday","Gadgets","US","USD","Mar","Thu"
"FALSE",250000,30,3,11,11,11,10,"Thursday","Monday","Gadgets","US","USD","Dec","Tue"
"FALSE",35000,30,8,18,21,21,12,"Saturday","Monday","Gadgets","US","USD","Jul","Thu"
"FALSE",40000,30,2,10,9,9,7,"Wednesday","Friday","Gadgets","IT","EUR","Dec","Mon"
"FALSE",150000,30,6,16,14,14,16,"Sunday","Monday","Gadgets","US","USD","Jul","Fri"
"FALSE",3000,30,1,21,11,11,14,"Sunday","Thursday","Gadgets","IT","EUR","Jun","Fri"
"FALSE",7000,60,8,12,10,10,9,"Monday","Wednesday","Gadgets","US","USD","Jul","Thu"
"FALSE",3000,30,7,15,10,10,16,"Friday","Tuesday","Gadgets","US","USD","May","Wed"
"FALSE",9e+05,30,3,14,8,8,16,"Thursday","Tuesday","Gadgets","CA","CAD","Apr","Tue"
"FALSE",25000,32.9103935185185,7,5,12,9,9,"Saturday","Monday","Gadgets","US","USD","Aug","Mon"
"FALSE",25000,30,2,7,18,18,17,"Thursday","Tuesday","Gadgets","US","USD","Feb","Tue"
"FALSE",80000,55,6,12,16,16,10,"Monday","Tuesday","Gadgets","US","USD","Dec","Tue"
"FALSE",10000,60,8,11,17,17,14,"Monday","Friday","Gadgets","US","USD","Jun","Thu"
"FALSE",5000,30,7,16,23,23,9,"Wednesday","Sunday","Gadgets","AU","AUD","Mar","Mon"
"FALSE",250000,60,8,13,17,17,17,"Saturday","Monday","Gadgets","CA","CAD","Oct","Tue"
"FALSE",2500,30,3,3,17,17,12,"Wednesday","Monday","Gadgets","GB","GBP","Aug","Mon"
"FALSE",1e+05,30,3,19,12,12,2,"Wednesday","Saturday","Gadgets","US","USD","Aug","Mon"
"FALSE",8000,30,2,15,16,16,8,"Wednesday","Monday","Gadgets","US","USD","Mar","Mon"
"FALSE",5000,30,8,14,23,23,13,"Thursday","Saturday","Gadgets","US","USD","Sep","Tue"
"FALSE",350000,45,5,10,15,15,12,"Saturday","Monday","Gadgets","US","USD","Sep","Wed"
"FALSE",5000,60,9,17,17,17,16,"Monday","Wednesday","Gadgets","US","USD","Jun","Thu"
"FALSE",5e+05,30,4,12,15,15,20,"Saturday","Friday","Gadgets","US","USD","Apr","Thu"
"FALSE",5000,30,7,11,9,9,9,"Wednesday","Monday","Gadgets","GB","GBP","Oct","Mon"
"FALSE",50000,22.7655902777778,9,25,19,14,14,"Monday","Saturday","Gadgets","FR","EUR","Aug","Sat"
"FALSE",30000,30,7,12,17,17,2,"Thursday","Sunday","Gadgets","HK","HKD","Oct","Tue"
"FALSE",250000,45,5,5,22,22,8,"Saturday","Monday","Gadgets","US","USD","Jul","Wed"
"FALSE",30000,46,9,14,11,11,21,"Friday","Thursday","Gadgets","US","USD","Sep","Mon"
"FALSE",5000,60,4,15,16,16,12,"Sunday","Sunday","Gadgets","FR","EUR","Aug","Wed"
"FALSE",60000,60,8,14,17,17,8,"Monday","Wednesday","Gadgets","US","USD","May","Thu"
"FALSE",5000,30,7,9,11,11,5,"Saturday","Wednesday","Gadgets","US","USD","Oct","Thu"
"FALSE",3400,50,5,13,11,11,11,"Wednesday","Friday","Gadgets","GB","GBP","Dec","Tue"
"FALSE",150000,60,1,14,11,11,2,"Saturday","Tuesday","Gadgets","US","USD","Oct","Tue"
"FALSE",1e+05,60,5,15,13,13,14,"Monday","Friday","Gadgets","US","USD","Jul","Thu"
"FALSE",50000,4.79797453703704,2,22,9,5,5,"Thursday","Friday","Gadgets","DE","EUR","Jul","Sat"
"FALSE",16000,30,1,15,11,11,11,"Sunday","Friday","Gadgets","US","USD","Sep","Fri"
"FALSE",10000,45,10,16,14,14,14,"Sunday","Wednesday","Gadgets","US","USD","Jun","Thu"
"FALSE",1e+05,30,4,18,9,9,13,"Wednesday","Friday","Gadgets","US","USD","Sep","Mon"
"FALSE",10000,15,2,7,12,12,21,"Wednesday","Saturday","Gadgets","US","USD","Jul","Tue"
"FALSE",25000,30,3,16,1,1,10,"Saturday","Sunday","Gadgets","GB","GBP","Sep","Thu"
"FALSE",15000,30,9,14,12,12,23,"Friday","Wednesday","Gadgets","US","USD","Jul","Wed"
"FALSE",7500,21.8690046296296,2,16,12,9,9,"Wednesday","Monday","Gadgets","US","USD","Jul","Tue"
"FALSE",25000,30,6,13,9,9,9,"Saturday","Thursday","Gadgets","CA","CAD","Feb","Thu"
"FALSE",50000,60,1,7,22,22,3,"Monday","Sunday","Gadgets","AU","AUD","Sep","Thu"
"FALSE",33000,45.2127777777778,5,16,12,17,17,"Saturday","Monday","Gadgets","US","USD","Sep","Wed"
"FALSE",45000,39.2035416666667,5,14,0,4,11,"Saturday","Friday","Gadgets","NL","EUR","Jul","Tue"
"FALSE",10000,60,4,15,9,9,15,"Saturday","Friday","Gadgets","CA","CAD","Oct","Tue"
"FALSE",9500,30.9978356481481,6,14,23,22,2,"Sunday","Tuesday","Gadgets","US","USD","Oct","Thu"
"FALSE",6500,45,5,13,19,19,11,"Sunday","Thursday","Gadgets","US","USD","Mar","Thu"
"FALSE",50000,30,11,16,13,13,11,"Saturday","Sunday","Gadgets","US","USD","Nov","Thu"
"FALSE",20000,30,4,14,11,11,10,"Thursday","Monday","Gadgets","US","USD","Dec","Tue"
"FALSE",10000,30,7,18,14,14,16,"Friday","Friday","Gadgets","US","USD","Jun","Wed"
"FALSE",6500,30,2,12,11,11,9,"Sunday","Tuesday","Gadgets","US","USD","Dec","Fri"
"FALSE",90000,30,8,15,6,6,20,"Thursday","Friday","Gadgets","US","USD","Sep","Tue"
"FALSE",26500,43.1776041666667,5,11,9,14,8,"Friday","Wednesday","Gadgets","US","USD","Dec","Thu"
"FALSE",25000,30,8,8,13,13,1,"Thursday","Monday","Gadgets","US","USD","Sep","Tue"
"FALSE",1200,20,2,11,14,14,12,"Tuesday","Friday","Gadgets","US","USD","May","Wed"
"FALSE",5000,45,6,11,10,10,11,"Friday","Tuesday","Gadgets","US","USD","May","Tue"
"FALSE",65000,30,1,18,14,14,8,"Wednesday","Wednesday","Gadgets","GB","GBP","Jun","Mon"
"FALSE",1e+05,30,2,15,17,17,15,"Friday","Tuesday","Gadgets","US","USD","Mar","Wed"
"FALSE",1294,59.3159027777778,7,8,14,21,21,"Saturday","Tuesday","Gadgets","US","USD","Jul","Wed"
"FALSE",250000,30,5,14,21,21,22,"Saturday","Monday","Gadgets","US","USD","Sep","Thu"
"FALSE",37500,30,8,13,5,5,9,"Friday","Monday","Gadgets","US","USD","Mar","Wed"
"FALSE",60000,30,2,14,13,13,8,"Wednesday","Wednesday","Gadgets","US","USD","Nov","Mon"
"FALSE",10000,60,6,16,2,2,16,"Tuesday","Wednesday","Gadgets","US","USD","Jul","Fri"
"FALSE",500,30,5,18,14,14,0,"Friday","Tuesday","Gadgets","US","USD","Jun","Wed"
"FALSE",1e+05,36,6,18,1,1,11,"Wednesday","Sunday","Gadgets","GB","GBP","Jun","Tue"
"FALSE",250000,30,2,12,15,15,15,"Sunday","Thursday","Gadgets","US","USD","May","Fri"
"FALSE",10000,30,3,13,18,18,14,"Thursday","Wednesday","Gadgets","US","USD","Jan","Tue"
"FALSE",4950,30,7,12,7,7,15,"Thursday","Tuesday","Gadgets","US","USD","Sep","Tue"
"FALSE",65000,30,2,15,15,15,2,"Thursday","Sunday","Gadgets","GB","GBP","Jan","Tue"
"FALSE",12000,30,9,16,13,13,15,"Thursday","Monday","Gadgets","DE","EUR","May","Tue"
"FALSE",3000,56.2617013888889,2,21,10,17,20,"Friday","Tuesday","Gadgets","FR","EUR","Mar","Fri"
"FALSE",10000,34,7,17,17,17,3,"Tuesday","Monday","Gadgets","AU","AUD","Aug","Wed"
"FALSE",1000,10,2,16,14,14,3,"Sunday","Wednesday","Gadgets","GB","GBP","Sep","Thu"
"FALSE",30000,30,3,11,0,0,23,"Thursday","Monday","Gadgets","AU","AUD","Nov","Tue"
"FALSE",125000,21.1580671296296,4,10,19,22,10,"Sunday","Saturday","Gadgets","US","USD","Mar","Sun"
"FALSE",550000,60,4,4,9,9,6,"Sunday","Wednesday","Gadgets","NO","NOK","Dec","Wed"
"FALSE",7000,60,4,16,19,19,17,"Friday","Sunday","Gadgets","US","USD","Feb","Mon"
"FALSE",120000,30,2,14,19,19,5,"Thursday","Thursday","Gadgets","US","USD","Nov","Tue"
"FALSE",250,30,4,15,17,17,22,"Friday","Tuesday","Gadgets","US","USD","Jun","Wed"
"FALSE",20000,60,8,13,13,13,7,"Friday","Thursday","Gadgets","US","USD","Dec","Mon"
"FALSE",8500,30,5,9,14,14,12,"Sunday","Monday","Gadgets","US","USD","Sep","Fri"
"FALSE",40000,31.4565856481481,10,12,10,21,13,"Friday","Wednesday","Gadgets","US","USD","Aug","Tue"
"FALSE",10000,30,3,13,5,5,12,"Friday","Thursday","Gadgets","DE","EUR","Jul","Wed"
"FALSE",8000,30,2,8,14,14,14,"Thursday","Friday","Gadgets","NL","EUR","Sep","Tue"
"FALSE",25000,60,4,7,9,9,19,"Friday","Wednesday","Gadgets","US","USD","May","Mon"
"FALSE",10000,30,7,14,12,12,19,"Thursday","Sunday","Gadgets","US","USD","Sep","Tue"
"FALSE",10000,36.3508217592593,4,16,15,23,11,"Friday","Tuesday","Gadgets","US","USD","Jun","Thu"
"FALSE",25000,30,4,13,5,5,6,"Thursday","Monday","Gadgets","GB","GBP","Nov","Tue"
"FALSE",10000,20,8,14,15,15,17,"Tuesday","Monday","Gadgets","US","USD","Nov","Wed"
"FALSE",50000,32.9341666666667,4,14,18,16,16,"Wednesday","Friday","Gadgets","ES","EUR","Jul","Fri"
"FALSE",150000,30,3,15,14,14,10,"Wednesday","Friday","Gadgets","US","USD","Dec","Mon"
"FALSE",35000,30,5,14,13,13,10,"Friday","Friday","Gadgets","CA","CAD","Mar","Wed"
"FALSE",1e+05,30,8,11,7,7,11,"Saturday","Thursday","Gadgets","CA","CAD","Jul","Thu"
"FALSE",2000,60,6,6,22,22,22,"Monday","Thursday","Gadgets","US","USD","Mar","Thu"
"FALSE",35000,30,6,15,2,2,6,"Saturday","Sunday","Gadgets","AU","AUD","Oct","Thu"
"FALSE",5000,30,7,15,18,18,1,"Friday","Monday","Gadgets","AU","AUD","Jul","Wed"
"FALSE",10000,30,7,16,15,15,13,"Wednesday","Monday","Gadgets","DE","EUR","May","Mon"
"FALSE",1e+05,60,7,16,8,8,7,"Tuesday","Friday","Gadgets","US","USD","Mar","Fri"
"FALSE",125000,27.0338194444444,5,6,18,19,22,"Sunday","Friday","Gadgets","US","USD","Aug","Mon"
